Date,Close,UpDown,Comp,Change,Open,High,Low,Volume,Amount,MarCap
1990-01-03,100.0,,,,,,,4024570.0,,
1990-01-04,102.0,,,,,,,10004880.0,,
1990-01-05,100.38,,,,,,,10657720.0,,
1990-01-06,100.02,,,,,,,5440870.0,,
1990-01-08,100.51,,,,,,,7805900.0,,
1990-01-09,100.54,,,,,,,8242010.0,,
1990-01-10,99.73,,,,,,,7472340.0,,
1990-01-11,98.77,,,,,,,5902280.0,,
1990-01-12,98.78,,,,,,,5922930.0,,
1990-01-13,97.7,,,,,,,3872260.0,,
1990-01-15,96.49,,,,,,,4446860.0,,
1990-01-16,96.57,,,,,,,5664960.0,,
1990-01-17,95.58,,,,,,,3734650.0,,
1990-01-18,95.62,,,,,,,4779100.0,,
1990-01-19,94.82,,,,,,,4373560.0,,
1990-01-20,95.41,,,,,,,3428450.0,,
1990-01-22,98.3,,,,,,,9546920.0,,
1990-01-23,97.51,,,,,,,9709160.0,,
1990-01-24,98.98,,,,,,,11026760.0,,
1990-01-25,99.12,,,,,,,12167650.0,,
1990-01-29,98.14,,,,,,,5686870.0,,
1990-01-30,97.06,,,,,,,7455160.0,,
1990-01-31,97.83,,,,,,,8877370.0,,
1990-02-01,96.66,,,,,,,5121470.0,,
1990-02-02,95.69,,,,,,,4279210.0,,
1990-02-03,95.39,,,,,,,2898620.0,,
1990-02-05,95.63,,,,,,,3715960.0,,
1990-02-06,96.77,,,,,,,5249700.0,,
1990-02-07,96.04,,,,,,,4842000.0,,
1990-02-08,96.25,,,,,,,5214380.0,,
1990-02-09,95.83,,,,,,,4927210.0,,
1990-02-10,95.17,,,,,,,2331470.0,,
1990-02-12,94.4,,,,,,,3994550.0,,
1990-02-13,94.35,,,,,,,5025100.0,,
1990-02-14,95.0,,,,,,,3826230.0,,
1990-02-15,95.38,,,,,,,5904920.0,,
1990-02-16,95.12,,,,,,,4992610.0,,
1990-02-17,94.47,,,,,,,2769320.0,,
1990-02-19,93.64,,,,,,,4270020.0,,
1990-02-20,93.41,,,,,,,4474240.0,,
1990-02-21,93.08,,,,,,,4375330.0,,
1990-02-22,93.08,,,,,,,4583610.0,,
1990-02-23,92.74,,,,,,,3735080.0,,
1990-02-24,92.14,,,,,,,2765610.0,,
1990-02-26,90.87,,,,,,,4526340.0,,
1990-02-27,93.88,,,,,,,6833500.0,,
1990-02-28,94.06,,,,,,,9297730.0,,
1990-03-02,96.53,,,,,,,12467300.0,,
1990-03-03,96.32,,,,,,,6927530.0,,
1990-03-05,94.6,,,,,,,5951200.0,,
1990-03-06,93.8,,,,,,,6488330.0,,
1990-03-07,92.69,,,,,,,4433130.0,,
1990-03-08,92.77,,,,,,,4864480.0,,
1990-03-09,93.34,,,,,,,4303420.0,,
1990-03-12,93.1,,,,,,,4755350.0,,
1990-03-13,92.1,,,,,,,3479230.0,,
1990-03-14,91.78,,,,,,,3661560.0,,
1990-03-15,91.49,,,,,,,3315240.0,,
1990-03-16,92.29,,,,,,,4689050.0,,
1990-03-17,91.46,,,,,,,3431040.0,,
1990-03-19,92.03,,,,,,,3773920.0,,
1990-03-20,93.31,,,,,,,8227480.0,,
1990-03-21,93.37,,,,,,,9741190.0,,
1990-03-22,92.94,,,,,,,6320000.0,,
1990-03-23,92.38,,,,,,,4984570.0,,
1990-03-24,91.89,,,,,,,6189910.0,,
1990-03-26,91.66,,,,,,,3660090.0,,
1990-03-27,90.93,,,,,,,4595140.0,,
1990-03-28,89.96,,,,,,,4892530.0,,
1990-03-29,90.66,,,,,,,8286600.0,,
1990-03-30,92.64,,,,,,,6983940.0,,
1990-03-31,92.1,,,,,,,6156070.0,,
1990-04-02,91.77,,,,,,,6518100.0,,
1990-04-03,91.59,,,,,,,5946320.0,,
1990-04-04,90.7,,,,,,,7606020.0,,
1990-04-06,90.85,,,,,,,5670750.0,,
1990-04-07,89.51,,,,,,,3149480.0,,
1990-04-09,89.27,,,,,,,4130980.0,,
1990-04-10,88.55,,,,,,,3302230.0,,
1990-04-11,88.79,,,,,,,4162560.0,,
1990-04-12,87.97,,,,,,,3678230.0,,
1990-04-13,87.43,,,,,,,4694100.0,,
1990-04-14,86.22,,,,,,,2637020.0,,
1990-04-16,84.33,,,,,,,4673040.0,,
1990-04-17,86.57,,,,,,,7152030.0,,
1990-04-18,84.95,,,,,,,6634150.0,,
1990-04-19,83.54,,,,,,,4501400.0,,
1990-04-20,83.48,,,,,,,4424130.0,,
1990-04-21,84.92,,,,,,,3816430.0,,
1990-04-23,84.29,,,,,,,2776740.0,,
1990-04-24,83.7,,,,,,,2898190.0,,
1990-04-25,82.2,,,,,,,3147380.0,,
1990-04-26,79.01,,,,,,,4532550.0,,
1990-04-27,81.53,,,,,,,4938850.0,,
1990-04-28,78.41,,,,,,,2615750.0,,
1990-04-30,74.93,,,,,,,3330150.0,,
1990-05-01,78.24,,,,,,,4473030.0,,
1990-05-03,81.77,,,,,,,1777820.0,,
1990-05-04,85.28,,,,,,,12340620.0,,
1990-05-07,86.39,,,,,,,13300240.0,,
1990-05-08,87.03,,,,,,,10418830.0,,
1990-05-09,86.53,,,,,,,7072550.0,,
1990-05-10,84.14,,,,,,,5436190.0,,
1990-05-11,83.08,,,,,,,5643460.0,,
1990-05-12,81.66,,,,,,,3172060.0,,
1990-05-14,80.1,,,,,,,5138200.0,,
1990-05-15,79.15,,,,,,,4845310.0,,
1990-05-16,82.69,,,,,,,4078310.0,,
1990-05-17,84.55,,,,,,,9857400.0,,
1990-05-18,83.83,,,,,,,5624300.0,,
1990-05-19,83.7,,,,,,,3489090.0,,
1990-05-21,84.24,,,,,,,2885410.0,,
1990-05-22,85.87,,,,,,,6880600.0,,
1990-05-23,86.12,,,,,,,5856890.0,,
1990-05-24,85.87,,,,,,,3554420.0,,
1990-05-25,86.43,,,,,,,4611710.0,,
1990-05-26,86.02,,,,,,,2103870.0,,
1990-05-28,85.33,,,,,,,3065700.0,,
1990-05-29,85.97,,,,,,,4535080.0,,
1990-05-30,86.72,,,,,,,6665700.0,,
1990-05-31,87.67,,,,,,,9245430.0,,
1990-06-01,88.39,,,,,,,9835580.0,,
1990-06-02,88.58,,,,,,,5711180.0,,
1990-06-04,89.69,,,,,,,9427270.0,,
1990-06-05,88.9,,,,,,,9340920.0,,
1990-06-07,88.39,,,,,,,5402970.0,,
1990-06-08,88.5,,,,,,,6137350.0,,
1990-06-09,87.93,,,,,,,2751370.0,,
1990-06-11,86.46,,,,,,,3271300.0,,
1990-06-12,86.24,,,,,,,4135390.0,,
1990-06-13,85.71,,,,,,,3802780.0,,
1990-06-14,84.72,,,,,,,3381380.0,,
1990-06-15,84.63,,,,,,,4722460.0,,
1990-06-16,84.97,,,,,,,2520400.0,,
1990-06-18,83.05,,,,,,,3342840.0,,
1990-06-19,82.28,,,,,,,5964350.0,,
1990-06-20,81.39,,,,,,,3463190.0,,
1990-06-21,81.69,,,,,,,3224100.0,,
1990-06-22,82.13,,,,,,,3198480.0,,
1990-06-23,82.15,,,,,,,2066220.0,,
1990-06-25,81.36,,,,,,,2582820.0,,
1990-06-26,81.0,,,,,,,3707750.0,,
1990-06-27,81.39,,,,,,,3273670.0,,
1990-06-28,80.6,,,,,,,4163100.0,,
1990-06-29,79.39,,,,,,,3690530.0,,
1990-06-30,78.05,,,,,,,2834370.0,,
1990-07-02,78.83,,,,,,,3271450.0,,
1990-07-03,82.36,,,,,,,3709710.0,,
1990-07-04,81.22,,,,,,,8630210.0,,
1990-07-05,79.87,,,,,,,4783570.0,,
1990-07-06,79.26,,,,,,,4908560.0,,
1990-07-07,79.05,,,,,,,2227060.0,,
1990-07-09,79.28,,,,,,,2984940.0,,
1990-07-10,79.63,,,,,,,2720710.0,,
1990-07-11,78.85,,,,,,,2772590.0,,
1990-07-12,77.9,,,,,,,4833910.0,,
1990-07-13,76.46,,,,,,,3252950.0,,
1990-07-14,76.49,,,,,,,2576450.0,,
1990-07-16,75.84,,,,,,,2347560.0,,
1990-07-18,77.43,,,,,,,5123560.0,,
1990-07-19,76.88,,,,,,,3929970.0,,
1990-07-20,77.06,,,,,,,2767140.0,,
1990-07-21,76.17,,,,,,,1220730.0,,
1990-07-23,75.57,,,,,,,1839240.0,,
1990-07-24,75.4,,,,,,,2598520.0,,
1990-07-25,76.04,,,,,,,3752450.0,,
1990-07-26,75.03,,,,,,,2097270.0,,
1990-07-27,74.67,,,,,,,2701920.0,,
1990-07-28,75.3,,,,,,,2517070.0,,
1990-07-30,74.68,,,,,,,1153760.0,,
1990-07-31,75.17,,,,,,,2324970.0,,
1990-08-01,76.47,,,,,,,4292100.0,,
1990-08-02,76.13,,,,,,,2560030.0,,
1990-08-03,74.99,,,,,,,3090560.0,,
1990-08-04,74.15,,,,,,,1645600.0,,
1990-08-06,72.95,,,,,,,2516450.0,,
1990-08-07,72.26,,,,,,,4919810.0,,
1990-08-08,71.15,,,,,,,4410460.0,,
1990-08-09,71.42,,,,,,,6890780.0,,
1990-08-10,72.38,,,,,,,4781030.0,,
1990-08-11,72.03,,,,,,,2326830.0,,
1990-08-13,70.89,,,,,,,2572560.0,,
1990-08-14,69.31,,,,,,,3601360.0,,
1990-08-16,68.47,,,,,,,5259040.0,,
1990-08-17,68.36,,,,,,,5271230.0,,
1990-08-18,68.8,,,,,,,2096060.0,,
1990-08-20,68.01,,,,,,,2820900.0,,
1990-08-21,66.84,,,,,,,4940730.0,,
1990-08-22,66.49,,,,,,,5400080.0,,
1990-08-23,66.04,,,,,,,8489530.0,,
1990-08-24,65.08,,,,,,,9026310.0,,
1990-08-25,64.42,,,,,,,3471530.0,,
1990-08-27,67.37,,,,,,,1762840.0,,
1990-08-28,70.47,,,,,,,2135730.0,,
1990-08-29,71.1,,,,,,,11908900.0,,
1990-08-30,68.87,,,,,,,7676960.0,,
1990-08-31,66.76,,,,,,,5573850.0,,
1990-09-01,67.04,,,,,,,3812730.0,,
1990-09-03,69.94,,,,,,,3868010.0,,
1990-09-04,69.6,,,,,,,7563070.0,,
1990-09-05,68.84,,,,,,,4530990.0,,
1990-09-06,67.88,,,,,,,5258020.0,,
1990-09-07,67.6,,,,,,,5048070.0,,
1990-09-08,67.46,,,,,,,2317540.0,,
1990-09-10,67.49,,,,,,,2367120.0,,
1990-09-11,67.55,,,,,,,2672030.0,,
1990-09-12,67.29,,,,,,,2403220.0,,
1990-09-13,67.01,,,,,,,3381890.0,,
1990-09-14,66.49,,,,,,,3993920.0,,
1990-09-15,65.02,,,,,,,2579790.0,,
1990-09-17,62.26,,,,,,,3793770.0,,
1990-09-18,64.86,,,,,,,5471590.0,,
1990-09-19,65.31,,,,,,,8375590.0,,
1990-09-20,64.58,,,,,,,4901100.0,,
1990-09-21,64.62,,,,,,,4308300.0,,
1990-09-22,64.74,,,,,,,2110780.0,,
1990-09-24,65.09,,,,,,,3004180.0,,
1990-09-25,65.7,,,,,,,3639900.0,,
1990-09-26,65.8,,,,,,,3598450.0,,
1990-09-27,65.8,,,,,,,3642440.0,,
1990-09-28,66.31,,,,,,,3294200.0,,
1990-09-29,66.88,,,,,,,2775940.0,,
1990-10-05,69.3,,,,,,,4325150.0,,
1990-10-06,68.51,,,,,,,3366210.0,,
1990-10-08,68.3,,,,,,,4295300.0,,
1990-10-10,68.71,,,,,,,7483530.0,,
1990-10-11,69.21,,,,,,,5267890.0,,
1990-10-12,70.65,,,,,,,5276480.0,,
1990-10-13,69.59,,,,,,,3380550.0,,
1990-10-15,71.68,,,,,,,5474230.0,,
1990-10-16,70.66,,,,,,,8553380.0,,
1990-10-17,72.34,,,,,,,6834330.0,,
1990-10-18,73.67,,,,,,,9442350.0,,
1990-10-19,76.96,,,,,,,13549070.0,,
1990-10-20,78.52,,,,,,,9892060.0,,
1990-10-22,81.06,,,,,,,14371520.0,,
1990-10-23,84.64,,,,,,,8937650.0,,
1990-10-24,88.04,,,,,,,10751290.0,,
1990-10-25,84.65,,,,,,,16099230.0,,
1990-10-26,80.95,,,,,,,10856300.0,,
1990-10-27,80.89,,,,,,,11154870.0,,
1990-10-29,79.58,,,,,,,19240800.0,,
1990-10-30,78.62,,,,,,,12266910.0,,
1990-10-31,76.32,,,,,,,9991070.0,,
1990-11-01,79.38,,,,,,,9671960.0,,
1990-11-02,78.65,,,,,,,15691930.0,,
1990-11-03,78.76,,,,,,,7557360.0,,
1990-11-05,78.4,,,,,,,8698700.0,,
1990-11-06,77.81,,,,,,,7732360.0,,
1990-11-07,79.84,,,,,,,12673500.0,,
1990-11-08,78.3,,,,,,,15004680.0,,
1990-11-09,77.84,,,,,,,8665450.0,,
1990-11-10,77.17,,,,,,,5559240.0,,
1990-11-12,77.59,,,,,,,6550720.0,,
1990-11-13,78.56,,,,,,,9384350.0,,
1990-11-14,77.93,,,,,,,5873210.0,,
1990-11-15,77.49,,,,,,,6765120.0,,
1990-11-16,77.02,,,,,,,5171600.0,,
1990-11-17,76.34,,,,,,,4561860.0,,
1990-11-19,74.88,,,,,,,5592590.0,,
1990-11-20,74.24,,,,,,,5846260.0,,
1990-11-21,74.05,,,,,,,3605200.0,,
1990-11-22,74.92,,,,,,,6573020.0,,
1990-11-23,74.9,,,,,,,3998090.0,,
1990-11-24,74.77,,,,,,,2898920.0,,
1990-11-26,75.02,,,,,,,4047030.0,,
1990-11-27,75.81,,,,,,,5669590.0,,
1990-11-28,77.24,,,,,,,7443990.0,,
1990-11-29,76.37,,,,,,,9924560.0,,
1990-11-30,76.82,,,,,,,5075170.0,,
1990-12-01,78.11,,,,,,,6762900.0,,
1990-12-03,79.16,,,,,,,11116910.0,,
1990-12-04,78.19,,,,,,,7218140.0,,
1990-12-05,79.2,,,,,,,8098680.0,,
1990-12-06,78.97,,,,,,,11520910.0,,
1990-12-07,80.38,,,,,,,10538160.0,,
1990-12-08,80.67,,,,,,,7158880.0,,
1990-12-10,80.86,,,,,,,11148090.0,,
1990-12-11,79.77,,,,,,,7494410.0,,
1990-12-12,79.64,,,,,,,6061370.0,,
1990-12-13,78.36,,,,,,,4687690.0,,
1990-12-14,78.04,,,,,,,5608790.0,,
1990-12-15,77.5,,,,,,,3022580.0,,
1990-12-17,77.51,,,,,,,4611330.0,,
1990-12-18,77.52,,,,,,,4464860.0,,
1990-12-19,76.51,,,,,,,4416320.0,,
1990-12-20,76.56,,,,,,,5930070.0,,
1990-12-21,77.73,,,,,,,6991550.0,,
1990-12-22,77.49,,,,,,,5310390.0,,
1990-12-24,76.26,,,,,,,7172290.0,,
1990-12-26,76.61,,,,,,,10146660.0,,
1991-01-03,74.65,,,,,,,4004200.0,,
1991-01-04,76.66,,,,,,,4946060.0,,
1991-01-05,76.77,,,,,,,3617270.0,,
1991-01-07,74.35,,,,,,,4198530.0,,
1991-01-08,72.45,,,,,,,4039160.0,,
1991-01-09,72.52,,,,,,,4057950.0,,
1991-01-10,69.68,,,,,,,5329020.0,,
1991-01-11,68.87,,,,,,,6832320.0,,
1991-01-12,71.33,,,,,,,4735110.0,,
1991-01-14,71.66,,,,,,,5103320.0,,
1991-01-15,68.56,,,,,,,5646380.0,,
1991-01-16,67.33,,,,,,,4256710.0,,
1991-01-17,70.49,,,,,,,4840040.0,,
1991-01-18,73.4,,,,,,,15961900.0,,
1991-01-19,72.99,,,,,,,8013460.0,,
1991-01-21,70.06,,,,,,,7747320.0,,
1991-01-22,69.6,,,,,,,4347490.0,,
1991-01-23,68.68,,,,,,,3339960.0,,
1991-01-24,70.17,,,,,,,4497660.0,,
1991-01-25,69.6,,,,,,,6330950.0,,
1991-01-26,69.48,,,,,,,2450790.0,,
1991-01-28,69.71,,,,,,,4602710.0,,
1991-01-29,69.85,,,,,,,4590530.0,,
1991-01-30,70.12,,,,,,,4176250.0,,
1991-01-31,69.82,,,,,,,3387930.0,,
1991-02-01,69.48,,,,,,,2659170.0,,
1991-02-02,69.78,,,,,,,2017060.0,,
1991-02-04,69.55,,,,,,,2319820.0,,
1991-02-05,69.45,,,,,,,2199980.0,,
1991-02-06,69.83,,,,,,,4283830.0,,
1991-02-07,69.72,,,,,,,3989890.0,,
1991-02-08,69.1,,,,,,,3376580.0,,
1991-02-09,69.43,,,,,,,2124660.0,,
1991-02-11,69.26,,,,,,,2652800.0,,
1991-02-12,71.36,,,,,,,8111980.0,,
1991-02-13,71.07,,,,,,,6741610.0,,
1991-02-18,74.33,,,,,,,8320610.0,,
1991-02-19,73.9,,,,,,,11081400.0,,
1991-02-20,74.08,,,,,,,10372220.0,,
1991-02-21,74.31,,,,,,,6713840.0,,
1991-02-22,74.74,,,,,,,12011850.0,,
1991-02-23,75.79,,,,,,,6097630.0,,
1991-02-25,76.47,,,,,,,15368540.0,,
1991-02-26,74.67,,,,,,,8851810.0,,
1991-02-27,74.13,,,,,,,7116370.0,,
1991-02-28,74.61,,,,,,,9472940.0,,
1991-03-02,74.87,,,,,,,4243680.0,,
1991-03-04,74.0,,,,,,,5020180.0,,
1991-03-05,73.95,,,,,,,3848370.0,,
1991-03-06,74.71,,,,,,,8148670.0,,
1991-03-07,74.54,,,,,,,7510740.0,,
1991-03-08,74.75,,,,,,,6855640.0,,
1991-03-09,75.34,,,,,,,7243450.0,,
1991-03-11,75.33,,,,,,,6313060.0,,
1991-03-12,75.52,,,,,,,6925290.0,,
1991-03-13,75.0,,,,,,,5994060.0,,
1991-03-14,74.8,,,,,,,6253270.0,,
1991-03-15,75.42,,,,,,,6580010.0,,
1991-03-16,75.02,,,,,,,5240050.0,,
1991-03-18,74.73,,,,,,,6871590.0,,
1991-03-19,74.09,,,,,,,6033840.0,,
1991-03-20,73.82,,,,,,,5115190.0,,
1991-03-21,73.16,,,,,,,5265980.0,,
1991-03-22,72.77,,,,,,,5199220.0,,
1991-03-23,72.7,,,,,,,3580670.0,,
1991-03-25,73.22,,,,,,,5433870.0,,
1991-03-27,72.21,,,,,,,4968190.0,,
1991-03-28,71.83,,,,,,,5260230.0,,
1991-03-29,71.59,,,,,,,4714830.0,,
1991-03-30,72.81,,,,,,,4245660.0,,
1991-04-01,71.71,,,,,,,3459450.0,,
1991-04-02,71.03,,,,,,,3325060.0,,
1991-04-03,71.71,,,,,,,3176880.0,,
1991-04-04,72.2,,,,,,,3787890.0,,
1991-04-06,71.81,,,,,,,2214980.0,,
1991-04-08,71.38,,,,,,,2830660.0,,
1991-04-09,71.32,,,,,,,2707900.0,,
1991-04-10,71.26,,,,,,,4141370.0,,
1991-04-11,70.79,,,,,,,2626670.0,,
1991-04-12,70.6,,,,,,,2400540.0,,
1991-04-13,70.48,,,,,,,1679310.0,,
1991-04-15,70.14,,,,,,,2406670.0,,
1991-04-16,70.27,,,,,,,2405410.0,,
1991-04-17,69.98,,,,,,,2117260.0,,
1991-04-18,69.31,,,,,,,2743920.0,,
1991-04-19,69.53,,,,,,,2921890.0,,
1991-04-20,68.66,,,,,,,1811790.0,,
1991-04-22,68.11,,,,,,,3312970.0,,
1991-04-23,70.62,,,,,,,5216300.0,,
1991-04-24,69.88,,,,,,,6416050.0,,
1991-04-25,69.16,,,,,,,2935290.0,,
1991-04-26,69.96,,,,,,,4195620.0,,
1991-04-27,70.37,,,,,,,3644270.0,,
1991-04-29,71.09,,,,,,,5111230.0,,
1991-04-30,71.24,,,,,,,5065500.0,,
1991-05-01,71.21,,,,,,,4102150.0,,
1991-05-02,72.13,,,,,,,13035610.0,,
1991-05-03,71.81,,,,,,,5022480.0,,
1991-05-04,71.42,,,,,,,3815510.0,,
1991-05-06,70.81,,,,,,,3496410.0,,
1991-05-07,70.14,,,,,,,3458240.0,,
1991-05-08,69.69,,,,,,,2960820.0,,
1991-05-09,70.14,,,,,,,3007480.0,,
1991-05-10,69.61,,,,,,,2147130.0,,
1991-05-11,69.52,,,,,,,2201410.0,,
1991-05-13,69.64,,,,,,,1985310.0,,
1991-05-14,70.6,,,,,,,3902680.0,,
1991-05-15,69.89,,,,,,,2056500.0,,
1991-05-16,70.29,,,,,,,2598810.0,,
1991-05-17,70.46,,,,,,,2984520.0,,
1991-05-18,70.46,,,,,,,2570220.0,,
1991-05-20,69.55,,,,,,,2961160.0,,
1991-05-22,69.05,,,,,,,2682550.0,,
1991-05-23,69.05,,,,,,,2406900.0,,
1991-05-24,68.44,,,,,,,1940250.0,,
1991-05-25,68.17,,,,,,,1700340.0,,
1991-05-27,68.19,,,,,,,2301260.0,,
1991-05-28,67.77,,,,,,,2124130.0,,
1991-05-29,67.65,,,,,,,2236930.0,,
1991-05-30,67.82,,,,,,,1880590.0,,
1991-05-31,67.61,,,,,,,2042920.0,,
1991-06-01,67.76,,,,,,,1004280.0,,
1991-06-03,66.93,,,,,,,1936370.0,,
1991-06-04,66.48,,,,,,,2123880.0,,
1991-06-05,67.82,,,,,,,3430480.0,,
1991-06-07,66.78,,,,,,,2284240.0,,
1991-06-08,66.99,,,,,,,1972430.0,,
1991-06-10,67.05,,,,,,,1800690.0,,
1991-06-11,67.23,,,,,,,1837500.0,,
1991-06-12,67.55,,,,,,,2238380.0,,
1991-06-13,67.46,,,,,,,2523600.0,,
1991-06-14,67.91,,,,,,,4082090.0,,
1991-06-15,67.94,,,,,,,2097570.0,,
1991-06-17,67.44,,,,,,,2806950.0,,
1991-06-18,67.26,,,,,,,3981410.0,,
1991-06-19,66.96,,,,,,,3994620.0,,
1991-06-21,66.26,,,,,,,3515730.0,,
1991-06-22,65.48,,,,,,,3095710.0,,
1991-06-24,65.81,,,,,,,4404520.0,,
1991-06-25,66.06,,,,,,,5227070.0,,
1991-06-26,66.33,,,,,,,3074340.0,,
1991-06-27,66.89,,,,,,,4437750.0,,
1991-06-28,66.92,,,,,,,2980100.0,,
1991-06-29,67.24,,,,,,,2534340.0,,
1991-07-01,68.66,,,,,,,5356690.0,,
1991-07-02,68.06,,,,,,,4836590.0,,
1991-07-03,67.15,,,,,,,4391350.0,,
1991-07-04,67.25,,,,,,,3244270.0,,
1991-07-05,68.51,,,,,,,6146260.0,,
1991-07-06,68.05,,,,,,,3975860.0,,
1991-07-08,68.94,,,,,,,5442680.0,,
1991-07-09,68.69,,,,,,,6697770.0,,
1991-07-10,68.81,,,,,,,5055170.0,,
1991-07-11,69.68,,,,,,,8476610.0,,
1991-07-12,70.85,,,,,,,10667380.0,,
1991-07-13,71.4,,,,,,,8000870.0,,
1991-07-15,71.29,,,,,,,12833440.0,,
1991-07-16,71.52,,,,,,,8693650.0,,
1991-07-18,73.26,,,,,,,15679570.0,,
1991-07-19,73.26,,,,,,,14069810.0,,
1991-07-20,73.84,,,,,,,11661160.0,,
1991-07-22,74.57,,,,,,,16480730.0,,
1991-07-23,74.43,,,,,,,15651510.0,,
1991-07-24,75.44,,,,,,,17716140.0,,
1991-07-25,75.17,,,,,,,21957320.0,,
1991-07-26,76.34,,,,,,,16017580.0,,
1991-07-27,78.48,,,,,,,17940510.0,,
1991-07-29,80.83,,,,,,,28086390.0,,
1991-07-30,83.01,,,,,,,36786660.0,,
1991-07-31,80.6,,,,,,,27359810.0,,
1991-08-01,80.54,,,,,,,22819960.0,,
1991-08-02,82.71,,,,,,,25209920.0,,
1991-08-03,84.4,,,,,,,22334670.0,,
1991-08-05,85.53,,,,,,,31144520.0,,
1991-08-06,85.92,,,,,,,27777320.0,,
1991-08-07,83.41,,,,,,,27498850.0,,
1991-08-08,82.99,,,,,,,19729260.0,,
1991-08-09,83.9,,,,,,,20335330.0,,
1991-08-10,81.14,,,,,,,10412250.0,,
1991-08-12,79.39,,,,,,,13671530.0,,
1991-08-13,79.66,,,,,,,12694200.0,,
1991-08-14,77.83,,,,,,,10386340.0,,
1991-08-16,79.0,,,,,,,8782160.0,,
1991-08-17,78.7,,,,,,,7321860.0,,
1991-08-19,75.32,,,,,,,11901650.0,,
1991-08-20,77.13,,,,,,,17098030.0,,
1991-08-21,77.62,,,,,,,24003900.0,,
1991-08-22,80.7,,,,,,,23410770.0,,
1991-08-23,79.03,,,,,,,22596250.0,,
1991-08-24,78.68,,,,,,,9496710.0,,
1991-08-26,79.09,,,,,,,8158800.0,,
1991-08-27,77.87,,,,,,,6885080.0,,
1991-08-28,78.01,,,,,,,7312850.0,,
1991-08-29,77.24,,,,,,,4694560.0,,
1991-08-30,77.31,,,,,,,5531150.0,,
1991-08-31,77.02,,,,,,,4148050.0,,
1991-09-02,76.17,,,,,,,4468050.0,,
1991-09-03,76.18,,,,,,,4286430.0,,
1991-09-04,77.12,,,,,,,12121000.0,,
1991-09-05,76.17,,,,,,,5852390.0,,
1991-09-06,76.54,,,,,,,4809760.0,,
1991-09-07,77.39,,,,,,,4403590.0,,
1991-09-09,78.25,,,,,,,7112860.0,,
1991-09-10,78.13,,,,,,,5479440.0,,
1991-09-11,78.39,,,,,,,10045860.0,,
1991-09-12,77.6,,,,,,,5141550.0,,
1991-09-13,77.31,,,,,,,4179510.0,,
1991-09-14,78.33,,,,,,,3979570.0,,
1991-09-16,77.95,,,,,,,5837930.0,,
1991-09-17,77.67,,,,,,,3883700.0,,
1991-09-18,77.96,,,,,,,5009560.0,,
1991-09-19,77.71,,,,,,,3260350.0,,
1991-09-20,78.29,,,,,,,4503540.0,,
1991-09-24,77.73,,,,,,,2948680.0,,
1991-09-25,77.31,,,,,,,4119050.0,,
1991-09-26,77.16,,,,,,,4208460.0,,
1991-09-27,77.82,,,,,,,5599480.0,,
1991-09-28,78.7,,,,,,,5615990.0,,
1991-09-30,80.23,,,,,,,11049810.0,,
1991-10-01,80.22,,,,,,,11559910.0,,
1991-10-02,80.03,,,,,,,7633360.0,,
1991-10-04,81.81,,,,,,,14306930.0,,
1991-10-05,80.88,,,,,,,8892100.0,,
1991-10-07,80.97,,,,,,,12281150.0,,
1991-10-08,80.27,,,,,,,7964800.0,,
1991-10-09,80.48,,,,,,,8072830.0,,
1991-10-10,81.06,,,,,,,9228760.0,,
1991-10-11,80.31,,,,,,,11270530.0,,
1991-10-12,79.58,,,,,,,5358460.0,,
1991-10-14,79.79,,,,,,,7402330.0,,
1991-10-15,79.45,,,,,,,6968830.0,,
1991-10-16,78.55,,,,,,,5582360.0,,
1991-10-17,78.97,,,,,,,6965870.0,,
1991-10-18,79.03,,,,,,,6597610.0,,
1991-10-19,79.27,,,,,,,5184300.0,,
1991-10-21,81.31,,,,,,,10019640.0,,
1991-10-22,80.42,,,,,,,10443820.0,,
1991-10-23,80.9,,,,,,,11448460.0,,
1991-10-24,80.49,,,,,,,17032290.0,,
1991-10-25,80.04,,,,,,,9800500.0,,
1991-10-26,79.16,,,,,,,8431570.0,,
1991-10-28,78.19,,,,,,,7958830.0,,
1991-10-29,78.16,,,,,,,7521730.0,,
1991-10-30,78.87,,,,,,,8430620.0,,
1991-10-31,78.23,,,,,,,7972790.0,,
1991-11-01,77.36,,,,,,,6556600.0,,
1991-11-02,76.82,,,,,,,4362800.0,,
1991-11-04,75.02,,,,,,,5846010.0,,
1991-11-05,74.74,,,,,,,6062050.0,,
1991-11-06,76.29,,,,,,,5599190.0,,
1991-11-07,76.22,,,,,,,6719700.0,,
1991-11-08,76.4,,,,,,,8544200.0,,
1991-11-09,76.5,,,,,,,4838690.0,,
1991-11-11,75.87,,,,,,,6199160.0,,
1991-11-12,75.62,,,,,,,5722580.0,,
1991-11-13,75.39,,,,,,,4970380.0,,
1991-11-14,75.16,,,,,,,4901730.0,,
1991-11-15,74.57,,,,,,,4526000.0,,
1991-11-16,74.34,,,,,,,3234940.0,,
1991-11-18,74.16,,,,,,,4618210.0,,
1991-11-19,73.22,,,,,,,5072850.0,,
1991-11-20,74.55,,,,,,,6017700.0,,
1991-11-21,74.16,,,,,,,5468860.0,,
1991-11-22,73.69,,,,,,,4518050.0,,
1991-11-23,73.73,,,,,,,3002090.0,,
1991-11-25,73.3,,,,,,,3763690.0,,
1991-11-26,72.47,,,,,,,4248930.0,,
1991-11-27,72.43,,,,,,,4229380.0,,
1991-11-28,73.8,,,,,,,6324370.0,,
1991-11-29,72.9,,,,,,,5183040.0,,
1991-11-30,72.87,,,,,,,3424280.0,,
1991-12-02,72.84,,,,,,,4203310.0,,
1991-12-03,71.94,,,,,,,5072640.0,,
1991-12-04,70.53,,,,,,,5074510.0,,
1991-12-05,69.32,,,,,,,5466760.0,,
1991-12-06,70.91,,,,,,,7323260.0,,
1991-12-07,69.13,,,,,,,4491460.0,,
1991-12-09,68.7,,,,,,,6340160.0,,
1991-12-10,71.02,,,,,,,8087150.0,,
1991-12-11,71.7,,,,,,,10483970.0,,
1991-12-12,73.13,,,,,,,9096820.0,,
1991-12-13,72.42,,,,,,,8848390.0,,
1991-12-14,71.55,,,,,,,7131230.0,,
1991-12-16,70.52,,,,,,,6023890.0,,
1991-12-17,69.68,,,,,,,7144660.0,,
1991-12-18,67.96,,,,,,,7222810.0,,
1991-12-19,67.97,,,,,,,8128100.0,,
1991-12-20,68.51,,,,,,,8346090.0,,
1991-12-21,67.25,,,,,,,5907240.0,,
1991-12-23,65.75,,,,,,,9591860.0,,
1991-12-24,68.51,,,,,,,12109100.0,,
1991-12-26,68.63,,,,,,,14684110.0,,
1992-01-03,70.46,,,,,,,5454560.0,,
1992-01-04,73.51,,,,,,,11257380.0,,
1992-01-06,73.58,,,,,,,17456980.0,,
1992-01-07,73.0,,,,,,,21002560.0,,
1992-01-08,70.6,,,,,,,13237180.0,,
1992-01-09,71.92,,,,,,,14582610.0,,
1992-01-10,69.87,,,,,,,12879180.0,,
1992-01-11,69.73,,,,,,,6385090.0,,
1992-01-13,68.89,,,,,,,7469200.0,,
1992-01-14,69.58,,,,,,,9072940.0,,
1992-01-15,68.2,,,,,,,9031430.0,,
1992-01-16,68.87,,,,,,,14500980.0,,
1992-01-17,69.67,,,,,,,14290270.0,,
1992-01-18,70.09,,,,,,,10798400.0,,
1992-01-20,71.41,,,,,,,15119380.0,,
1992-01-21,70.75,,,,,,,15479680.0,,
1992-01-22,72.54,,,,,,,18407690.0,,
1992-01-23,74.89,,,,,,,24326910.0,,
1992-01-24,73.77,,,,,,,19547700.0,,
1992-01-25,74.52,,,,,,,12754080.0,,
1992-01-27,75.62,,,,,,,19852090.0,,
1992-01-28,74.46,,,,,,,14684870.0,,
1992-01-29,73.44,,,,,,,12491450.0,,
1992-01-30,74.16,,,,,,,11427340.0,,
1992-01-31,76.13,,,,,,,19067440.0,,
1992-02-01,77.39,,,,,,,14579140.0,,
1992-02-06,77.3,,,,,,,19943610.0,,
1992-02-07,77.33,,,,,,,9052620.0,,
1992-02-08,77.33,,,,,,,15696340.0,,
1992-02-10,76.86,,,,,,,16662720.0,,
1992-02-11,75.36,,,,,,,14581480.0,,
1992-02-12,74.19,,,,,,,11987090.0,,
1992-02-13,73.15,,,,,,,12371350.0,,
1992-02-14,73.39,,,,,,,9859560.0,,
1992-02-15,72.09,,,,,,,6512350.0,,
1992-02-17,71.3,,,,,,,8043220.0,,
1992-02-18,71.27,,,,,,,8252050.0,,
1992-02-19,72.31,,,,,,,10265720.0,,
1992-02-20,70.53,,,,,,,8970240.0,,
1992-02-21,70.55,,,,,,,7256500.0,,
1992-02-22,71.42,,,,,,,6960750.0,,
1992-02-24,70.96,,,,,,,7699350.0,,
1992-02-25,70.29,,,,,,,8022230.0,,
1992-02-26,69.12,,,,,,,7739070.0,,
1992-02-27,69.44,,,,,,,9339770.0,,
1992-02-28,68.22,,,,,,,10326090.0,,
1992-02-29,67.86,,,,,,,7080820.0,,
1992-03-02,68.74,,,,,,,10262580.0,,
1992-03-03,68.18,,,,,,,10618610.0,,
1992-03-04,69.89,,,,,,,8369030.0,,
1992-03-05,68.54,,,,,,,11973690.0,,
1992-03-06,69.28,,,,,,,8879190.0,,
1992-03-07,69.11,,,,,,,7600900.0,,
1992-03-09,69.66,,,,,,,9760700.0,,
1992-03-11,68.57,,,,,,,8378130.0,,
1992-03-12,68.58,,,,,,,7027350.0,,
1992-03-13,68.08,,,,,,,6687280.0,,
1992-03-14,67.48,,,,,,,4592420.0,,
1992-03-16,67.45,,,,,,,6302550.0,,
1992-03-17,68.14,,,,,,,7740930.0,,
1992-03-18,67.85,,,,,,,10461660.0,,
1992-03-19,67.66,,,,,,,10793480.0,,
1992-03-20,68.09,,,,,,,12515010.0,,
1992-03-21,68.26,,,,,,,8383110.0,,
1992-03-23,69.08,,,,,,,15344060.0,,
1992-03-25,67.04,,,,,,,10845190.0,,
1992-03-26,67.08,,,,,,,14195860.0,,
1992-03-27,67.77,,,,,,,18807010.0,,
1992-03-28,65.89,,,,,,,8278280.0,,
1992-03-30,65.32,,,,,,,9531210.0,,
1992-03-31,66.48,,,,,,,12898010.0,,
1992-04-01,65.34,,,,,,,9596620.0,,
1992-04-02,63.59,,,,,,,14098690.0,,
1992-04-03,64.98,,,,,,,12483230.0,,
1992-04-04,64.17,,,,,,,9396230.0,,
1992-04-06,64.23,,,,,,,11034000.0,,
1992-04-07,62.92,,,,,,,10474830.0,,
1992-04-08,62.33,,,,,,,9275950.0,,
1992-04-09,62.61,,,,,,,8692690.0,,
1992-04-10,61.84,,,,,,,9286710.0,,
1992-04-11,62.71,,,,,,,6582410.0,,
1992-04-13,63.13,,,,,,,7584190.0,,
1992-04-14,62.68,,,,,,,8107150.0,,
1992-04-15,62.84,,,,,,,9485090.0,,
1992-04-16,63.76,,,,,,,10109600.0,,
1992-04-17,63.76,,,,,,,10188440.0,,
1992-04-18,63.78,,,,,,,7850890.0,,
1992-04-20,63.7,,,,,,,10300810.0,,
1992-04-21,63.77,,,,,,,10489900.0,,
1992-04-22,63.12,,,,,,,12827020.0,,
1992-04-23,62.82,,,,,,,12565900.0,,
1992-04-24,64.32,,,,,,,16174830.0,,
1992-04-25,64.22,,,,,,,10307540.0,,
1992-04-27,65.93,,,,,,,17127170.0,,
1992-04-28,64.75,,,,,,,17137450.0,,
1992-04-29,66.57,,,,,,,14057840.0,,
1992-04-30,67.07,,,,,,,20840240.0,,
1992-05-01,67.55,,,,,,,17786390.0,,
1992-05-02,66.89,,,,,,,9210670.0,,
1992-05-04,67.46,,,,,,,15313590.0,,
1992-05-06,66.33,,,,,,,11305330.0,,
1992-05-07,65.27,,,,,,,11713440.0,,
1992-05-08,64.69,,,,,,,10192920.0,,
1992-05-09,64.0,,,,,,,7719200.0,,
1992-05-11,63.12,,,,,,,10080910.0,,
1992-05-12,63.07,,,,,,,7832940.0,,
1992-05-13,63.64,,,,,,,10215260.0,,
1992-05-14,63.07,,,,,,,10086970.0,,
1992-05-15,63.18,,,,,,,9794610.0,,
1992-05-16,62.7,,,,,,,6778960.0,,
1992-05-18,62.84,,,,,,,10238570.0,,
1992-05-19,62.72,,,,,,,9636660.0,,
1992-05-20,61.71,,,,,,,9970720.0,,
1992-05-21,61.18,,,,,,,9981430.0,,
1992-05-22,62.34,,,,,,,8689340.0,,
1992-05-23,61.49,,,,,,,5503690.0,,
1992-05-25,61.13,,,,,,,7721940.0,,
1992-05-26,61.01,,,,,,,6973280.0,,
1992-05-27,62.99,,,,,,,10541770.0,,
1992-05-28,62.19,,,,,,,12378410.0,,
1992-05-29,61.31,,,,,,,6459550.0,,
1992-05-30,61.63,,,,,,,6203940.0,,
1992-06-01,61.15,,,,,,,8539370.0,,
1992-06-02,61.02,,,,,,,8296610.0,,
1992-06-03,61.36,,,,,,,8679700.0,,
1992-06-04,61.42,,,,,,,7818160.0,,
1992-06-05,61.61,,,,,,,8168170.0,,
1992-06-08,61.14,,,,,,,7751760.0,,
1992-06-09,61.04,,,,,,,8268340.0,,
1992-06-10,61.19,,,,,,,8362160.0,,
1992-06-11,61.88,,,,,,,10647120.0,,
1992-06-12,61.36,,,,,,,7425620.0,,
1992-06-13,63.22,,,,,,,9816740.0,,
1992-06-15,63.36,,,,,,,17630480.0,,
1992-06-16,63.52,,,,,,,14554330.0,,
1992-06-17,63.09,,,,,,,15043850.0,,
1992-06-18,61.61,,,,,,,9355140.0,,
1992-06-19,62.51,,,,,,,9562840.0,,
1992-06-20,61.84,,,,,,,8749920.0,,
1992-06-22,61.08,,,,,,,6574450.0,,
1992-06-23,61.41,,,,,,,7951380.0,,
1992-06-24,60.57,,,,,,,6818100.0,,
1992-06-25,60.24,,,,,,,7322510.0,,
1992-06-26,60.71,,,,,,,8458360.0,,
1992-06-27,60.79,,,,,,,7396700.0,,
1992-06-29,60.85,,,,,,,8502650.0,,
1992-06-30,60.89,,,,,,,6767130.0,,
1992-07-01,60.75,,,,,,,7174520.0,,
1992-07-02,60.38,,,,,,,6469400.0,,
1992-07-03,60.38,,,,,,,6703950.0,,
1992-07-04,60.29,,,,,,,5547260.0,,
1992-07-06,59.24,,,,,,,5534010.0,,
1992-07-07,59.14,,,,,,,5540500.0,,
1992-07-08,58.62,,,,,,,6645410.0,,
1992-07-09,57.6,,,,,,,5064040.0,,
1992-07-10,57.7,,,,,,,5510620.0,,
1992-07-11,57.14,,,,,,,4359150.0,,
1992-07-13,56.35,,,,,,,4550420.0,,
1992-07-14,58.2,,,,,,,6418690.0,,
1992-07-15,56.71,,,,,,,6856280.0,,
1992-07-16,56.53,,,,,,,4707270.0,,
1992-07-18,55.87,,,,,,,3050450.0,,
1992-07-20,55.87,,,,,,,4343810.0,,
1992-07-21,56.66,,,,,,,4718510.0,,
1992-07-22,58.15,,,,,,,7309270.0,,
1992-07-23,57.25,,,,,,,6277440.0,,
1992-07-24,57.74,,,,,,,6165510.0,,
1992-07-25,57.77,,,,,,,5740030.0,,
1992-07-27,57.33,,,,,,,5042290.0,,
1992-07-28,56.98,,,,,,,5861340.0,,
1992-07-29,56.38,,,,,,,4293560.0,,
1992-07-30,56.43,,,,,,,4192820.0,,
1992-07-31,56.5,,,,,,,3535700.0,,
1992-08-01,56.16,,,,,,,3296590.0,,
1992-08-03,56.47,,,,,,,4017270.0,,
1992-08-04,55.63,,,,,,,6207110.0,,
1992-08-05,54.67,,,,,,,6291630.0,,
1992-08-06,55.49,,,,,,,5841940.0,,
1992-08-07,54.92,,,,,,,6446880.0,,
1992-08-08,54.87,,,,,,,3430640.0,,
1992-08-10,56.48,,,,,,,6095450.0,,
1992-08-11,55.89,,,,,,,4913960.0,,
1992-08-12,54.83,,,,,,,4396750.0,,
1992-08-13,54.33,,,,,,,5159470.0,,
1992-08-14,53.24,,,,,,,4461590.0,,
1992-08-17,51.32,,,,,,,5169410.0,,
1992-08-18,51.68,,,,,,,9068850.0,,
1992-08-19,53.38,,,,,,,10335650.0,,
1992-08-20,51.98,,,,,,,8333440.0,,
1992-08-21,50.92,,,,,,,6568700.0,,
1992-08-22,52.36,,,,,,,6247090.0,,
1992-08-24,53.71,,,,,,,11195490.0,,
1992-08-25,54.78,,,,,,,12471240.0,,
1992-08-26,56.91,,,,,,,15584910.0,,
1992-08-27,57.53,,,,,,,19303120.0,,
1992-08-28,57.14,,,,,,,16950980.0,,
1992-08-29,59.44,,,,,,,12315920.0,,
1992-08-31,62.05,,,,,,,16892290.0,,
1992-09-01,61.64,,,,,,,28614180.0,,
1992-09-02,62.23,,,,,,,22330430.0,,
1992-09-03,62.28,,,,,,,19420070.0,,
1992-09-04,59.97,,,,,,,14886430.0,,
1992-09-05,59.06,,,,,,,11182610.0,,
1992-09-07,61.66,,,,,,,12514150.0,,
1992-09-08,61.28,,,,,,,18639910.0,,
1992-09-09,61.13,,,,,,,17516550.0,,
1992-09-14,61.06,,,,,,,12191500.0,,
1992-09-15,60.31,,,,,,,10370110.0,,
1992-09-16,59.76,,,,,,,10233800.0,,
1992-09-17,59.06,,,,,,,8181760.0,,
1992-09-18,59.18,,,,,,,8421110.0,,
1992-09-19,59.78,,,,,,,6473380.0,,
1992-09-21,57.63,,,,,,,10458910.0,,
1992-09-22,57.39,,,,,,,11179120.0,,
1992-09-23,57.94,,,,,,,8643460.0,,
1992-09-24,57.77,,,,,,,9150040.0,,
1992-09-25,57.94,,,,,,,6560830.0,,
1992-09-26,57.8,,,,,,,4887280.0,,
1992-09-28,56.82,,,,,,,6011490.0,,
1992-09-29,56.68,,,,,,,6461630.0,,
1992-09-30,56.62,,,,,,,5753990.0,,
1992-10-01,56.06,,,,,,,4184130.0,,
1992-10-02,56.55,,,,,,,5166070.0,,
1992-10-05,55.31,,,,,,,5336190.0,,
1992-10-06,55.93,,,,,,,5432090.0,,
1992-10-07,57.75,,,,,,,8165520.0,,
1992-10-08,57.03,,,,,,,11622660.0,,
1992-10-09,57.68,,,,,,,6757730.0,,
1992-10-10,57.74,,,,,,,5927380.0,,
1992-10-12,56.55,,,,,,,7577000.0,,
1992-10-13,56.5,,,,,,,5877050.0,,
1992-10-14,57.63,,,,,,,7596760.0,,
1992-10-15,57.22,,,,,,,7025460.0,,
1992-10-16,56.9,,,,,,,5133210.0,,
1992-10-17,57.78,,,,,,,6274660.0,,
1992-10-19,59.37,,,,,,,14473620.0,,
1992-10-20,59.5,,,,,,,10924370.0,,
1992-10-21,61.64,,,,,,,19440500.0,,
1992-10-22,62.7,,,,,,,25036990.0,,
1992-10-23,62.79,,,,,,,25491960.0,,
1992-10-24,61.12,,,,,,,17699470.0,,
1992-10-26,63.9,,,,,,,19831440.0,,
1992-10-27,64.07,,,,,,,40483650.0,,
1992-10-28,64.32,,,,,,,25960180.0,,
1992-10-29,66.64,,,,,,,36686940.0,,
1992-10-30,67.31,,,,,,,35788140.0,,
1992-10-31,67.95,,,,,,,25641180.0,,
1992-11-02,68.67,,,,,,,30178420.0,,
1992-11-03,66.72,,,,,,,21833980.0,,
1992-11-04,68.2,,,,,,,25950160.0,,
1992-11-05,69.47,,,,,,,33831190.0,,
1992-11-06,71.04,,,,,,,38804090.0,,
1992-11-07,73.27,,,,,,,26282840.0,,
1992-11-09,75.92,,,,,,,40462430.0,,
1992-11-10,74.88,,,,,,,40932830.0,,
1992-11-11,72.98,,,,,,,48604170.0,,
1992-11-12,70.5,,,,,,,30527400.0,,
1992-11-13,72.21,,,,,,,27965240.0,,
1992-11-14,69.82,,,,,,,23041660.0,,
1992-11-16,68.04,,,,,,,18036320.0,,
1992-11-17,69.7,,,,,,,20201690.0,,
1992-11-18,68.36,,,,,,,21294540.0,,
1992-11-19,69.52,,,,,,,19266660.0,,
1992-11-20,69.69,,,,,,,24846620.0,,
1992-11-21,71.87,,,,,,,15367350.0,,
1992-11-23,73.51,,,,,,,24975140.0,,
1992-11-24,72.04,,,,,,,36257210.0,,
1992-11-25,71.87,,,,,,,20309740.0,,
1992-11-26,72.88,,,,,,,25042370.0,,
1992-11-27,71.7,,,,,,,21034220.0,,
1992-11-28,71.86,,,,,,,12012240.0,,
1992-11-30,73.09,,,,,,,18080270.0,,
1992-12-01,72.69,,,,,,,20730850.0,,
1992-12-02,71.51,,,,,,,19147850.0,,
1992-12-03,70.23,,,,,,,16224610.0,,
1992-12-04,69.69,,,,,,,15384120.0,,
1992-12-05,68.3,,,,,,,8255070.0,,
1992-12-07,67.49,,,,,,,10886130.0,,
1992-12-08,68.65,,,,,,,10632710.0,,
1992-12-09,68.11,,,,,,,9009810.0,,
1992-12-10,70.53,,,,,,,14555630.0,,
1992-12-11,70.99,,,,,,,19886110.0,,
1992-12-12,71.28,,,,,,,13838190.0,,
1992-12-14,71.71,,,,,,,21083500.0,,
1992-12-15,71.42,,,,,,,13955950.0,,
1992-12-16,71.93,,,,,,,22390890.0,,
1992-12-17,72.67,,,,,,,29916690.0,,
1992-12-19,72.98,,,,,,,21479570.0,,
1992-12-21,71.76,,,,,,,17619360.0,,
1992-12-22,72.05,,,,,,,16217330.0,,
1992-12-23,73.51,,,,,,,22532810.0,,
1992-12-24,74.06,,,,,,,26795570.0,,
1992-12-26,75.47,,,,,,,18708950.0,,
1992-12-28,74.49,,,,,,,33514890.0,,
1993-01-04,76.49,,,,,,,15738240.0,,
1993-01-05,75.83,,,,,,,26319830.0,,
1993-01-06,75.59,,,,,,,28367240.0,,
1993-01-07,76.58,,,,,,,32266550.0,,
1993-01-08,77.37,,,,,,,32170380.0,,
1993-01-09,78.0,,,,,,,30868440.0,,
1993-01-11,77.79,,,,,,,32021060.0,,
1993-01-12,77.2,,,,,,,24618440.0,,
1993-01-13,77.33,,,,,,,30235700.0,,
1993-01-14,75.73,,,,,,,24438340.0,,
1993-01-15,75.71,,,,,,,21580120.0,,
1993-01-16,75.41,,,,,,,14819400.0,,
1993-01-18,75.73,,,,,,,16793030.0,,
1993-01-19,76.6,,,,,,,20359870.0,,
1993-01-20,76.62,,,,,,,25988890.0,,
1993-01-21,76.59,,,,,,,24632640.0,,
1993-01-25,77.52,,,,,,,26020150.0,,
1993-01-26,76.87,,,,,,,29040550.0,,
1993-01-27,75.92,,,,,,,19577360.0,,
1993-01-28,75.02,,,,,,,17722330.0,,
1993-01-29,74.25,,,,,,,17629710.0,,
1993-01-30,73.25,,,,,,,9225010.0,,
1993-02-01,72.61,,,,,,,14736730.0,,
1993-02-02,72.85,,,,,,,14459820.0,,
1993-02-03,74.02,,,,,,,17186970.0,,
1993-02-04,74.44,,,,,,,16561600.0,,
1993-02-05,73.73,,,,,,,16400890.0,,
1993-02-06,73.1,,,,,,,8909050.0,,
1993-02-08,73.04,,,,,,,11105200.0,,
1993-02-09,73.44,,,,,,,16852110.0,,
1993-02-10,73.52,,,,,,,16033490.0,,
1993-02-11,74.03,,,,,,,17385110.0,,
1993-02-12,74.29,,,,,,,16299510.0,,
1993-02-13,73.62,,,,,,,8119320.0,,
1993-02-15,73.6,,,,,,,7343940.0,,
1993-02-16,72.99,,,,,,,9729900.0,,
1993-02-17,72.2,,,,,,,9875700.0,,
1993-02-18,70.9,,,,,,,10432890.0,,
1993-02-19,70.89,,,,,,,11887500.0,,
1993-02-20,70.69,,,,,,,8052120.0,,
1993-02-22,73.25,,,,,,,12996800.0,,
1993-02-23,73.41,,,,,,,15523130.0,,
1993-02-24,72.96,,,,,,,12626100.0,,
1993-02-25,71.09,,,,,,,12201450.0,,
1993-02-26,69.95,,,,,,,11485120.0,,
1993-02-27,69.72,,,,,,,7340990.0,,
1993-03-02,68.77,,,,,,,7570960.0,,
1993-03-03,68.67,,,,,,,10100280.0,,
1993-03-04,67.57,,,,,,,7531230.0,,
1993-03-05,66.94,,,,,,,10718830.0,,
1993-03-06,65.97,,,,,,,6934820.0,,
1993-03-08,68.07,,,,,,,10541700.0,,
1993-03-09,68.04,,,,,,,16960140.0,,
1993-03-11,66.85,,,,,,,8904290.0,,
1993-03-12,68.42,,,,,,,13716370.0,,
1993-03-13,69.29,,,,,,,11770990.0,,
1993-03-15,70.4,,,,,,,23087180.0,,
1993-03-16,69.51,,,,,,,12238960.0,,
1993-03-17,72.34,,,,,,,20109570.0,,
1993-03-18,72.73,,,,,,,30265210.0,,
1993-03-19,73.0,,,,,,,18148210.0,,
1993-03-20,72.94,,,,,,,19023410.0,,
1993-03-22,71.95,,,,,,,14276780.0,,
1993-03-23,72.94,,,,,,,21423340.0,,
1993-03-24,72.92,,,,,,,15157330.0,,
1993-03-25,72.48,,,,,,,17437510.0,,
1993-03-26,72.09,,,,,,,12822830.0,,
1993-03-27,71.81,,,,,,,8489840.0,,
1993-03-29,71.56,,,,,,,12674040.0,,
1993-03-30,72.99,,,,,,,16467640.0,,
1993-03-31,73.28,,,,,,,23771840.0,,
1993-04-01,73.08,,,,,,,11747700.0,,
1993-04-02,75.03,,,,,,,28265430.0,,
1993-04-03,75.99,,,,,,,23428630.0,,
1993-04-06,76.83,,,,,,,29959310.0,,
1993-04-07,77.02,,,,,,,39805340.0,,
1993-04-08,76.6,,,,,,,26070530.0,,
1993-04-09,77.36,,,,,,,36170570.0,,
1993-04-10,77.99,,,,,,,19674170.0,,
1993-04-12,79.29,,,,,,,33056690.0,,
1993-04-13,79.23,,,,,,,29263880.0,,
1993-04-14,77.4,,,,,,,33109630.0,,
1993-04-15,78.78,,,,,,,28056140.0,,
1993-04-16,77.77,,,,,,,35690740.0,,
1993-04-17,78.47,,,,,,,17165520.0,,
1993-04-19,80.07,,,,,,,31713430.0,,
1993-04-20,79.49,,,,,,,24472760.0,,
1993-04-21,80.92,,,,,,,34210190.0,,
1993-04-22,81.48,,,,,,,37626590.0,,
1993-04-23,81.41,,,,,,,34873340.0,,
1993-04-24,81.21,,,,,,,20626680.0,,
1993-04-26,80.89,,,,,,,21707120.0,,
1993-04-27,79.98,,,,,,,18643570.0,,
1993-04-28,80.5,,,,,,,17998100.0,,
1993-04-29,79.98,,,,,,,14858820.0,,
1993-04-30,79.51,,,,,,,15007740.0,,
1993-05-01,79.06,,,,,,,7762550.0,,
1993-05-03,79.25,,,,,,,12327650.0,,
1993-05-04,79.34,,,,,,,13091360.0,,
1993-05-06,78.28,,,,,,,11069790.0,,
1993-05-07,77.49,,,,,,,10953730.0,,
1993-05-08,77.47,,,,,,,10374450.0,,
1993-05-10,77.63,,,,,,,9225710.0,,
1993-05-11,77.25,,,,,,,11328740.0,,
1993-05-12,77.15,,,,,,,10606210.0,,
1993-05-13,78.32,,,,,,,14253220.0,,
1993-05-14,77.82,,,,,,,19612840.0,,
1993-05-15,77.6,,,,,,,7599580.0,,
1993-05-17,79.0,,,,,,,14493380.0,,
1993-05-18,79.75,,,,,,,23315770.0,,
1993-05-19,79.88,,,,,,,22840130.0,,
1993-05-20,80.16,,,,,,,24481790.0,,
1993-05-21,80.12,,,,,,,20582810.0,,
1993-05-22,80.7,,,,,,,18827000.0,,
1993-05-24,80.66,,,,,,,21061120.0,,
1993-05-25,79.92,,,,,,,17167730.0,,
1993-05-26,80.15,,,,,,,21975620.0,,
1993-05-27,81.23,,,,,,,35575280.0,,
1993-05-29,81.44,,,,,,,20455260.0,,
1993-05-31,82.99,,,,,,,32319080.0,,
1993-06-01,82.92,,,,,,,36927390.0,,
1993-06-02,83.77,,,,,,,37077100.0,,
1993-06-03,84.05,,,,,,,36999170.0,,
1993-06-04,83.65,,,,,,,38412560.0,,
1993-06-05,83.04,,,,,,,18657860.0,,
1993-06-07,84.31,,,,,,,28481100.0,,
1993-06-08,84.58,,,,,,,40660080.0,,
1993-06-09,85.57,,,,,,,40037450.0,,
1993-06-10,85.08,,,,,,,39865550.0,,
1993-06-11,84.51,,,,,,,27424720.0,,
1993-06-12,84.11,,,,,,,17789480.0,,
1993-06-14,83.36,,,,,,,14029420.0,,
1993-06-15,83.25,,,,,,,15090290.0,,
1993-06-16,83.33,,,,,,,13716440.0,,
1993-06-17,83.5,,,,,,,19299060.0,,
1993-06-18,83.38,,,,,,,18090850.0,,
1993-06-19,83.01,,,,,,,12529390.0,,
1993-06-21,83.56,,,,,,,16596220.0,,
1993-06-22,84.07,,,,,,,21673400.0,,
1993-06-23,83.07,,,,,,,17097100.0,,
1993-06-24,83.08,,,,,,,20845880.0,,
1993-06-25,82.79,,,,,,,20048450.0,,
1993-06-26,81.68,,,,,,,9543840.0,,
1993-06-28,79.98,,,,,,,16471810.0,,
1993-06-29,81.39,,,,,,,13205770.0,,
1993-06-30,81.71,,,,,,,14947290.0,,
1993-07-01,82.25,,,,,,,14079740.0,,
1993-07-02,81.55,,,,,,,10224740.0,,
1993-07-03,81.65,,,,,,,6567170.0,,
1993-07-05,82.2,,,,,,,9905260.0,,
1993-07-06,81.83,,,,,,,10709760.0,,
1993-07-07,82.26,,,,,,,10973810.0,,
1993-07-08,83.14,,,,,,,19045020.0,,
1993-07-09,84.15,,,,,,,18236170.0,,
1993-07-10,84.02,,,,,,,12812120.0,,
1993-07-12,83.92,,,,,,,13488970.0,,
1993-07-13,83.24,,,,,,,12788180.0,,
1993-07-14,83.22,,,,,,,11078170.0,,
1993-07-15,83.03,,,,,,,11644970.0,,
1993-07-16,82.64,,,,,,,10773510.0,,
1993-07-19,81.54,,,,,,,8116100.0,,
1993-07-20,81.61,,,,,,,9438240.0,,
1993-07-21,81.76,,,,,,,9603360.0,,
1993-07-22,81.17,,,,,,,8335310.0,,
1993-07-23,80.64,,,,,,,7929070.0,,
1993-07-24,80.64,,,,,,,4690280.0,,
1993-07-26,80.89,,,,,,,6922250.0,,
1993-07-27,81.49,,,,,,,9235890.0,,
1993-07-28,81.29,,,,,,,9838660.0,,
1993-07-29,80.72,,,,,,,10813110.0,,
1993-07-30,79.3,,,,,,,10918560.0,,
1993-07-31,79.32,,,,,,,9547650.0,,
1993-08-02,78.19,,,,,,,5289580.0,,
1993-08-03,78.48,,,,,,,7504430.0,,
1993-08-04,78.38,,,,,,,6217090.0,,
1993-08-05,79.76,,,,,,,10562790.0,,
1993-08-06,78.55,,,,,,,6915800.0,,
1993-08-07,78.08,,,,,,,5937670.0,,
1993-08-09,77.41,,,,,,,5565140.0,,
1993-08-10,78.54,,,,,,,7855030.0,,
1993-08-11,79.04,,,,,,,11457070.0,,
1993-08-12,79.22,,,,,,,7382870.0,,
1993-08-13,75.67,,,,,,,1091340.0,,
1993-08-14,72.72,,,,,,,15805150.0,,
1993-08-16,75.61,,,,,,,16199010.0,,
1993-08-17,75.47,,,,,,,14460860.0,,
1993-08-18,78.29,,,,,,,14557390.0,,
1993-08-19,81.12,,,,,,,28799130.0,,
1993-08-20,80.23,,,,,,,25316270.0,,
1993-08-21,80.78,,,,,,,10817290.0,,
1993-08-23,79.83,,,,,,,10442370.0,,
1993-08-24,78.54,,,,,,,10917200.0,,
1993-08-25,77.42,,,,,,,9086780.0,,
1993-08-26,76.39,,,,,,,7491540.0,,
1993-08-27,75.35,,,,,,,8841600.0,,
1993-08-28,75.84,,,,,,,6342420.0,,
1993-08-30,73.93,,,,,,,7164430.0,,
1993-08-31,73.24,,,,,,,9312180.0,,
1993-09-01,74.36,,,,,,,7408680.0,,
1993-09-02,74.42,,,,,,,9102270.0,,
1993-09-03,74.58,,,,,,,7468430.0,,
1993-09-04,72.99,,,,,,,5065690.0,,
1993-09-06,74.07,,,,,,,7635660.0,,
1993-09-07,75.72,,,,,,,13042860.0,,
1993-09-08,74.96,,,,,,,9752240.0,,
1993-09-09,76.36,,,,,,,16522710.0,,
1993-09-10,76.3,,,,,,,11732590.0,,
1993-09-11,76.27,,,,,,,5738520.0,,
1993-09-13,76.75,,,,,,,12863740.0,,
1993-09-14,76.1,,,,,,,7274680.0,,
1993-09-15,75.64,,,,,,,8123780.0,,
1993-09-16,75.15,,,,,,,6222720.0,,
1993-09-17,75.41,,,,,,,7266540.0,,
1993-09-18,75.17,,,,,,,4563040.0,,
1993-09-20,76.22,,,,,,,10087110.0,,
1993-09-21,76.1,,,,,,,9689710.0,,
1993-09-22,76.4,,,,,,,10600520.0,,
1993-09-23,77.06,,,,,,,13919310.0,,
1993-09-24,76.89,,,,,,,10546090.0,,
1993-09-25,77.02,,,,,,,6231620.0,,
1993-09-27,78.54,,,,,,,13823200.0,,
1993-09-28,78.6,,,,,,,12846880.0,,
1993-10-02,78.68,,,,,,,6387380.0,,
1993-10-04,78.19,,,,,,,8308420.0,,
1993-10-05,78.4,,,,,,,13217450.0,,
1993-10-06,78.25,,,,,,,10284660.0,,
1993-10-07,78.27,,,,,,,10504790.0,,
1993-10-08,77.93,,,,,,,9144760.0,,
1993-10-09,77.75,,,,,,,6091430.0,,
1993-10-11,78.84,,,,,,,10811190.0,,
1993-10-12,78.92,,,,,,,16328200.0,,
1993-10-13,80.65,,,,,,,19525450.0,,
1993-10-14,80.29,,,,,,,27748800.0,,
1993-10-15,79.98,,,,,,,14094510.0,,
1993-10-16,80.34,,,,,,,10955280.0,,
1993-10-18,81.09,,,,,,,18541420.0,,
1993-10-19,80.46,,,,,,,21540310.0,,
1993-10-20,80.11,,,,,,,15487690.0,,
1993-10-21,80.32,,,,,,,20335430.0,,
1993-10-22,79.8,,,,,,,12780070.0,,
1993-10-23,79.7,,,,,,,9997820.0,,
1993-10-25,80.3,,,,,,,15379470.0,,
1993-10-26,80.92,,,,,,,17294210.0,,
1993-10-27,80.61,,,,,,,14940650.0,,
1993-10-28,80.36,,,,,,,15598640.0,,
1993-10-29,80.37,,,,,,,17254440.0,,
1993-10-30,81.44,,,,,,,14810550.0,,
1993-11-01,82.88,,,,,,,23430070.0,,
1993-11-02,82.68,,,,,,,23945650.0,,
1993-11-03,82.51,,,,,,,28405950.0,,
1993-11-04,83.72,,,,,,,19252750.0,,
1993-11-05,84.71,,,,,,,31006490.0,,
1993-11-06,84.25,,,,,,,17593460.0,,
1993-11-08,84.93,,,,,,,23380840.0,,
1993-11-09,85.7,,,,,,,29055330.0,,
1993-11-10,85.44,,,,,,,33697170.0,,
1993-11-11,85.99,,,,,,,22746270.0,,
1993-11-12,86.8,,,,,,,27813950.0,,
1993-11-13,87.38,,,,,,,20618980.0,,
1993-11-15,88.84,,,,,,,31261230.0,,
1993-11-16,87.78,,,,,,,32777650.0,,
1993-11-17,88.62,,,,,,,26478380.0,,
1993-11-18,90.0,,,,,,,32268790.0,,
1993-11-19,91.86,,,,,,,32361980.0,,
1993-11-20,92.44,,,,,,,29450230.0,,
1993-11-22,91.14,,,,,,,36716790.0,,
1993-11-23,89.3,,,,,,,29384490.0,,
1993-11-24,90.92,,,,,,,31350980.0,,
1993-11-25,89.64,,,,,,,29374480.0,,
1993-11-26,88.5,,,,,,,19195290.0,,
1993-11-27,88.07,,,,,,,14510710.0,,
1993-11-29,88.0,,,,,,,14823440.0,,
1993-11-30,88.88,,,,,,,17825910.0,,
1993-12-01,88.78,,,,,,,17388480.0,,
1993-12-02,87.98,,,,,,,19037160.0,,
1993-12-03,88.72,,,,,,,15821100.0,,
1993-12-04,90.45,,,,,,,16349970.0,,
1993-12-06,91.22,,,,,,,30205040.0,,
1993-12-07,90.83,,,,,,,25771130.0,,
1993-12-08,92.48,,,,,,,30991780.0,,
1993-12-09,93.38,,,,,,,43208040.0,,
1993-12-10,95.84,,,,,,,41451700.0,,
1993-12-11,96.15,,,,,,,31806860.0,,
1993-12-13,93.72,,,,,,,28186400.0,,
1993-12-14,94.38,,,,,,,24875120.0,,
1993-12-15,95.68,,,,,,,28739100.0,,
1993-12-16,96.15,,,,,,,31435770.0,,
1993-12-17,96.4,,,,,,,29525790.0,,
1993-12-18,95.18,,,,,,,20509660.0,,
1993-12-20,93.31,,,,,,,21135160.0,,
1993-12-21,95.34,,,,,,,22602440.0,,
1993-12-22,95.72,,,,,,,29326890.0,,
1993-12-23,94.49,,,,,,,22910140.0,,
1993-12-24,94.99,,,,,,,23141990.0,,
1993-12-27,96.78,,,,,,,25440800.0,,
1993-12-28,96.19,,,,,,,27476470.0,,
1994-01-03,97.5,,,,,,,12771020.0,,
1994-01-04,97.24,,,,,,,24638220.0,,
1994-01-05,98.51,,,,,,,26505090.0,,
1994-01-06,99.26,,,,,,,35694240.0,,
1994-01-07,99.59,,,,,,,45028910.0,,
1994-01-08,98.98,,,,,,,26122100.0,,
1994-01-10,96.79,,,,,,,29472110.0,,
1994-01-11,97.71,,,,,,,24719890.0,,
1994-01-12,98.43,,,,,,,30456090.0,,
1994-01-13,100.03,,,,,,,36198760.0,,
1994-01-14,97.71,,,,,,,32306890.0,,
1994-01-15,96.47,,,,,,,16086510.0,,
1994-01-17,95.89,,,,,,,17948490.0,,
1994-01-18,97.32,,,,,,,20953290.0,,
1994-01-19,99.32,,,,,,,21717130.0,,
1994-01-20,98.34,,,,,,,33110650.0,,
1994-01-21,97.28,,,,,,,25720490.0,,
1994-01-22,98.13,,,,,,,17230840.0,,
1994-01-24,99.37,,,,,,,28272510.0,,
1994-01-25,99.66,,,,,,,32103860.0,,
1994-01-26,100.03,,,,,,,32029280.0,,
1994-01-27,101.76,,,,,,,32436480.0,,
1994-01-28,103.92,,,,,,,35870830.0,,
1994-01-29,106.05,,,,,,,26040570.0,,
1994-01-31,105.81,,,,,,,44689760.0,,
1994-02-01,107.67,,,,,,,39135160.0,,
1994-02-02,109.38,,,,,,,41957790.0,,
1994-02-03,107.4,,,,,,,38526240.0,,
1994-02-04,108.39,,,,,,,37245330.0,,
1994-02-05,105.6,,,,,,,35742960.0,,
1994-02-07,102.25,,,,,,,18576550.0,,
1994-02-08,103.21,,,,,,,21660420.0,,
1994-02-12,102.61,,,,,,,11729180.0,,
1994-02-14,100.82,,,,,,,12308040.0,,
1994-02-15,101.08,,,,,,,12086620.0,,
1994-02-16,103.29,,,,,,,16669900.0,,
1994-02-17,103.2,,,,,,,20415340.0,,
1994-02-18,103.63,,,,,,,19313130.0,,
1994-02-19,104.43,,,,,,,14532890.0,,
1994-02-21,105.91,,,,,,,20044740.0,,
1994-02-22,106.83,,,,,,,22588990.0,,
1994-02-23,106.45,,,,,,,20753130.0,,
1994-02-24,104.34,,,,,,,18337190.0,,
1994-02-25,102.89,,,,,,,14793860.0,,
1994-02-26,103.67,,,,,,,11260920.0,,
1994-02-28,102.83,,,,,,,17582270.0,,
1994-03-02,101.51,,,,,,,12135450.0,,
1994-03-03,101.1,,,,,,,12179580.0,,
1994-03-04,100.47,,,,,,,12369400.0,,
1994-03-05,101.24,,,,,,,7841710.0,,
1994-03-07,100.4,,,,,,,9876020.0,,
1994-03-08,99.13,,,,,,,11876320.0,,
1994-03-09,98.37,,,,,,,13259140.0,,
1994-03-10,98.55,,,,,,,12181850.0,,
1994-03-11,101.43,,,,,,,18372910.0,,
1994-03-12,101.77,,,,,,,15372620.0,,
1994-03-14,102.84,,,,,,,24046310.0,,
1994-03-15,102.51,,,,,,,30867340.0,,
1994-03-16,101.96,,,,,,,24715970.0,,
1994-03-17,100.79,,,,,,,24221470.0,,
1994-03-18,100.13,,,,,,,21436010.0,,
1994-03-19,100.11,,,,,,,14046030.0,,
1994-03-21,99.21,,,,,,,21224690.0,,
1994-03-22,98.57,,,,,,,13671590.0,,
1994-03-23,98.84,,,,,,,16687870.0,,
1994-03-24,98.23,,,,,,,18675740.0,,
1994-03-25,97.22,,,,,,,18000330.0,,
1994-03-26,97.64,,,,,,,11905070.0,,
1994-03-28,99.0,,,,,,,20125970.0,,
1994-03-29,98.06,,,,,,,20178000.0,,
1994-03-30,96.8,,,,,,,18054560.0,,
1994-03-31,97.03,,,,,,,15297140.0,,
1994-04-01,96.49,,,,,,,20445260.0,,
1994-04-02,95.64,,,,,,,16225660.0,,
1994-04-04,96.22,,,,,,,15161220.0,,
1994-04-06,96.33,,,,,,,13626110.0,,
1994-04-07,96.2,,,,,,,14750470.0,,
1994-04-08,97.31,,,,,,,15943850.0,,
1994-04-09,98.52,,,,,,,12626320.0,,
1994-04-11,99.95,,,,,,,23145020.0,,
1994-04-12,98.37,,,,,,,16243370.0,,
1994-04-13,98.53,,,,,,,15618510.0,,
1994-04-14,98.59,,,,,,,12887940.0,,
1994-04-15,99.44,,,,,,,14192910.0,,
1994-04-16,100.05,,,,,,,13862830.0,,
1994-04-18,99.94,,,,,,,14437160.0,,
1994-04-19,99.31,,,,,,,14151370.0,,
1994-04-20,98.85,,,,,,,11850290.0,,
1994-04-21,99.17,,,,,,,15349520.0,,
1994-04-22,99.31,,,,,,,12867750.0,,
1994-04-23,100.21,,,,,,,12648770.0,,
1994-04-25,100.25,,,,,,,16579610.0,,
1994-04-26,99.79,,,,,,,13507920.0,,
1994-04-27,100.86,,,,,,,16967050.0,,
1994-04-28,102.47,,,,,,,24889740.0,,
1994-04-29,101.58,,,,,,,26392150.0,,
1994-04-30,102.72,,,,,,,15072380.0,,
1994-05-02,104.24,,,,,,,28372970.0,,
1994-05-03,104.34,,,,,,,23490830.0,,
1994-05-04,105.22,,,,,,,35865180.0,,
1994-05-06,106.0,,,,,,,26576690.0,,
1994-05-07,106.76,,,,,,,19761380.0,,
1994-05-09,107.23,,,,,,,26459730.0,,
1994-05-10,108.16,,,,,,,24240700.0,,
1994-05-11,108.28,,,,,,,28690170.0,,
1994-05-12,108.76,,,,,,,24774410.0,,
1994-05-13,108.5,,,,,,,28011070.0,,
1994-05-14,107.41,,,,,,,21521900.0,,
1994-05-16,107.3,,,,,,,18104690.0,,
1994-05-17,107.91,,,,,,,22324170.0,,
1994-05-19,108.56,,,,,,,28389920.0,,
1994-05-20,108.18,,,,,,,24597160.0,,
1994-05-21,107.74,,,,,,,19350090.0,,
1994-05-23,107.53,,,,,,,18170380.0,,
1994-05-24,107.39,,,,,,,19108840.0,,
1994-05-25,107.22,,,,,,,16785760.0,,
1994-05-26,108.14,,,,,,,17213470.0,,
1994-05-27,108.46,,,,,,,22348870.0,,
1994-05-28,108.12,,,,,,,14292380.0,,
1994-05-30,107.3,,,,,,,15055060.0,,
1994-05-31,106.52,,,,,,,15422060.0,,
1994-06-01,105.64,,,,,,,13329470.0,,
1994-06-02,106.12,,,,,,,14856790.0,,
1994-06-03,106.42,,,,,,,14953490.0,,
1994-06-04,104.8,,,,,,,10229620.0,,
1994-06-07,103.84,,,,,,,12134020.0,2993306760.0,
1994-06-08,104.96,,,,,,,14161590.0,3037519650.0,
1994-06-09,105.3,,,,,,,18104890.0,4004866920.0,
1994-06-10,104.61,,,,,,,13832830.0,3337784010.0,
1994-06-11,103.54,,,,,,,9889500.0,2253276630.0,
1994-06-13,104.19,,,,,,,15238710.0,3091686240.0,
1994-06-14,102.05,,,,,,,20382360.0,4169603420.0,
1994-06-15,100.75,,,,,,,15876540.0,3220816030.0,
1994-06-16,101.99,,,,,,,17040150.0,3502977880.0,
1994-06-17,103.88,,,,,,,20101150.0,4178160030.0,
1994-06-18,104.64,,,,,,,13625960.0,2696172640.0,
1994-06-20,106.64,,,,,,,28646790.0,5327964600.0,
1994-06-21,106.02,,,,,,,28687410.0,4878955870.0,
1994-06-22,105.82,,,,,,,27826510.0,4895176240.0,
1994-06-23,105.71,,,,,,,36026740.0,5865382820.0,
1994-06-24,105.02,,,,,,,27961730.0,4468458130.0,
1994-06-25,103.8,,,,,,,13989320.0,2653853970.0,
1994-06-27,105.09,,,,,,,20300500.0,3594865960.0,
1994-06-28,104.32,,,,,,,27815550.0,5473511050.0,
1994-06-29,105.53,,,,,,,17002960.0,3081021490.0,
1994-06-30,105.27,,,,,,,16200660.0,3398700020.0,
1994-07-01,105.35,,,,,,,15067110.0,2907847090.0,
1994-07-02,105.84,,,,,,,15231480.0,2984633280.0,
1994-07-04,107.6,,,,,,,20274620.0,4448615350.0,
1994-07-05,108.56,,,,,,,20923310.0,4372700290.0,
1994-07-06,107.55,,,,,,,22470600.0,5462475840.0,
1994-07-07,106.44,,,,,,,19397870.0,4242047470.0,
1994-07-08,106.75,,,,,,,20191910.0,4308206410.0,
1994-07-09,107.72,,,,,,,17523750.0,3434098520.0,
1994-07-11,106.89,,,,,,,27184570.0,5515790350.0,
1994-07-12,108.15,,,,,,,24826730.0,5115447800.0,
1994-07-13,108.12,,,,,,,25382770.0,5146892940.0,
1994-07-14,107.9,,,,,,,18506020.0,3874602690.0,
1994-07-15,106.86,,,,,,,16972640.0,3670303290.0,
1994-07-16,106.86,,,,,,,8958240.0,1987107730.0,
1994-07-18,106.19,,,,,,,10329640.0,2225427500.0,
1994-07-19,105.36,,,,,,,10697700.0,2429597770.0,
1994-07-20,104.94,,,,,,,11452420.0,2763657970.0,
1994-07-21,104.7,,,,,,,9466850.0,2122397350.0,
1994-07-22,105.01,,,,,,,11842220.0,2491065100.0,
1994-07-23,106.57,,,,,,,11154720.0,2375501340.0,
1994-07-25,105.27,,,,,,,11727780.0,2687502410.0,
1994-07-26,104.87,,,,,,,11199550.0,2512893090.0,
1994-07-27,104.78,,,,,,,12231820.0,2954046130.0,
1994-07-28,103.94,,,,,,,10190870.0,2360150590.0,
1994-07-29,105.05,,,,,,,11700260.0,3029457530.0,
1994-07-30,104.41,,,,,,,8080120.0,1924775020.0,
1994-08-01,105.15,,,,,,,9268410.0,2510378620.0,
1994-08-02,104.49,,,,,,,7960890.0,2180825900.0,
1994-08-03,103.93,,,,,,,8989480.0,2306197460.0,
1994-08-04,104.35,,,,,,,9800880.0,2592228480.0,
1994-08-05,105.52,,,,,,,11836190.0,3510157430.0,
1994-08-06,105.21,,,,,,,6826310.0,1923837070.0,
1994-08-08,103.76,,,,,,,9541610.0,2780977510.0,
1994-08-09,103.45,,,,,,,7553380.0,2099696180.0,
1994-08-10,105.06,,,,,,,11295020.0,2819572880.0,
1994-08-11,106.24,,,,,,,10858820.0,2796957280.0,
1994-08-12,107.01,,,,,,,14589590.0,3675977900.0,
1994-08-13,106.66,,,,,,,11148040.0,2993538200.0,
1994-08-16,106.21,,,,,,,10549530.0,2723502770.0,
1994-08-17,106.63,,,,,,,12547850.0,3410142830.0,
1994-08-18,107.32,,,,,,,17824300.0,4393776150.0,
1994-08-19,107.11,,,,,,,15562490.0,4052901480.0,
1994-08-20,107.73,,,,,,,12704380.0,3105603070.0,
1994-08-22,109.71,,,,,,,22761260.0,5917568100.0,
1994-08-23,108.5,,,,,,,23731510.0,5401236190.0,
1994-08-24,107.55,,,,,,,20131950.0,4179694790.0,
1994-08-25,107.79,,,,,,,16062160.0,3874058450.0,
1994-08-26,108.62,,,,,,,21754440.0,4339089590.0,
1994-08-27,107.35,,,,,,,14196410.0,3222093170.0,
1994-08-29,106.59,,,,,,,15094120.0,3210978340.0,
1994-08-30,107.27,,,,,,,14322390.0,3092917000.0,
1994-08-31,107.97,,,,,,,20487270.0,4209828590.0,
1994-09-01,108.84,,,,,,,23174950.0,4598411650.0,
1994-09-02,108.49,,,,,,,21344570.0,4317888880.0,
1994-09-03,109.14,,,,,,,15690430.0,3049278990.0,
1994-09-05,111.83,,,,,,,25010460.0,4401387060.0,
1994-09-06,113.1,,,,,,,37397270.0,6321421970.0,
1994-09-07,112.39,,,,,,,26515660.0,7589995480.0,
1994-09-08,114.7,,,,,,,25447630.0,5761511760.0,
1994-09-09,113.74,,,,,,,31505340.0,7138069350.0,
1994-09-10,113.67,,,,,,,14445660.0,3292677630.0,
1994-09-12,114.71,,,,,,,22695030.0,5133519330.0,
1994-09-13,114.56,,,,,,,26520100.0,5688380130.0,
1994-09-14,115.15,,,,,,,25403230.0,5911033870.0,
1994-09-15,113.77,,,,,,,23550100.0,6768372030.0,
1994-09-16,115.06,,,,,,,20530890.0,5214260910.0,
1994-09-17,117.92,,,,,,,20016880.0,4772676880.0,
1994-09-22,118.9,,,,,,,28649290.0,6162505360.0,
1994-09-23,118.33,,,,,,,32579240.0,7564169820.0,
1994-09-24,118.95,,,,,,,25412230.0,5544260300.0,
1994-09-26,119.58,,,,,,,36916590.0,7708360990.0,
1994-09-27,120.35,,,,,,,31412310.0,7130730820.0,
1994-09-28,118.66,,,,,,,35694900.0,8232778790.0,
1994-09-29,118.55,,,,,,,26787640.0,5658486930.0,
1994-09-30,120.16,,,,,,,31512090.0,6850717950.0,
1994-10-01,120.53,,,,,,,20025440.0,4513605420.0,
1994-10-04,121.83,,,,,,,29872030.0,6478881980.0,
1994-10-05,121.23,,,,,,,35748520.0,8146268950.0,
1994-10-06,122.79,,,,,,,35311710.0,6856088680.0,
1994-10-07,122.15,,,,,,,40272970.0,8603855700.0,
1994-10-08,121.55,,,,,,,19390080.0,4579726540.0,
1994-10-10,122.3,,,,,,,24955380.0,5338579060.0,
1994-10-11,123.36,,,,,,,27590200.0,5932263740.0,
1994-10-12,124.43,,,,,,,27400070.0,6118279040.0,
1994-10-13,125.4,,,,,,,29763070.0,6691058540.0,
1994-10-14,126.26,,,,,,,32315730.0,7666531750.0,
1994-10-15,125.32,,,,,,,21309990.0,5150923690.0,
1994-10-17,126.71,,,,,,,29397050.0,6720740220.0,
1994-10-18,126.89,,,,,,,30672960.0,7254283600.0,
1994-10-19,124.4,,,,,,,28831730.0,8716230880.0,
1994-10-20,123.52,,,,,,,25140430.0,6203131860.0,
1994-10-21,124.0,,,,,,,29573130.0,7348534630.0,
1994-10-22,123.11,,,,,,,18691220.0,4652950280.0,
1994-10-24,122.09,,,,,,,24352940.0,6376644630.0,
1994-10-25,123.38,,,,,,,23324400.0,5652102640.0,
1994-10-26,123.69,,,,,,,30811690.0,7572416410.0,
1994-10-27,122.87,,,,,,,31546330.0,8003400570.0,
1994-10-28,122.96,,,,,,,25168400.0,6256786600.0,
1994-10-29,125.11,,,,,,,19571910.0,4515429960.0,
1994-10-31,126.1,,,,,,,,,
1994-11-01,126.52,1.0,0.42,0.0033,,,,,,
1994-11-02,125.95,2.0,-0.57,-0.0045,,,,,,
1994-11-03,127.47,1.0,1.52,0.0121,,,,,,
1994-11-04,127.71,1.0,0.24,0.0019,,,,,,
1994-11-05,128.33,1.0,0.62,0.0049,,,,,,
1994-11-07,129.04,1.0,0.71,0.0055,,,,,,
1994-11-08,129.88,1.0,0.84,0.0065,,,,,,
1994-11-09,130.12,1.0,0.24,0.0018,,,,,,
1994-11-10,128.94,2.0,-1.18,-0.0091,,,,,,
1994-11-11,128.16,2.0,-0.78,-0.006,,,,,,
1994-11-12,127.31,2.0,-0.85,-0.0066,,,,,,
1994-11-14,128.64,1.0,1.33,0.0104,,,,,,
1994-11-15,128.16,2.0,-0.48,-0.0037,,,,,,
1994-11-16,126.81,2.0,-1.35,-0.0105,,,,,,
1994-11-17,126.8,2.0,-0.01,-0.0001,,,,,,
1994-11-18,126.35,2.0,-0.45,-0.0034999999999999,,,,,,
1994-11-19,126.15,2.0,-0.2,-0.0016,,,,,,
1994-11-21,125.99,2.0,-0.16,-0.0013,,,,,,
1994-11-22,124.84,2.0,-1.15,-0.0091,,,,,,
1994-11-23,123.41,2.0,-1.43,-0.0115,,,,,,
1994-11-24,122.15,2.0,-1.26,-0.0102,,,,,,
1994-11-25,121.49,2.0,-0.66,-0.0054,,,,,,
1994-11-26,121.78,1.0,0.29,0.0024,,,,,,
1994-11-28,120.36,2.0,-1.42,-0.0116999999999999,,,,,,
1994-11-29,121.94,1.0,1.58,0.0131,,,,,,
1994-11-30,121.04,2.0,-0.9,-0.0074,,,,,,
1994-12-01,119.86,2.0,-1.18,-0.0097,,,,,,
1994-12-02,117.71,2.0,-2.15,-0.0179,,,,,,
1994-12-03,117.54,2.0,-0.17,-0.0014,,,,,,
1994-12-05,118.59,1.0,1.05,0.0089,,,,,,
1994-12-06,119.9,1.0,1.31,0.011,,,,,,
1994-12-07,119.05,2.0,-0.85,-0.0070999999999999,,,,,,
1994-12-08,116.87,2.0,-2.18,-0.0183,,,,,,
1994-12-09,114.96,2.0,-1.91,-0.0163,,,,,,
1994-12-10,114.84,2.0,-0.12,-0.001,,,,,,
1994-12-12,116.07,1.0,1.23,0.0107,,,,,,
1994-12-13,113.88,2.0,-2.19,-0.0189,,,,,,
1994-12-14,114.22,1.0,0.34,0.003,,,,,,
1994-12-15,114.67,1.0,0.45,0.0039,,,,,,
1994-12-16,115.58,1.0,0.91,0.0079,,,,,,
1994-12-17,115.5,2.0,-0.08,-0.0007,,,,,,
1994-12-19,114.14,2.0,-1.36,-0.0118,,,,,,
1994-12-20,113.38,2.0,-0.76,-0.0067,,,,,,
1994-12-21,113.54,1.0,0.16,0.0014,,,,,,
1994-12-22,115.02,1.0,1.48,0.013,,,,,,
1994-12-23,114.95,2.0,-0.07,-0.0006,,,,,,
1994-12-24,114.17,2.0,-0.78,-0.0068,,,,,,
1994-12-26,112.95,2.0,-1.22,-0.0107,,,,,,
1994-12-27,113.38,1.0,0.43,0.0038,,,,,,
1994-12-28,113.51,1.0,0.13,0.0011,,,,,,
1995-01-03,111.56,2.0,-1.95,-0.0172,113.52,113.96,111.56,9664890.0,187812497800.0,
1995-01-04,109.3,2.0,-2.26,-0.0203,,,111.58,20981590.0,429729685600.0,
1995-01-05,106.99,2.0,-2.31,-0.0210999999999999,109.2,109.25,106.99,29427600.0,549411499800.0,
1995-01-06,107.17,1.0,0.18,0.0017,106.99,107.98,106.99,29659210.0,601509674300.0,
1995-01-07,108.91,1.0,1.74,0.0162,107.2,109.54,107.2,17205510.0,354389567000.0,
1995-01-09,109.9,1.0,0.99,0.0091,108.94,110.4,108.94,29853870.0,549771186100.0,
1995-01-10,109.26,2.0,-0.64,-0.0058,109.9,110.84,109.26,25898960.0,484799613600.0,
1995-01-11,107.97,2.0,-1.29,-0.0118,109.26,111.01,107.97,21817350.0,442575880600.0,
1995-01-12,110.08,1.0,2.11,0.0195,109.98,111.46,109.98,22220730.0,445769589300.0,
1995-01-13,107.12,2.0,-2.96,-0.0269,110.08,110.36,107.12,17001760.0,364592615200.0,
1995-01-14,106.36,2.0,-0.76,-0.0070999999999999,107.06,107.06,106.36,13995300.0,265256724600.0,
1995-01-16,104.8,2.0,-1.56,-0.0147,106.29,106.29,104.8,15638350.0,305660153600.0,
1995-01-17,104.66,2.0,-0.14,-0.0013,104.8,106.0,104.66,16405470.0,336997572400.0,
1995-01-18,106.14,1.0,1.48,0.0141,104.65,106.91,104.65,14485060.0,310588555100.0,
1995-01-19,107.35,1.0,1.21,0.0113999999999999,106.12,107.9,106.12,16479000.0,342525639300.0,
1995-01-20,106.89,2.0,-0.46,-0.0043,107.36,108.03,106.89,14974880.0,331860793600.0,
1995-01-21,104.82,2.0,-2.07,-0.0194,106.88,106.88,104.82,6672240.0,143608719300.0,
1995-01-23,102.67,2.0,-2.15,-0.0204999999999999,104.82,104.82,102.67,12438150.0,245912039900.0,
1995-01-24,100.73,2.0,-1.94,-0.0189,102.62,102.62,100.73,,,
1995-01-25,101.36,1.0,0.63,0.0063,100.73,102.47,100.73,14440790.0,288829678800.0,
1995-01-26,103.01,1.0,1.65,0.0163,101.36,103.97,101.36,16194560.0,315046399800.0,
1995-01-27,100.65,2.0,-2.36,-0.0229,103.0,103.0,100.65,12837610.0,289057260600.0,
1995-01-28,102.85,1.0,2.2,0.0219,,,,9618870.0,203516251000.0,
1995-02-04,105.26,,,,104.06,105.6,103.79,11687490.0,246447746900.0,
1995-02-06,104.5,2.0,-0.76,-0.0072,105.26,106.57,104.33,15508410.0,325839263100.0,
1995-02-07,104.07,2.0,-0.43,-0.0040999999999999,104.56,105.39,103.93,11063250.0,262803633800.0,
1995-02-08,105.67,1.0,1.6,0.0154,104.1,106.15,104.1,13864470.0,325468258200.0,
1995-02-09,106.19,1.0,0.52,0.0049,105.69,106.8,105.69,13403590.0,339886990700.0,
1995-02-10,105.08,2.0,-1.11,-0.0105,106.2,106.51,104.99,13053590.0,309786193000.0,
1995-02-11,104.93,2.0,-0.15,-0.0014,105.07,105.58,104.37,8285960.0,197349611400.0,
1995-02-13,105.16,1.0,0.23,0.0022,105.04,105.88,105.04,12276540.0,281519558600.0,
1995-02-14,103.42,2.0,-1.74,-0.0165,105.17,105.5,103.05,12780860.0,278259633900.0,
1995-02-15,101.56,2.0,-1.86,-0.018,103.42,103.45,101.51,10296690.0,225712578400.0,
1995-02-16,101.39,2.0,-0.17,-0.0017,101.54,101.54,99.83,11474750.0,213032837700.0,
1995-02-17,99.83,2.0,-1.56,-0.0154,101.39,101.64,99.83,12393030.0,208582261100.0,
1995-02-18,99.76,2.0,-0.07,-0.0007,99.75,99.89,98.24,8959740.0,154088201200.0,
1995-02-20,102.08,1.0,2.32,0.0233,99.77,102.08,99.77,13422900.0,227937373200.0,
1995-02-21,100.78,2.0,-1.3,-0.0127,102.08,102.79,100.78,12646830.0,228797871800.0,
1995-02-22,101.3,1.0,0.52,0.0052,100.74,101.45,100.05,12472900.0,212930547300.0,
1995-02-23,100.07,2.0,-1.23,-0.0121,101.28,102.4,100.07,11841350.0,215971491100.0,
1995-02-24,98.69,2.0,-1.38,-0.0138,100.02,100.16,98.57,10603480.0,184808533200.0,
1995-02-25,101.36,1.0,2.67,0.0271,98.74,101.36,98.63,10073260.0,164941987000.0,
1995-02-27,99.63,2.0,-1.73,-0.0171,101.26,101.26,97.87,16384030.0,254201574600.0,
1995-02-28,98.9,2.0,-0.73,-0.0073,99.54,100.64,98.48,14178290.0,243960957800.0,
1995-03-02,100.93,1.0,2.03,0.0204999999999999,98.9,101.77,98.88,13052020.0,218855680500.0,
1995-03-03,101.37,1.0,0.44,0.0044,100.97,102.16,99.99,16744760.0,276226704800.0,
1995-03-04,102.43,1.0,1.06,0.0105,101.4,102.66,101.4,9509270.0,168315441600.0,
1995-03-06,104.15,1.0,1.72,0.0168,102.47,104.16,102.47,15574360.0,284430458700.0,
1995-03-07,104.48,1.0,0.33,0.0032,104.15,105.2,103.69,17438020.0,339476335200.0,
1995-03-08,104.67,1.0,0.19,0.0018,104.49,105.27,104.23,15239870.0,326803942900.0,
1995-03-09,105.1,1.0,0.43,0.0040999999999999,104.64,105.36,104.05,16509930.0,346022868700.0,
1995-03-10,105.25,1.0,0.15,0.0014,105.1,106.12,104.79,14285880.0,331287047600.0,
1995-03-11,106.47,1.0,1.22,0.0116,105.27,106.54,105.27,10983910.0,221046330100.0,
1995-03-13,106.42,2.0,-0.05,-0.0005,106.46,108.45,106.42,18941020.0,378221198100.0,
1995-03-14,107.14,1.0,0.72,0.0068,106.4,107.14,105.87,13734660.0,321002152200.0,
1995-03-15,106.87,2.0,-0.27,-0.0025,107.13,107.94,106.66,17626240.0,343392097100.0,
1995-03-16,106.96,1.0,0.09,0.0008,106.86,107.65,106.78,13737080.0,323401807200.0,
1995-03-17,106.95,2.0,-0.01,-0.0001,106.94,108.16,105.98,17638290.0,382923527600.0,
1995-03-18,107.03,1.0,0.08,0.0007,106.94,107.52,106.55,9961000.0,238798251800.0,
1995-03-20,108.02,1.0,0.99,0.0092,107.03,108.72,107.03,15835450.0,380342023000.0,
1995-03-21,106.78,2.0,-1.24,-0.0115,108.03,108.16,106.74,13827170.0,301366397700.0,
1995-03-22,106.21,2.0,-0.57,-0.0053,106.78,107.3,105.87,13610730.0,304078011800.0,
1995-03-23,106.76,1.0,0.55,0.0052,106.23,107.12,105.93,13393320.0,302929118700.0,
1995-03-24,107.72,1.0,0.96,0.009,106.76,108.01,106.73,22577690.0,457482607600.0,
1995-03-25,107.95,1.0,0.23,0.0021,107.73,108.66,107.73,11604930.0,313253794800.0,
1995-03-27,107.56,2.0,-0.39,-0.0036,107.92,108.1,107.52,12982340.0,299193535800.0,
1995-03-28,106.87,2.0,-0.69,-0.0064,107.57,108.88,106.87,15768420.0,409984665900.0,
1995-03-29,105.5,2.0,-1.37,-0.0128,106.82,106.92,105.48,12795420.0,299195817600.0,
1995-03-30,104.34,2.0,-1.16,-0.011,105.51,106.29,104.21,13515600.0,293854584900.0,
1995-03-31,104.86,1.0,0.52,0.005,104.28,104.86,103.84,12507310.0,266541809000.0,
1995-04-01,105.11,1.0,0.25,0.0024,105.11,105.24,104.31,4914740.0,162960934200.0,
1995-04-03,103.86,2.0,-1.25,-0.0118999999999999,103.83,103.86,102.64,4090750.0,193546943500.0,
1995-04-04,102.72,2.0,-1.14,-0.011,103.83,103.83,102.26,9669520.0,182564898000.0,
1995-04-06,102.18,2.0,-0.54,-0.0053,102.72,103.35,101.85,9596540.0,174903736200.0,
1995-04-07,102.98,1.0,0.8,0.0078,102.15,102.98,102.01,9759230.0,184467608100.0,
1995-04-08,102.12,2.0,-0.86,-0.0084,102.98,103.15,102.12,6946930.0,124016498400.0,
1995-04-10,101.15,2.0,-0.97,-0.0095,102.1,103.25,101.15,8894580.0,173939900100.0,
1995-04-11,100.55,2.0,-0.6,-0.0059,101.07,101.07,99.66,8748230.0,162783328400.0,
1995-04-12,100.5,2.0,-0.05,-0.0005,100.53,101.31,100.49,8527870.0,157290562400.0,
1995-04-13,100.3,2.0,-0.2,-0.002,100.47,100.7,99.85,8791630.0,174260693300.0,
1995-04-14,101.9,1.0,1.6,0.016,100.29,101.9,99.75,10768730.0,200292479300.0,
1995-04-15,102.35,1.0,0.45,0.0044,101.94,102.87,101.9,9765100.0,180969163100.0,
1995-04-17,103.53,1.0,1.18,0.0115,102.35,103.89,102.35,11768470.0,255276270600.0,
1995-04-18,103.47,2.0,-0.06,-0.0006,103.59,104.49,103.2,10084780.0,230219519700.0,
1995-04-19,102.74,2.0,-0.73,-0.0070999999999999,103.64,103.66,102.69,12105600.0,250997987600.0,
1995-04-20,102.68,2.0,-0.06,-0.0006,102.72,103.3,102.23,11785890.0,229080809000.0,
1995-04-21,102.38,2.0,-0.3,-0.0029,102.7,104.43,101.58,15782690.0,386057279500.0,
1995-04-22,101.15,2.0,-1.23,-0.012,102.38,102.58,101.07,8207000.0,176476119300.0,
1995-04-24,99.43,2.0,-1.72,-0.017,101.12,101.12,99.43,9414270.0,192117978700.0,
1995-04-25,99.8,1.0,0.37,0.0037,99.4,100.05,98.81,9736560.0,199560737200.0,
1995-04-26,100.06,1.0,0.26,0.0026,99.84,101.09,99.84,10910130.0,264674109900.0,
1995-04-27,101.46,1.0,1.4,0.0139999999999999,100.22,101.95,100.22,14333580.0,255685907200.0,
1995-04-28,101.93,1.0,0.47,0.0046,101.44,102.16,99.47,16415880.0,282927371600.0,
1995-04-29,101.78,2.0,-0.15,-0.0015,101.88,102.22,101.52,9986670.0,176547460400.0,
1995-05-02,102.81,1.0,1.03,0.0101,101.71,102.89,101.71,16591210.0,240482169400.0,
1995-05-03,104.77,1.0,1.96,0.0191,102.81,106.01,102.81,19725080.0,412249368700.0,
1995-05-04,104.83,1.0,0.06,0.0006,104.77,105.59,104.77,17639400.0,329059122600.0,
1995-05-06,104.35,2.0,-0.48,-0.0046,104.75,105.47,104.35,9072440.0,184055895100.0,
1995-05-08,103.6,2.0,-0.75,-0.0072,104.27,104.34,103.41,11464070.0,211490646600.0,
1995-05-09,102.72,2.0,-0.88,-0.0085,103.59,104.08,102.59,11079200.0,217035819500.0,
1995-05-10,101.44,2.0,-1.28,-0.0125,102.72,102.9,101.42,8574400.0,164270840000.0,
1995-05-11,100.6,2.0,-0.84,-0.0083,101.39,101.59,100.48,11804670.0,203685824400.0,
1995-05-12,100.77,1.0,0.17,0.0017,100.54,101.16,99.82,12630390.0,197588378300.0,
1995-05-13,101.1,1.0,0.33,0.0033,100.87,102.0,100.87,13133850.0,191783299100.0,
1995-05-15,100.74,2.0,-0.36,-0.0036,101.11,101.64,100.71,14087570.0,199992313000.0,
1995-05-16,100.57,2.0,-0.17,-0.0017,100.74,101.27,100.46,10622360.0,162654996400.0,
1995-05-17,100.8,1.0,0.23,0.0023,100.53,101.58,100.47,13043050.0,197015983100.0,
1995-05-18,100.21,2.0,-0.59,-0.0059,100.69,101.11,100.09,10188890.0,160954751200.0,
1995-05-19,99.72,2.0,-0.49,-0.0049,100.28,100.61,99.52,10229290.0,158996630000.0,
1995-05-20,99.76,1.0,0.04,0.0004,99.73,99.76,99.03,5745490.0,89873585100.0,
1995-05-22,98.59,2.0,-1.17,-0.0116999999999999,99.69,99.69,98.53,6640360.0,108336985600.0,
1995-05-23,97.85,2.0,-0.74,-0.0075,98.43,98.86,97.85,10404690.0,160316891400.0,
1995-05-24,96.87,2.0,-0.98,-0.01,97.87,98.16,96.78,10028650.0,167524802600.0,
1995-05-25,98.33,1.0,1.46,0.0151,96.82,98.33,95.8,11547120.0,182920918600.0,
1995-05-26,96.63,2.0,-1.7,-0.0173,98.24,98.24,96.63,9230300.0,148160062600.0,
1995-05-27,96.1,2.0,-0.53,-0.0055,96.64,96.64,95.75,5012000.0,79115148000.0,
1995-05-29,100.88,1.0,4.78,0.0496999999999999,96.42,100.92,96.42,17815150.0,272988116100.0,
1995-05-30,99.96,2.0,-0.92,-0.0091,99.92,99.96,99.43,1475600.0,233851856200.0,
1995-05-31,99.96,3.0,0.0,0.0,99.92,100.08,99.39,12764110.0,192397267300.0,
1995-06-01,101.03,1.0,1.07,0.0107,99.97,101.13,99.97,12600790.0,204211345400.0,
1995-06-02,101.61,1.0,0.58,0.0056999999999999,101.03,102.64,101.03,12086250.0,216522240500.0,
1995-06-03,101.13,2.0,-0.48,-0.0046999999999999,101.62,101.62,100.79,7597700.0,122307743100.0,
1995-06-05,102.18,1.0,1.05,0.0104,101.04,102.18,100.94,11042830.0,214525511200.0,
1995-06-07,102.2,1.0,0.02,0.0002,102.17,102.93,101.96,11240030.0,228701657100.0,
1995-06-08,101.18,2.0,-1.02,-0.01,102.24,102.72,101.18,9986160.0,219708717800.0,
1995-06-09,100.78,2.0,-0.4,-0.004,101.1,101.21,100.56,11295000.0,214766183000.0,
1995-06-10,100.67,2.0,-0.11,-0.0011,100.83,101.31,100.67,6113950.0,112201285000.0,
1995-06-12,100.48,2.0,-0.19,-0.0019,100.5,100.83,100.39,8626240.0,150337137800.0,
1995-06-13,100.68,1.0,0.2,0.002,100.69,101.41,100.68,9178470.0,169581373100.0,
1995-06-14,100.53,2.0,-0.15,-0.0015,100.77,101.02,100.32,9206430.0,167811441900.0,
1995-06-15,99.93,2.0,-0.6,-0.006,100.45,100.52,99.93,9591190.0,174595117500.0,
1995-06-16,99.77,2.0,-0.16,-0.0016,99.91,100.1,99.55,9633940.0,172226640300.0,
1995-06-17,99.87,1.0,0.1,0.001,99.79,100.15,99.79,7065650.0,128289511700.0,
1995-06-19,100.42,1.0,0.55,0.0055,99.77,100.44,99.62,8911990.0,167563689500.0,
1995-06-20,100.1,2.0,-0.32,-0.0032,100.39,100.69,99.98,8982320.0,170666055000.0,
1995-06-21,99.4,2.0,-0.7,-0.0069999999999999,100.02,100.02,99.4,9416520.0,164066805900.0,
1995-06-22,98.64,2.0,-0.76,-0.0076,99.28,99.53,98.32,8246550.0,155258823400.0,
1995-06-23,98.84,1.0,0.2,0.002,98.67,98.95,98.08,9524620.0,180490958800.0,
1995-06-24,98.89,1.0,0.05,0.0005,98.87,99.13,98.42,7097750.0,138196811900.0,
1995-06-26,98.52,2.0,-0.37,-0.0037,98.85,98.94,98.37,12566890.0,266270585800.0,
1995-06-28,99.19,1.0,0.67,0.0068,98.3,100.89,97.42,11046700.0,250346053000.0,
1995-06-29,100.22,1.0,1.03,0.0104,99.21,100.22,99.11,10008650.0,193159731300.0,
1995-06-30,101.3,1.0,1.08,0.0108,99.87,101.3,99.68,12263510.0,238356057400.0,
1995-07-01,102.87,1.0,1.57,0.0155,101.37,103.0,101.37,20066290.0,491807458900.0,
1995-07-03,103.26,1.0,0.39,0.0038,102.88,103.26,102.33,19133710.0,450958127600.0,
1995-07-04,102.24,2.0,-1.02,-0.0098999999999999,103.26,103.26,102.05,14668730.0,263370619200.0,
1995-07-05,101.65,2.0,-0.59,-0.0058,102.24,102.69,101.61,15665800.0,293459973300.0,
1995-07-06,102.91,1.0,1.26,0.0124,101.7,102.91,101.52,21246690.0,205594418600.0,
1995-07-07,106.37,1.0,3.46,0.0336,102.94,106.37,102.94,29454710.0,283167220200.0,
1995-07-08,106.91,1.0,0.54,0.0051,106.41,107.64,106.41,23818680.0,171380297400.0,
1995-07-10,108.8,1.0,1.89,0.0177,106.91,109.4,106.9,33193330.0,287481421100.0,
1995-07-11,108.77,2.0,-0.03,-0.0003,108.79,111.0,108.19,38505610.0,366799688200.0,
1995-07-12,108.98,1.0,0.21,0.0019,108.82,109.75,108.06,26368260.0,256610402500.0,
1995-07-13,110.85,1.0,1.87,0.0172,108.99,111.64,108.99,40566340.0,372749844500.0,
1995-07-14,110.08,2.0,-0.77,-0.0069,110.87,111.87,109.63,48939110.0,369720645900.0,
1995-07-15,109.36,2.0,-0.72,-0.0065,110.08,110.09,109.36,21886350.0,175536710600.0,
1995-07-18,108.72,2.0,-0.64,-0.0059,109.36,110.39,108.72,31507710.0,250559294200.0,
1995-07-19,107.54,2.0,-1.18,-0.0109,108.72,108.72,107.32,24979470.0,193282197200.0,
1995-07-20,108.48,1.0,0.94,0.0087,107.62,108.89,107.47,26478540.0,244575235600.0,
1995-07-21,108.76,1.0,0.28,0.0026,108.5,109.46,108.06,27517840.0,240654371900.0,
1995-07-22,108.65,2.0,-0.11,-0.001,108.74,109.28,108.25,13969770.0,141440351200.0,
1995-07-24,108.89,1.0,0.24,0.0022,108.6,109.15,108.56,19873450.0,189332127000.0,
1995-07-25,107.66,2.0,-1.23,-0.0113,108.8,109.22,107.62,18672960.0,170821994700.0,
1995-07-26,106.92,2.0,-0.74,-0.0069,107.66,108.16,106.65,18058530.0,150817714000.0,
1995-07-27,106.16,2.0,-0.76,-0.0070999999999999,106.93,107.4,106.16,14986460.0,136871885200.0,
1995-07-28,105.38,2.0,-0.78,-0.0073,106.15,106.22,105.27,13935740.0,120024066900.0,
1995-07-29,105.0,2.0,-0.38,-0.0036,105.37,105.76,105.0,9276660.0,146037221700.0,
1995-07-31,105.69,1.0,0.69,0.0066,104.98,105.69,104.91,11811320.0,155346798000.0,
1995-08-01,106.84,1.0,1.15,0.0109,105.65,106.93,105.58,14931750.0,134385137500.0,
1995-08-02,105.64,2.0,-1.2,-0.0112,106.82,106.87,105.4,16768240.0,124579342200.0,
1995-08-03,103.92,2.0,-1.72,-0.0163,105.63,105.63,103.79,11895000.0,105104530400.0,
1995-08-04,103.24,2.0,-0.68,-0.0065,103.91,103.91,102.51,11979500.0,106026074200.0,
1995-08-05,102.84,2.0,-0.4,-0.0039,103.26,103.75,102.82,9651270.0,78217734500.0,
1995-08-07,102.29,2.0,-0.55,-0.0053,102.82,103.01,102.15,13754770.0,110351999500.0,
1995-08-08,101.57,2.0,-0.72,-0.0069999999999999,102.24,102.78,101.17,13991030.0,106517510500.0,
1995-08-09,104.1,1.0,2.53,0.0249,101.62,104.1,101.62,15821950.0,133507457400.0,
1995-08-10,102.93,2.0,-1.17,-0.0112,104.15,104.65,102.57,20683880.0,171504127200.0,
1995-08-11,102.36,2.0,-0.57,-0.0055,102.97,103.13,102.11,27009090.0,206092602500.0,
1995-08-12,102.0,2.0,-0.36,-0.0034999999999999,102.36,102.54,101.76,18518910.0,147743605700.0,
1995-08-14,101.87,2.0,-0.13,-0.0013,102.04,102.73,101.87,16921410.0,134405457000.0,
1995-08-16,101.37,2.0,-0.5,-0.0049,101.9,102.3,101.04,14998330.0,115469697500.0,
1995-08-17,101.44,1.0,0.07,0.0007,101.36,101.44,100.38,26221300.0,191438639400.0,
1995-08-18,101.85,1.0,0.41,0.004,101.43,101.85,100.63,16046960.0,125654573400.0,
1995-08-19,102.57,1.0,0.72,0.0070999999999999,101.86,102.57,101.85,18358710.0,128985119700.0,
1995-08-21,102.86,1.0,0.29,0.0028,102.33,103.15,102.24,24352200.0,184680859400.0,
1995-08-22,103.6,1.0,0.74,0.0072,102.87,103.64,102.87,19641410.0,159869170700.0,
1995-08-23,104.65,1.0,1.05,0.0101,103.61,104.76,103.61,22007120.0,171717127000.0,
1995-08-24,104.92,1.0,0.27,0.0026,104.64,105.03,104.57,23181380.0,177156475900.0,
1995-08-25,104.06,2.0,-0.86,-0.0081999999999999,104.85,105.09,104.06,16505730.0,137162859900.0,
1995-08-26,104.09,1.0,0.03,0.0003,104.06,104.16,103.36,9293340.0,71891178800.0,
1995-08-28,104.26,1.0,0.17,0.0016,104.1,104.95,103.82,13397290.0,105916756500.0,
1995-08-29,103.51,2.0,-0.75,-0.0072,104.24,104.31,103.28,12936990.0,85303253800.0,
1995-08-30,103.41,2.0,-0.1,-0.001,103.44,103.75,103.32,10156290.0,78909337200.0,
1995-08-31,103.45,1.0,0.04,0.0004,103.34,103.84,102.91,12525230.0,111206945800.0,
1995-09-01,103.02,2.0,-0.43,-0.0042,103.42,103.87,102.42,9476510.0,88413422500.0,
1995-09-02,104.13,1.0,1.11,0.0108,103.0,104.66,102.99,8328960.0,122665908600.0,
1995-09-04,104.51,1.0,0.38,0.0036,104.15,104.89,104.15,9974060.0,98918927000.0,
1995-09-05,105.34,1.0,0.83,0.0079,104.49,105.35,104.24,11790970.0,121625784100.0,
1995-09-06,107.42,1.0,2.08,0.0197,105.35,107.42,105.35,17784210.0,170115983700.0,
1995-09-07,108.61,1.0,1.19,0.0111,107.42,108.84,107.42,26877300.0,222819178000.0,
1995-09-11,108.41,2.0,-0.2,-0.0018,108.64,109.22,107.63,18946490.0,170264847500.0,
1995-09-12,108.29,2.0,-0.12,-0.0011,108.41,108.85,108.11,22708940.0,201453448500.0,
1995-09-13,110.05,1.0,1.76,0.0163,108.29,110.11,108.25,34085230.0,297227240000.0,
1995-09-14,109.88,2.0,-0.17,-0.0015,110.1,111.65,109.54,43433220.0,373329542900.0,
1995-09-15,112.52,1.0,2.64,0.024,109.89,112.52,109.89,32156110.0,294319875300.0,
1995-09-16,113.47,1.0,0.95,0.0084,112.53,113.65,112.53,24657930.0,225626166500.0,
1995-09-18,113.99,1.0,0.52,0.0046,113.48,113.99,112.59,29187340.0,278527202700.0,
1995-09-19,112.91,2.0,-1.08,-0.0095,113.99,115.7,112.91,34647890.0,370385337500.0,
1995-09-20,115.0,1.0,2.09,0.0185,112.89,115.0,112.28,24140700.0,260865177000.0,
1995-09-21,115.32,1.0,0.32,0.0028,115.0,116.28,114.75,30359970.0,317522559100.0,
1995-09-22,113.53,2.0,-1.79,-0.0155,115.36,115.46,113.53,20632410.0,211638203500.0,
1995-09-23,112.87,2.0,-0.66,-0.0058,113.49,113.49,112.22,10318130.0,117474337900.0,
1995-09-25,112.27,2.0,-0.6,-0.0053,112.82,113.83,112.27,12437360.0,157890391300.0,
1995-09-26,112.11,2.0,-0.16,-0.0014,112.17,112.38,111.36,12508950.0,149415533300.0,
1995-09-27,111.81,2.0,-0.3,-0.0027,112.11,112.44,111.67,13076210.0,159289984200.0,
1995-09-28,112.35,1.0,0.54,0.0048,111.83,112.88,111.82,18183030.0,297811569400.0,
1995-09-29,112.45,1.0,0.1,0.0009,112.36,112.76,112.33,17055460.0,184893253900.0,
1995-09-30,111.97,2.0,-0.48,-0.0043,112.44,112.68,111.82,10244600.0,113613370600.0,
1995-10-02,111.15,2.0,-0.82,-0.0073,111.95,112.08,110.91,10214130.0,118531445900.0,
1995-10-04,112.08,1.0,0.93,0.0084,111.14,112.65,111.01,11157870.0,233088408600.0,
1995-10-05,112.82,1.0,0.74,0.0066,112.06,112.88,111.5,15289260.0,170007829200.0,
1995-10-06,114.32,1.0,1.5,0.0133,112.86,114.99,112.86,20430010.0,242055401000.0,
1995-10-07,114.65,1.0,0.33,0.0029,114.38,115.45,114.38,13922380.0,199423436300.0,
1995-10-09,115.19,1.0,0.54,0.0046999999999999,114.66,116.06,114.66,20524950.0,260316835000.0,
1995-10-10,114.56,2.0,-0.63,-0.0055,115.2,115.81,114.53,14432720.0,337867089900.0,
1995-10-11,115.21,1.0,0.65,0.0056999999999999,114.56,115.5,114.55,18338980.0,420814264100.0,
1995-10-12,116.08,1.0,0.87,0.0076,115.21,116.6,115.21,22323230.0,495363132700.0,
1995-10-13,115.81,2.0,-0.27,-0.0023,116.1,116.36,115.37,19526800.0,375707929600.0,
1995-10-14,116.09,1.0,0.28,0.0024,115.81,116.44,115.81,11822840.0,238400238800.0,
1995-10-16,114.93,2.0,-1.16,-0.01,116.09,116.43,114.9,13682210.0,283018087800.0,
1995-10-17,114.87,2.0,-0.06,-0.0005,114.92,115.29,114.37,13258720.0,286404586600.0,
1995-10-18,114.93,1.0,0.06,0.0005,114.93,115.34,114.79,13791720.0,332993052000.0,
1995-10-19,114.26,2.0,-0.67,-0.0058,114.93,115.07,113.65,13686730.0,316405002500.0,
1995-10-20,113.71,2.0,-0.55,-0.0048,114.26,114.26,113.1,12195920.0,256370097600.0,
1995-10-21,114.29,1.0,0.58,0.0051,113.71,114.73,113.52,8454250.0,192660564600.0,
1995-10-23,111.59,2.0,-2.7,-0.0236,114.27,114.27,111.43,14221750.0,299168312600.0,
1995-10-24,113.43,1.0,1.84,0.0165,111.58,113.43,111.52,12552920.0,262553460700.0,
1995-10-25,114.16,1.0,0.73,0.0064,113.42,114.74,113.4,17272960.0,516029023100.0,
1995-10-26,114.47,1.0,0.31,0.0027,114.2,114.99,114.02,13454280.0,372916398300.0,
1995-10-27,114.47,3.0,0.0,0.0,114.49,115.73,114.11,14553140.0,342490780200.0,
1995-10-28,113.39,2.0,-1.08,-0.0093999999999999,114.45,114.57,113.39,6894150.0,173280620800.0,
1995-10-30,112.23,2.0,-1.16,-0.0102,113.32,113.32,112.19,7841940.0,168736802800.0,
1995-10-31,113.08,1.0,0.85,0.0076,112.23,113.16,112.19,11872250.0,245646395600.0,
1995-11-01,113.81,1.0,0.73,0.0065,113.11,113.84,113.0,10303550.0,204712770200.0,
1995-11-02,113.46,2.0,-0.35,-0.0031,113.81,113.98,113.38,10730840.0,226366775400.0,
1995-11-03,112.87,2.0,-0.59,-0.0052,113.42,113.42,112.42,11034720.0,198426175900.0,
1995-11-04,112.87,3.0,0.0,0.0,112.87,113.16,112.56,8885020.0,188770900600.0,
1995-11-06,113.07,1.0,0.2,0.0018,112.88,113.48,112.87,10259180.0,227934814300.0,
1995-11-07,112.47,2.0,-0.6,-0.0053,113.06,113.32,111.93,11144780.0,238878137300.0,
1995-11-08,111.56,2.0,-0.91,-0.0081,112.43,112.84,111.56,12607100.0,290222211100.0,
1995-11-09,110.15,2.0,-1.41,-0.0126,111.44,111.44,109.42,12926640.0,339877623000.0,
1995-11-10,109.47,2.0,-0.68,-0.0062,110.1,110.14,108.72,9513230.0,253143413300.0,
1995-11-11,110.67,1.0,1.2,0.011,109.47,110.69,109.47,7924180.0,169128312300.0,
1995-11-13,108.0,2.0,-2.67,-0.0241,110.55,110.55,108.0,8626230.0,173987040500.0,
1995-11-14,107.47,2.0,-0.53,-0.0049,107.95,108.43,107.13,9041280.0,197597238500.0,
1995-11-15,106.01,2.0,-1.46,-0.0136,107.47,108.14,106.01,12940210.0,248166160700.0,
1995-11-16,105.49,2.0,-0.52,-0.0049,106.01,106.5,105.39,11011170.0,258109961000.0,
1995-11-17,107.7,1.0,2.21,0.0209,105.49,107.7,105.49,10290600.0,202130120400.0,
1995-11-18,106.97,2.0,-0.73,-0.0068,107.69,107.82,106.84,6583170.0,152235791500.0,
1995-11-20,105.31,2.0,-1.66,-0.0155,106.86,106.86,105.31,6725220.0,129201832800.0,
1995-11-21,103.81,2.0,-1.5,-0.0141999999999999,105.26,105.26,103.21,8460760.0,176112499200.0,
1995-11-22,104.11,1.0,0.3,0.0029,103.84,104.73,103.35,8193090.0,157409026800.0,
1995-11-23,105.5,1.0,1.39,0.0134,104.15,105.62,104.15,8378390.0,164116734900.0,
1995-11-24,106.94,1.0,1.44,0.0136,105.47,107.61,105.47,11264360.0,224578212000.0,
1995-11-25,106.59,2.0,-0.35,-0.0033,106.93,107.41,105.85,6894650.0,141880759800.0,
1995-11-27,107.36,1.0,0.77,0.0072,106.59,107.65,106.56,10160740.0,209937474300.0,
1995-11-28,107.74,1.0,0.38,0.0034999999999999,107.33,108.24,107.33,11191510.0,213376043800.0,
1995-11-29,107.13,2.0,-0.61,-0.0056999999999999,107.75,107.82,107.03,7551380.0,142308134800.0,
1995-11-30,104.82,2.0,-2.31,-0.0216,107.07,107.07,104.82,10128690.0,196201944300.0,
1995-12-01,105.85,1.0,1.03,0.0098,104.81,105.85,104.71,6774580.0,127952092800.0,
1995-12-02,104.87,2.0,-0.98,-0.0093,105.8,105.8,104.24,5356490.0,109004953900.0,
1995-12-04,105.52,1.0,0.65,0.0062,104.82,105.72,104.78,5397390.0,106303054700.0,
1995-12-05,107.05,1.0,1.53,0.0144999999999999,105.55,107.05,105.55,8882530.0,181328154700.0,
1995-12-06,107.77,1.0,0.72,0.0067,107.15,108.43,107.15,10075210.0,209287002600.0,
1995-12-07,108.74,1.0,0.97,0.009,107.82,109.28,107.82,10993870.0,316686763500.0,
1995-12-08,108.52,2.0,-0.22,-0.002,108.75,109.08,107.98,9435070.0,249197665600.0,
1995-12-09,108.88,1.0,0.36,0.0033,108.5,108.88,108.16,6882200.0,199068088200.0,
1995-12-11,106.76,2.0,-2.12,-0.0195,108.88,109.07,106.76,9811440.0,277811005300.0,
1995-12-12,106.28,2.0,-0.48,-0.0045,106.77,106.92,105.69,7560130.0,190833129000.0,
1995-12-13,104.75,2.0,-1.53,-0.0144,106.27,107.27,104.75,10014230.0,282520461000.0,
1995-12-14,102.48,2.0,-2.27,-0.0217,104.73,104.73,102.48,9928420.0,211296078200.0,
1995-12-15,101.39,2.0,-1.09,-0.0106,102.44,102.63,101.12,9078930.0,225300907700.0,
1995-12-16,99.57,2.0,-1.82,-0.018,101.32,101.32,99.57,6638910.0,134310622200.0,
1995-12-18,97.69,2.0,-1.88,-0.0189,99.46,100.16,97.69,9074720.0,178629476200.0,
1995-12-19,100.6,1.0,2.91,0.0298,97.68,100.91,97.48,11321500.0,233191787300.0,
1995-12-20,100.74,1.0,0.14,0.0014,100.6,101.74,100.12,11380750.0,251859469600.0,
1995-12-21,101.71,1.0,0.97,0.0096,100.66,101.71,100.4,13799590.0,318871632000.0,
1995-12-22,101.0,2.0,-0.71,-0.0069999999999999,101.73,102.1,100.7,10031090.0,269585225300.0,
1995-12-23,100.83,2.0,-0.17,-0.0017,101.03,101.58,100.82,6597050.0,181366286000.0,
1995-12-26,99.05,2.0,-1.78,-0.0177,100.83,101.02,99.05,12757950.0,244849322300.0,
1995-12-27,100.01,1.0,0.96,0.0097,99.03,100.03,98.76,13165220.0,287504534900.0,
1996-01-03,100.66,1.0,0.65,0.0065,99.97,100.84,99.79,5291300.0,131634840900.0,
1996-01-04,97.15,2.0,-3.51,-0.0349,100.59,100.85,97.15,10957340.0,268113240900.0,
1996-01-05,97.13,2.0,-0.02,-0.0002,97.03,97.13,95.41,10371690.0,209412595700.0,
1996-01-06,97.21,1.0,0.08,0.0008,97.12,97.75,97.12,6317930.0,130535085300.0,
1996-01-08,98.21,1.0,1.0,0.0103,97.08,99.42,96.36,10430800.0,204627054800.0,
1996-01-09,100.04,1.0,1.83,0.0186,98.29,100.17,98.29,12135940.0,241701553800.0,
1996-01-10,100.4,1.0,0.36,0.0036,100.04,100.4,98.7,12370590.0,282872643000.0,
1996-01-11,100.03,2.0,-0.37,-0.0037,100.34,101.37,100.03,14547880.0,301378896500.0,
1996-01-12,99.28,2.0,-0.75,-0.0075,99.99,100.26,99.26,10940360.0,227259008400.0,
1996-01-13,98.69,2.0,-0.59,-0.0059,99.23,99.52,98.64,6543300.0,142456021200.0,
1996-01-15,97.7,2.0,-0.99,-0.01,98.6,99.2,97.66,8806320.0,181314433200.0,
1996-01-16,98.18,1.0,0.48,0.0049,97.64,98.97,97.17,10446900.0,200412145300.0,
1996-01-17,96.92,2.0,-1.26,-0.0128,98.01,98.43,96.84,9573120.0,183514317900.0,
1996-01-18,96.11,2.0,-0.81,-0.0084,96.88,96.88,95.56,9350270.0,192976152600.0,
1996-01-19,95.9,2.0,-0.21,-0.0022,95.88,96.51,95.3,9379490.0,167832204400.0,
1996-01-20,95.26,2.0,-0.64,-0.0067,95.9,95.93,94.54,5770900.0,106448390400.0,
1996-01-22,95.17,2.0,-0.09,-0.0009,95.24,96.02,94.83,9343730.0,160149017100.0,
1996-01-23,96.17,1.0,1.0,0.0105,95.15,96.5,95.15,11408750.0,188401870000.0,
1996-01-24,98.04,1.0,1.87,0.0194,96.18,98.05,96.18,11523060.0,212424076100.0,
1996-01-25,98.3,1.0,0.26,0.0027,98.05,98.46,97.63,11905660.0,228942442700.0,
1996-01-26,98.14,2.0,-0.16,-0.0016,98.33,98.81,98.02,13379930.0,234615395700.0,
1996-01-27,97.76,2.0,-0.38,-0.0039,98.13,98.27,97.61,6079750.0,109968672800.0,
1996-01-29,98.57,1.0,0.81,0.0083,97.74,99.22,97.74,13089180.0,262443568800.0,
1996-01-30,98.78,1.0,0.21,0.0021,98.56,99.51,98.56,12214250.0,266700308500.0,
1996-01-31,99.02,1.0,0.24,0.0024,98.77,99.02,98.61,11620270.0,265893819000.0,
1996-02-01,99.61,1.0,0.59,0.006,99.07,100.31,99.07,18065680.0,406625947600.0,
1996-02-02,99.36,2.0,-0.25,-0.0025,99.61,99.97,99.05,16038010.0,368351906200.0,
1996-02-03,99.75,1.0,0.39,0.0039,99.36,100.22,99.36,8205170.0,187101149200.0,
1996-02-05,100.62,1.0,0.87,0.0087,99.77,100.79,99.76,14111550.0,263620096100.0,
1996-02-06,99.41,2.0,-1.21,-0.012,100.63,101.09,99.3,15079710.0,291217029400.0,
1996-02-07,99.75,1.0,0.34,0.0034,99.42,99.91,99.19,12222510.0,227281504300.0,
1996-02-08,100.36,1.0,0.61,0.0060999999999999,99.7,100.56,99.7,18284450.0,320151807100.0,
1996-02-09,99.58,2.0,-0.78,-0.0078,100.36,100.86,99.55,16122760.0,307137703200.0,
1996-02-10,98.67,2.0,-0.91,-0.0091,99.38,99.38,98.65,7590810.0,160952329300.0,
1996-02-12,97.64,2.0,-1.03,-0.0104,98.64,98.91,97.61,10473240.0,224302489000.0,
1996-02-13,96.86,2.0,-0.78,-0.008,97.53,97.53,96.28,10209930.0,219484392400.0,
1996-02-14,97.87,1.0,1.01,0.0104,96.91,97.87,96.42,10641830.0,222883155400.0,
1996-02-15,97.97,1.0,0.1,0.001,97.89,98.42,97.77,15691990.0,254204483200.0,
1996-02-16,99.18,1.0,1.21,0.0124,97.98,99.35,97.98,20075150.0,308095884200.0,
1996-02-17,100.49,1.0,1.31,0.0132,99.21,100.49,99.21,9955380.0,179337159300.0,
1996-02-21,99.75,2.0,-0.74,-0.0074,100.49,100.72,99.75,11224710.0,204016774500.0,
1996-02-22,99.67,2.0,-0.08,-0.0008,99.72,99.88,99.14,10732350.0,226520481200.0,
1996-02-23,98.94,2.0,-0.73,-0.0073,99.69,99.85,98.94,11018180.0,233697430400.0,
1996-02-24,97.9,2.0,-1.04,-0.0105,99.05,99.05,97.82,6272410.0,117657276300.0,
1996-02-26,96.89,2.0,-1.01,-0.0103,97.95,100.0,96.89,14146390.0,255196526000.0,
1996-02-27,96.99,1.0,0.1,0.001,96.85,97.37,96.22,10056980.0,185126932400.0,
1996-02-28,96.54,2.0,-0.45,-0.0046,96.97,97.67,96.54,9125710.0,153488456000.0,
1996-02-29,96.22,2.0,-0.32,-0.0033,96.53,96.53,95.69,9349850.0,163279112200.0,
1996-03-02,96.64,1.0,0.42,0.0044,96.22,96.73,96.22,6347300.0,105074404700.0,
1996-03-04,96.42,2.0,-0.22,-0.0023,96.78,97.27,96.36,7902400.0,139836889300.0,
1996-03-05,96.94,1.0,0.52,0.0054,96.42,97.28,96.36,7885970.0,168895171400.0,
1996-03-06,96.2,2.0,-0.74,-0.0076,96.92,97.02,96.04,9249900.0,174841859600.0,
1996-03-07,95.19,2.0,-1.01,-0.0105,96.16,96.16,94.97,8398030.0,167436502600.0,
1996-03-08,95.92,1.0,0.73,0.0077,95.19,95.92,95.19,8929950.0,175448328900.0,
1996-03-09,97.43,1.0,1.51,0.0157,95.92,97.44,95.92,8880390.0,222546228400.0,
1996-03-11,95.64,2.0,-1.79,-0.0184,97.43,97.43,95.63,7471970.0,171465993000.0,
1996-03-12,95.03,2.0,-0.61,-0.0064,95.61,95.99,94.58,9478400.0,201745030600.0,
1996-03-13,94.21,2.0,-0.82,-0.0086,94.91,95.14,94.07,8694060.0,210002773600.0,
1996-03-14,94.87,1.0,0.66,0.0069999999999999,94.16,95.5,93.62,13326880.0,262087874400.0,
1996-03-15,96.34,1.0,1.47,0.0155,94.96,96.6,94.96,13567880.0,255882567100.0,
1996-03-16,96.29,2.0,-0.05,-0.0005,96.34,96.51,95.7,7486890.0,143212653400.0,
1996-03-18,96.09,2.0,-0.2,-0.0021,96.26,96.81,95.95,8484180.0,173847096100.0,
1996-03-19,96.87,1.0,0.78,0.0081,96.06,96.89,96.06,9055780.0,172370244100.0,
1996-03-20,98.21,1.0,1.34,0.0138,96.97,98.36,96.97,12121700.0,246788884400.0,
1996-03-21,97.92,2.0,-0.29,-0.003,98.21,98.43,97.46,10289310.0,221656991400.0,
1996-03-22,98.28,1.0,0.36,0.0037,97.91,98.43,97.85,10847560.0,230204624700.0,
1996-03-23,97.7,2.0,-0.58,-0.0059,98.29,98.3,97.63,8867950.0,183509289300.0,
1996-03-25,97.09,2.0,-0.61,-0.0062,97.69,97.87,96.98,8534160.0,169034687900.0,
1996-03-26,96.67,2.0,-0.42,-0.0043,97.12,97.33,96.51,9027310.0,184603900700.0,
1996-03-27,96.43,2.0,-0.24,-0.0025,96.7,97.03,96.34,8359330.0,165757611600.0,
1996-03-28,96.3,2.0,-0.13,-0.0013,96.57,97.0,96.15,10059700.0,204320008200.0,
1996-03-29,97.62,1.0,1.32,0.0137,96.32,97.62,96.26,7878750.0,166331854900.0,
1996-03-30,98.26,1.0,0.64,0.0066,97.69,98.27,97.69,7054510.0,148129852400.0,
1996-04-01,98.87,1.0,0.61,0.0062,98.67,99.55,97.83,48731540.0,1035297385400.0,
1996-04-02,99.57,1.0,0.7,0.0070999999999999,98.72,99.57,98.21,22555250.0,451181405100.0,
1996-04-03,99.35,2.0,-0.22,-0.0022,99.52,99.56,99.06,13570190.0,244373862900.0,
1996-04-04,98.87,2.0,-0.48,-0.0048,99.29,99.56,98.53,12974260.0,243512856900.0,
1996-04-06,98.33,2.0,-0.54,-0.0055,98.41,98.41,97.39,9381790.0,178051400500.0,
1996-04-08,98.36,1.0,0.03,0.0003,97.96,98.64,97.86,12149960.0,263275067500.0,
1996-04-09,97.64,2.0,-0.72,-0.0073,98.3,98.98,97.58,12193030.0,232281877500.0,
1996-04-10,97.58,2.0,-0.06,-0.0006,97.49,98.01,97.39,18322410.0,345671255600.0,
1996-04-12,100.1,1.0,2.52,0.0258,99.15,100.11,98.73,15126990.0,271585766800.0,
1996-04-13,100.71,1.0,0.61,0.0060999999999999,100.1,100.71,99.62,14544900.0,262128331600.0,
1996-04-15,102.4,1.0,1.69,0.0168,100.7,102.65,100.7,25395920.0,434299836400.0,
1996-04-16,102.29,2.0,-0.11,-0.0011,102.39,103.24,101.9,21767200.0,430660081100.0,
1996-04-17,103.82,1.0,1.53,0.015,102.32,103.82,102.32,29901500.0,501173191500.0,
1996-04-18,105.8,1.0,1.98,0.0191,104.0,105.8,103.64,38515950.0,672756491800.0,
1996-04-19,107.06,1.0,1.26,0.0118999999999999,106.0,107.17,105.59,36618130.0,741549584500.0,
1996-04-20,106.11,2.0,-0.95,-0.0089,107.07,107.47,106.09,20960780.0,441713893300.0,
1996-04-22,106.94,1.0,0.83,0.0078,106.16,107.73,106.16,27283920.0,574031711000.0,
1996-04-23,105.81,2.0,-1.13,-0.0106,107.16,107.82,105.79,25135140.0,512020052500.0,
1996-04-24,107.81,1.0,2.0,0.0189,105.82,107.81,105.19,22384570.0,514164519200.0,
1996-04-25,109.01,1.0,1.2,0.0111,107.98,110.38,107.98,30986110.0,761273177200.0,
1996-04-26,108.87,2.0,-0.14,-0.0013,109.02,109.76,108.25,20331000.0,548833217100.0,
1996-04-27,109.02,1.0,0.15,0.0014,108.88,109.1,108.59,13201820.0,340417788200.0,
1996-04-29,110.92,1.0,1.9,0.0174,109.18,111.16,109.18,29643980.0,642263696000.0,
1996-04-30,110.11,2.0,-0.81,-0.0073,110.95,111.62,110.03,36435230.0,723192149700.0,
1996-05-02,107.52,2.0,-2.59,-0.0235,110.07,110.07,107.52,21987600.0,477492118000.0,
1996-05-03,107.98,1.0,0.46,0.0043,107.52,108.24,106.7,20451970.0,428863019800.0,
1996-05-04,107.5,2.0,-0.48,-0.0044,108.12,108.72,107.49,15374100.0,340718868600.0,
1996-05-06,108.39,1.0,0.89,0.0083,107.54,108.68,107.46,23734050.0,556030849000.0,
1996-05-07,109.8,1.0,1.41,0.013,108.56,110.14,108.56,30901230.0,725635101000.0,
1996-05-08,108.62,2.0,-1.18,-0.0107,109.81,110.35,108.62,33578890.0,812055268500.0,
1996-05-09,106.38,2.0,-2.24,-0.0206,108.32,108.32,106.38,22640990.0,559410309300.0,
1996-05-10,106.77,1.0,0.39,0.0037,106.39,106.77,105.49,21228430.0,503860190500.0,
1996-05-11,107.06,1.0,0.29,0.0027,106.91,107.41,106.34,15065950.0,342935884500.0,
1996-05-13,107.92,1.0,0.86,0.008,107.15,108.33,107.11,24706240.0,535534622100.0,
1996-05-14,106.59,2.0,-1.33,-0.0123,108.04,108.45,106.54,20129940.0,426603715600.0,
1996-05-15,105.88,2.0,-0.71,-0.0067,106.52,106.77,105.49,16770350.0,375245311000.0,
1996-05-16,103.98,2.0,-1.9,-0.0179,105.88,105.94,103.84,15462800.0,343575391700.0,
1996-05-17,103.54,2.0,-0.44,-0.0042,104.04,104.45,103.32,13720130.0,316006114700.0,
1996-05-18,102.31,2.0,-1.23,-0.0118999999999999,103.59,104.02,102.31,9455200.0,225528791500.0,
1996-05-20,102.99,1.0,0.68,0.0066,102.31,102.99,101.88,10598610.0,251395244500.0,
1996-05-21,101.04,2.0,-1.95,-0.0189,103.02,103.1,100.98,12510090.0,304512511800.0,
1996-05-22,101.29,1.0,0.25,0.0025,100.92,101.38,99.84,12374860.0,297272032900.0,
1996-05-23,100.35,2.0,-0.94,-0.0093,101.44,102.07,100.3,18369620.0,512261644100.0,
1996-05-25,99.56,2.0,-0.79,-0.0079,100.49,100.49,99.38,8282480.0,265883913700.0,
1996-05-27,101.0,1.0,1.44,0.0144999999999999,99.56,101.06,98.87,12759460.0,310313119900.0,
1996-05-28,99.01,2.0,-1.99,-0.0197,100.97,101.02,99.01,11216370.0,294541339500.0,
1996-05-29,97.89,2.0,-1.12,-0.0113,98.93,99.74,97.74,13230890.0,332292041700.0,
1996-05-30,98.49,1.0,0.6,0.0060999999999999,97.88,99.21,97.11,12282880.0,286494583900.0,
1996-05-31,98.95,1.0,0.46,0.0046999999999999,98.56,99.57,98.56,12154450.0,283774723700.0,
1996-06-01,99.47,1.0,0.52,0.0053,99.34,100.36,99.3,8952830.0,216686545400.0,
1996-06-03,98.29,2.0,-1.18,-0.0118999999999999,99.09,99.26,98.21,10110110.0,228107139900.0,
1996-06-04,99.58,1.0,1.29,0.0131,98.34,99.63,98.24,10292810.0,229719676200.0,
1996-06-05,99.5,2.0,-0.08,-0.0008,99.76,99.96,99.22,13375270.0,345289639400.0,
1996-06-07,98.47,2.0,-1.03,-0.0104,99.58,99.71,98.47,13934770.0,322650891800.0,
1996-06-08,97.92,2.0,-0.55,-0.0056,98.41,98.65,97.92,6323130.0,155012025300.0,
1996-06-10,96.66,2.0,-1.26,-0.0129,97.87,98.13,96.54,11189540.0,281868957900.0,
1996-06-11,96.47,2.0,-0.19,-0.002,96.54,97.45,96.44,10731180.0,248373841400.0,
1996-06-12,94.95,2.0,-1.52,-0.0158,96.46,96.9,94.73,10593900.0,272885510100.0,
1996-06-13,95.24,1.0,0.29,0.0031,94.77,95.47,94.31,9500750.0,205642706800.0,
1996-06-14,93.83,2.0,-1.41,-0.0148,94.92,95.03,93.83,9453070.0,226496440500.0,
1996-06-15,93.4,2.0,-0.43,-0.0046,93.83,94.07,92.71,5021630.0,117549625800.0,
1996-06-17,92.95,2.0,-0.45,-0.0048,93.42,93.44,92.65,6343610.0,141130141700.0,
1996-06-18,93.52,1.0,0.57,0.0060999999999999,93.08,93.65,92.99,8520560.0,177926544800.0,
1996-06-19,94.1,1.0,0.58,0.0062,93.53,94.19,93.46,8481000.0,197792181500.0,
1996-06-20,93.29,2.0,-0.81,-0.0086,94.1,94.22,93.2,7185570.0,152688756200.0,
1996-06-21,93.38,1.0,0.09,0.001,93.44,93.96,93.36,9039780.0,225281241900.0,
1996-06-22,92.45,2.0,-0.93,-0.01,93.32,93.51,92.45,5215190.0,120635534100.0,
1996-06-24,90.97,2.0,-1.48,-0.016,92.28,92.28,90.59,7143300.0,204893004000.0,
1996-06-25,90.33,2.0,-0.64,-0.0069999999999999,90.75,90.9,90.15,7083550.0,153419235600.0,
1996-06-26,89.08,2.0,-1.25,-0.0138,90.3,90.6,88.85,8299880.0,176240802600.0,
1996-06-27,89.07,2.0,-0.01,-0.0001,88.91,89.48,87.94,10374590.0,206769886700.0,
1996-06-28,89.68,1.0,0.61,0.0068,89.16,90.65,89.16,7929240.0,166948759600.0,
1996-06-29,89.29,2.0,-0.39,-0.0043,89.61,89.66,88.44,4440450.0,93650691000.0,
1996-07-01,91.29,1.0,2.0,0.0224,89.2,91.29,89.2,6537800.0,135694611200.0,
1996-07-02,91.52,1.0,0.23,0.0025,91.25,92.3,91.25,9145810.0,193272528200.0,
1996-07-03,91.34,2.0,-0.18,-0.002,91.45,91.49,90.57,8236710.0,159691975300.0,
1996-07-04,91.47,1.0,0.13,0.0014,91.4,92.3,91.34,9951930.0,191792780100.0,
1996-07-05,91.81,1.0,0.34,0.0037,91.63,91.96,91.07,9258700.0,163937996900.0,
1996-07-06,92.29,1.0,0.48,0.0052,91.8,92.44,91.8,5965690.0,112782433500.0,
1996-07-08,91.84,2.0,-0.45,-0.0049,92.36,92.9,91.84,7964620.0,162530890800.0,
1996-07-09,92.61,1.0,0.77,0.0084,91.79,92.61,91.7,7835580.0,157298271100.0,
1996-07-10,92.39,2.0,-0.22,-0.0024,92.71,92.8,92.0,9679160.0,245164699500.0,
1996-07-11,91.0,2.0,-1.39,-0.015,92.31,92.61,91.0,11107560.0,252242543300.0,
1996-07-12,90.2,2.0,-0.8,-0.0088,90.93,90.93,90.06,9019030.0,176082809800.0,
1996-07-13,89.55,2.0,-0.65,-0.0072,90.14,90.14,89.55,5816230.0,109859362800.0,
1996-07-15,87.2,2.0,-2.35,-0.0262,89.29,89.34,87.2,7853040.0,141974605300.0,
1996-07-16,87.6,1.0,0.4,0.0046,86.93,87.6,86.04,10671180.0,191892302800.0,
1996-07-18,88.11,1.0,0.51,0.0058,87.74,89.41,87.74,8666710.0,151893351300.0,
1996-07-19,90.3,1.0,2.19,0.0249,87.98,90.3,87.94,8025150.0,155653678900.0,
1996-07-20,90.66,1.0,0.36,0.004,90.45,91.36,90.11,6278450.0,150463263900.0,
1996-07-22,90.25,2.0,-0.41,-0.0045,90.56,91.0,90.25,6692610.0,150484032800.0,
1996-07-23,90.13,2.0,-0.12,-0.0013,90.16,90.26,89.66,6814870.0,150687632800.0,
1996-07-24,89.24,2.0,-0.89,-0.0098999999999999,90.06,90.43,89.19,7335620.0,196540703200.0,
1996-07-25,87.83,2.0,-1.41,-0.0158,89.14,89.14,87.65,8241440.0,187920764600.0,
1996-07-26,87.33,2.0,-0.5,-0.0056999999999999,87.64,88.29,87.33,8743340.0,200285070000.0,
1996-07-27,86.63,2.0,-0.7,-0.008,87.24,87.24,86.43,4418260.0,110144498200.0,
1996-07-29,86.7,1.0,0.07,0.0008,86.61,87.53,86.49,5399910.0,126147884500.0,
1996-07-30,87.14,1.0,0.44,0.0051,86.74,87.18,85.78,6768850.0,147166457200.0,
1996-07-31,88.65,1.0,1.51,0.0173,86.97,88.65,86.97,9680330.0,194100117200.0,
1996-08-01,90.08,1.0,1.43,0.0161,88.76,90.3,88.76,11748930.0,258235527800.0,
1996-08-02,88.94,2.0,-1.14,-0.0127,90.08,90.08,88.83,8148820.0,227468234400.0,
1996-08-03,88.61,2.0,-0.33,-0.0037,88.82,88.91,88.54,4874670.0,125408736600.0,
1996-08-05,88.62,1.0,0.01,0.0001,88.56,88.77,88.35,6838880.0,165683994500.0,
1996-08-06,89.22,1.0,0.6,0.0068,88.59,89.45,88.49,7338980.0,174737483800.0,
1996-08-07,89.84,1.0,0.62,0.0069,89.21,89.87,89.21,7231470.0,154324928500.0,
1996-08-08,90.16,1.0,0.32,0.0036,89.83,91.05,89.83,10578680.0,216814785000.0,
1996-08-09,89.68,2.0,-0.48,-0.0053,90.11,90.2,89.42,6825030.0,131923283700.0,
1996-08-10,90.0,1.0,0.32,0.0036,89.61,90.04,89.49,4482770.0,93571471000.0,
1996-08-12,90.03,1.0,0.03,0.0003,89.89,90.17,89.87,6377560.0,123728192400.0,
1996-08-13,89.56,2.0,-0.47,-0.0052,90.12,90.13,89.4,7298120.0,142397627900.0,
1996-08-14,88.78,2.0,-0.78,-0.0087,89.5,89.54,88.78,8525800.0,152695896800.0,
1996-08-16,87.94,2.0,-0.84,-0.0095,88.69,88.81,87.79,6166620.0,118840367000.0,
1996-08-17,87.46,2.0,-0.48,-0.0055,87.88,87.88,87.37,3605740.0,71874335100.0,
1996-08-19,86.36,2.0,-1.1,-0.0126,87.34,87.55,86.29,5083850.0,101605674800.0,
1996-08-20,85.68,2.0,-0.68,-0.0079,86.3,86.9,85.66,5413380.0,119961765500.0,
1996-08-21,85.22,2.0,-0.46,-0.0054,85.59,85.59,84.59,6782120.0,146798880600.0,
1996-08-22,83.88,2.0,-1.34,-0.0157,85.16,85.47,83.88,5799240.0,134382159300.0,
1996-08-23,83.77,2.0,-0.11,-0.0013,83.77,84.4,83.74,7745730.0,170446231500.0,
1996-08-24,83.64,2.0,-0.13,-0.0016,83.8,84.36,83.52,3754370.0,80450912200.0,
1996-08-26,81.89,2.0,-1.75,-0.0209,83.6,83.6,81.85,5506380.0,119685190900.0,
1996-08-27,81.43,2.0,-0.46,-0.0056,81.66,82.7,81.23,5480960.0,111869227800.0,
1996-08-28,80.91,2.0,-0.52,-0.0064,81.38,81.87,80.33,7653080.0,145593956600.0,
1996-08-29,82.5,1.0,1.59,0.0197,81.08,82.5,80.75,7856680.0,139221834500.0,
1996-08-30,84.18,1.0,1.68,0.0204,82.6,84.18,82.44,8583320.0,155320586400.0,
1996-08-31,83.81,2.0,-0.37,-0.0044,84.24,84.24,83.01,4849760.0,86688496900.0,
1996-09-02,82.87,2.0,-0.94,-0.0112,83.81,83.83,82.53,5549350.0,94292997200.0,
1996-09-03,82.44,2.0,-0.43,-0.0052,82.53,82.53,81.77,6165110.0,104145248000.0,
1996-09-04,84.77,1.0,2.33,0.0283,82.99,85.17,82.99,13228490.0,221218470200.0,
1996-09-05,83.89,2.0,-0.88,-0.0104,84.93,85.14,83.89,8758840.0,165359556600.0,
1996-09-06,83.36,2.0,-0.53,-0.0063,83.75,83.98,82.89,7506670.0,134644378100.0,
1996-09-07,83.2,2.0,-0.16,-0.0019,83.34,83.62,82.97,4786390.0,87487173800.0,
1996-09-09,84.38,1.0,1.18,0.0141999999999999,83.13,84.6,82.91,7130440.0,123435504300.0,
1996-09-10,85.23,1.0,0.85,0.0101,84.43,85.42,84.43,8452910.0,160647809900.0,
1996-09-11,84.84,2.0,-0.39,-0.0046,85.21,85.32,84.56,6225430.0,123387761200.0,
1996-09-12,84.2,2.0,-0.64,-0.0075,84.78,84.9,83.89,8397150.0,162058877600.0,
1996-09-13,82.64,2.0,-1.56,-0.0185,84.09,84.09,82.56,7949790.0,150202982900.0,
1996-09-14,82.2,2.0,-0.44,-0.0053,82.48,82.7,82.1,4340780.0,84087605200.0,
1996-09-16,82.23,1.0,0.03,0.0004,82.07,82.97,82.07,6286730.0,118632710400.0,
1996-09-17,82.1,2.0,-0.13,-0.0016,82.19,82.31,81.81,7188540.0,126852599800.0,
1996-09-18,81.95,2.0,-0.15,-0.0018,82.14,82.58,81.89,9177480.0,171355148800.0,
1996-09-19,80.69,2.0,-1.26,-0.0154,81.89,82.15,80.69,9295620.0,169952824300.0,
1996-09-20,79.01,2.0,-1.68,-0.0208,80.68,80.68,78.55,11153300.0,195140877500.0,
1996-09-21,80.2,1.0,1.19,0.0151,78.9,80.22,78.47,5546170.0,99287747600.0,
1996-09-23,80.33,1.0,0.13,0.0016,80.11,81.38,79.69,9653400.0,170465350700.0,
1996-09-24,81.1,1.0,0.77,0.0096,80.25,81.13,80.04,8548700.0,171774527800.0,
1996-09-25,83.12,1.0,2.02,0.0249,81.21,83.63,81.21,12019070.0,243707031400.0,
1996-09-30,82.66,2.0,-0.46,-0.0055,83.29,84.55,82.61,12251020.0,231651415800.0,
1996-10-01,82.3,2.0,-0.36,-0.0044,82.79,83.21,81.8,39659340.0,755595610100.0,
1996-10-02,82.72,1.0,0.42,0.0051,82.32,83.35,81.8,20491290.0,323652275700.0,
1996-10-04,80.95,2.0,-1.77,-0.0214,82.4,82.49,80.94,14680640.0,253479793300.0,
1996-10-05,81.19,1.0,0.24,0.003,80.8,81.25,80.71,8701670.0,142315738500.0,
1996-10-07,83.54,1.0,2.35,0.0289,81.25,84.19,81.25,17470300.0,271350140500.0,
1996-10-08,83.59,1.0,0.05,0.0006,83.54,84.51,83.54,17142500.0,276241511600.0,
1996-10-09,86.09,1.0,2.5,0.0299,83.71,86.09,83.71,18597080.0,319151917100.0,
1996-10-10,87.45,1.0,1.36,0.0158,86.24,87.46,86.24,22578470.0,375011784300.0,
1996-10-11,87.59,1.0,0.14,0.0016,87.52,87.98,86.84,21784630.0,389741421400.0,
1996-10-12,88.19,1.0,0.6,0.0069,87.66,88.62,87.66,13273140.0,234121135700.0,
1996-10-14,88.09,2.0,-0.1,-0.0011,88.12,88.97,87.66,21868600.0,365723290300.0,
1996-10-15,86.46,2.0,-1.63,-0.0185,88.19,88.56,86.46,21688330.0,391996771100.0,
1996-10-16,87.12,1.0,0.66,0.0076,86.5,87.17,85.82,18245400.0,358288921000.0,
1996-10-17,87.95,1.0,0.83,0.0095,87.28,88.57,87.28,23004860.0,430803218200.0,
1996-10-18,87.36,2.0,-0.59,-0.0067,87.95,89.24,87.21,21526370.0,355432956300.0,
1996-10-19,87.55,1.0,0.19,0.0022,87.43,87.78,86.7,11663200.0,190455388800.0,
1996-10-21,87.3,2.0,-0.25,-0.0029,87.42,88.7,87.17,15259710.0,251665434000.0,
1996-10-22,85.96,2.0,-1.34,-0.0153,87.22,87.22,85.84,11114560.0,182184303400.0,
1996-10-23,84.98,2.0,-0.98,-0.0113999999999999,85.84,85.97,84.98,11277160.0,195452688700.0,
1996-10-24,84.11,2.0,-0.87,-0.0102,84.85,85.07,84.11,9719430.0,169531802700.0,
1996-10-25,82.93,2.0,-1.18,-0.0139999999999999,84.13,84.13,82.56,11088940.0,184402326000.0,
1996-10-26,82.54,2.0,-0.39,-0.0046999999999999,82.85,82.99,82.17,6873500.0,113646207800.0,
1996-10-28,81.25,2.0,-1.29,-0.0156,82.52,82.82,81.25,10413960.0,173520705200.0,
1996-10-29,79.93,2.0,-1.32,-0.0162,81.11,81.17,79.93,11289080.0,190507659100.0,
1996-10-30,79.17,2.0,-0.76,-0.0095,79.94,80.63,78.68,10269690.0,166567671500.0,
1996-10-31,79.07,2.0,-0.1,-0.0013,79.22,79.98,78.58,12235620.0,197198190000.0,
1996-11-01,80.22,1.0,1.15,0.0144999999999999,79.12,80.22,79.12,11713900.0,180739380900.0,
1996-11-02,79.81,2.0,-0.41,-0.0051,80.41,80.95,79.81,7506340.0,116718352700.0,
1996-11-04,77.95,2.0,-1.86,-0.0233,79.77,79.77,77.92,12009080.0,173596031700.0,
1996-11-05,76.93,2.0,-1.02,-0.0131,77.55,77.59,75.91,13842540.0,204462561000.0,
1996-11-06,78.47,1.0,1.54,0.02,76.99,78.52,76.99,14107460.0,198610279200.0,
1996-11-07,77.84,2.0,-0.63,-0.008,78.64,79.11,77.55,15410550.0,206814454700.0,
1996-11-08,77.94,1.0,0.1,0.0013,77.72,79.76,77.62,12088350.0,199626304100.0,
1996-11-09,77.45,2.0,-0.49,-0.0063,77.97,79.04,77.32,7166280.0,111068098800.0,
1996-11-11,77.48,1.0,0.03,0.0004,77.39,77.5,76.48,8711070.0,121231613000.0,
1996-11-12,79.83,1.0,2.35,0.0302999999999999,77.45,79.86,77.45,14095680.0,182892590800.0,
1996-11-13,79.0,2.0,-0.83,-0.0104,79.91,80.16,78.77,10078200.0,175198562700.0,
1996-11-14,78.58,2.0,-0.42,-0.0053,78.89,79.26,78.57,9523820.0,134785273400.0,
1996-11-15,79.11,1.0,0.53,0.0067,78.5,79.29,78.44,9706160.0,141978400100.0,
1996-11-16,79.68,1.0,0.57,0.0072,79.17,79.77,79.06,5940170.0,96865342500.0,
1996-11-18,79.02,2.0,-0.66,-0.0083,79.58,79.93,78.62,8771150.0,131342339600.0,
1996-11-19,78.66,2.0,-0.36,-0.0046,78.98,79.52,78.66,7057950.0,111912847100.0,
1996-11-20,78.3,2.0,-0.36,-0.0046,78.63,78.96,78.14,9261260.0,143792635600.0,
1996-11-21,78.2,2.0,-0.1,-0.0013,78.22,78.83,78.14,10451880.0,146076050700.0,
1996-11-22,76.76,2.0,-1.44,-0.0184,78.16,78.16,76.59,10237280.0,130765559000.0,
1996-11-25,75.2,2.0,-1.56,-0.0203,76.54,76.54,75.2,6609480.0,76483000000.0,
1996-11-26,75.33,1.0,0.13,0.0017,74.77,75.92,74.67,7298180.0,109963000000.0,
1996-11-27,75.87,1.0,0.54,0.0072,75.38,76.4,75.38,7593810.0,98105000000.0,
1996-11-28,77.17,1.0,1.3,0.0171,75.98,77.23,75.97,8582020.0,115302000000.0,
1996-11-29,76.59,2.0,-0.58,-0.0075,77.22,77.32,76.57,8244640.0,104252000000.0,
1996-11-30,75.79,2.0,-0.8,-0.0104,76.5,76.67,75.75,4455120.0,57501000000.0,
1996-12-02,75.75,2.0,-0.04,-0.0005,75.59,76.54,75.51,7794520.0,103971000000.0,
1996-12-03,75.31,2.0,-0.44,-0.0058,75.64,76.21,75.01,11105300.0,142735000000.0,
1996-12-04,74.1,2.0,-1.21,-0.0161,75.26,75.52,73.93,12050170.0,145392000000.0,
1996-12-05,72.93,2.0,-1.17,-0.0158,73.87,73.87,72.9,11393470.0,148415000000.0,
1996-12-06,72.13,2.0,-0.8,-0.011,72.87,73.78,71.86,9306190.0,125085000000.0,
1996-12-07,71.6,2.0,-0.53,-0.0073,72.17,72.64,71.6,4841930.0,66154000000.0,
1996-12-09,71.21,2.0,-0.39,-0.0054,72.12,72.8,71.21,9617320.0,112133000000.0,
1996-12-10,72.14,1.0,0.93,0.0131,71.25,72.14,71.25,9932120.0,123491000000.0,
1996-12-11,72.03,2.0,-0.11,-0.0015,72.39,72.77,71.94,9076850.0,131217000000.0,
1996-12-12,69.91,2.0,-2.12,-0.0294,72.16,72.27,69.91,9613680.0,115491000000.0,
1996-12-13,70.27,1.0,0.36,0.0051,70.19,70.85,68.98,11672000.0,159248000000.0,
1996-12-14,69.95,2.0,-0.32,-0.0046,70.34,70.7,69.84,5287200.0,68511000000.0,
1996-12-16,68.09,2.0,-1.86,-0.0266,69.91,69.91,67.52,9430570.0,119073000000.0,
1996-12-17,67.17,2.0,-0.92,-0.0135,68.27,68.75,66.62,11057510.0,127705000000.0,
1996-12-18,67.51,1.0,0.34,0.0051,67.06,68.29,66.68,11918850.0,134794000000.0,
1996-12-19,71.39,1.0,3.88,0.0575,68.5,71.39,68.5,15949310.0,175316000000.0,
1996-12-20,72.45,1.0,1.06,0.0148,72.03,72.98,71.65,16458250.0,205520000000.0,
1996-12-21,71.52,2.0,-0.93,-0.0128,72.22,72.22,71.33,11094000.0,101608000000.0,
1996-12-23,70.74,2.0,-0.78,-0.0109,71.38,72.03,70.74,10152870.0,114763000000.0,
1996-12-24,70.24,2.0,-0.5,-0.0070999999999999,70.54,71.13,70.2,10035410.0,126954000000.0,
1996-12-26,68.61,2.0,-1.63,-0.0232,70.13,70.13,68.13,12807190.0,132895000000.0,
1996-12-27,67.93,2.0,-0.68,-0.0098999999999999,68.15,68.72,67.19,16003640.0,165446000000.0,
1997-01-03,68.72,1.0,0.79,0.0116,67.57,68.91,67.22,7020020.0,75784000000.0,
1997-01-04,67.39,2.0,-1.33,-0.0194,68.71,68.71,67.32,6709810.0,76946000000.0,
1997-01-06,65.92,2.0,-1.47,-0.0218,66.81,66.81,65.69,8798170.0,101677000000.0,
1997-01-07,64.53,2.0,-1.39,-0.0210999999999999,65.68,66.14,64.35,11559260.0,139137000000.0,
1997-01-08,66.36,1.0,1.83,0.0283999999999999,64.51,66.36,64.0,17078840.0,171258000000.0,
1997-01-09,68.42,1.0,2.06,0.031,66.22,68.47,65.43,21008680.0,191988000000.0,
1997-01-10,69.23,1.0,0.81,0.0118,68.2,69.77,68.04,19378740.0,192907000000.0,
1997-01-11,70.22,1.0,0.99,0.0143,69.01,70.22,68.86,11969840.0,111975000000.0,
1997-01-13,70.15,2.0,-0.07,-0.001,70.27,70.7,69.73,14566640.0,163232000000.0,
1997-01-14,73.27,1.0,3.12,0.0445,69.87,73.42,69.87,19391400.0,225069000000.0,
1997-01-15,74.47,1.0,1.2,0.0163999999999999,73.69,74.51,73.04,22449590.0,277619000000.0,
1997-01-16,75.35,1.0,0.88,0.0118,74.6,75.35,73.65,22199280.0,268512000000.0,
1997-01-17,74.02,2.0,-1.33,-0.0177,75.34,76.03,73.44,22736690.0,303612000000.0,
1997-01-18,73.07,2.0,-0.95,-0.0128,73.7,73.7,72.79,12629710.0,159588000000.0,
1997-01-20,75.44,1.0,2.37,0.0324,73.5,75.7,73.5,21510200.0,271485000000.0,
1997-01-21,72.45,2.0,-2.99,-0.0395999999999999,75.65,75.76,72.41,21864690.0,327718000000.0,
1997-01-22,71.4,2.0,-1.05,-0.0144999999999999,72.04,72.16,70.69,18054290.0,229452000000.0,
1997-01-23,71.0,2.0,-0.4,-0.0056,71.44,71.96,70.6,14359190.0,182597000000.0,
1997-01-24,71.12,1.0,0.12,0.0017,70.01,71.12,68.95,16735820.0,219315000000.0,
1997-01-25,71.51,1.0,0.39,0.0055,71.14,71.93,70.89,10219320.0,122623000000.0,
1997-01-27,69.38,2.0,-2.13,-0.0298,71.37,71.47,69.38,11735150.0,162221000000.0,
1997-01-28,69.41,1.0,0.03,0.0004,69.04,70.98,68.17,13890640.0,174410000000.0,
1997-01-29,69.55,1.0,0.14,0.002,69.38,70.48,68.67,12893500.0,170681000000.0,
1997-01-30,70.81,1.0,1.26,0.0181,69.58,71.14,69.38,14696130.0,199415000000.0,
1997-01-31,71.62,1.0,0.81,0.0113999999999999,70.97,71.92,70.94,14401290.0,202115000000.0,
1997-02-01,71.47,2.0,-0.15,-0.0021,71.68,71.88,71.22,8725660.0,126366000000.0,
1997-02-03,72.01,1.0,0.54,0.0076,71.35,72.91,71.21,11930360.0,176268000000.0,
1997-02-04,72.98,1.0,0.97,0.0135,72.08,73.05,72.08,15854450.0,210627000000.0,
1997-02-05,73.46,1.0,0.48,0.0066,73.22,74.46,73.22,19238270.0,255900000000.0,
1997-02-06,73.59,1.0,0.13,0.0018,73.43,74.03,72.79,17924670.0,223093000000.0,
1997-02-10,74.37,1.0,0.78,0.0106,73.68,74.37,73.68,14235470.0,189493000000.0,
1997-02-11,74.64,1.0,0.27,0.0036,74.5,74.76,74.08,18818810.0,237534000000.0,
1997-02-12,74.62,2.0,-0.02,-0.0003,74.84,75.04,74.24,15372590.0,213486000000.0,
1997-02-13,75.2,1.0,0.58,0.0078,74.77,76.27,74.77,24507690.0,349018000000.0,
1997-02-14,75.58,1.0,0.38,0.0051,75.29,75.92,74.96,20642190.0,250127000000.0,
1997-02-15,75.46,2.0,-0.12,-0.0016,75.73,76.35,75.46,13741500.0,156871000000.0,
1997-02-17,74.14,2.0,-1.32,-0.0175,75.29,75.29,74.14,13308510.0,174665000000.0,
1997-02-18,73.44,2.0,-0.7,-0.0093999999999999,74.06,74.28,73.09,11604940.0,162709000000.0,
1997-02-19,73.82,1.0,0.38,0.0052,73.58,73.99,73.26,13165890.0,181880000000.0,
1997-02-20,73.33,2.0,-0.49,-0.0066,73.73,73.97,73.05,15310050.0,233340000000.0,
1997-02-21,70.8,2.0,-2.53,-0.0345,73.29,73.36,70.8,13611370.0,206579000000.0,
1997-02-22,70.25,2.0,-0.55,-0.0078,70.43,70.45,69.34,8183560.0,117373000000.0,
1997-02-24,69.71,2.0,-0.54,-0.0077,70.27,70.74,69.61,10398920.0,153344000000.0,
1997-02-25,70.47,1.0,0.76,0.0109,69.78,70.56,69.13,11824220.0,173922000000.0,
1997-02-26,70.02,2.0,-0.45,-0.0064,70.65,71.27,69.93,12108240.0,183158000000.0,
1997-02-27,68.58,2.0,-1.44,-0.0206,69.82,69.95,68.49,13609310.0,162747000000.0,
1997-02-28,69.24,1.0,0.66,0.0096,68.46,69.59,67.98,17095640.0,202944000000.0,
1997-03-03,69.4,1.0,0.16,0.0023,69.27,69.91,69.27,10982280.0,149528000000.0,
1997-03-04,69.13,2.0,-0.27,-0.0039,69.33,69.68,68.76,9860290.0,150031000000.0,
1997-03-05,68.48,2.0,-0.65,-0.0093999999999999,69.11,69.51,68.38,16231000.0,236125000000.0,
1997-03-06,68.88,1.0,0.4,0.0058,68.53,69.79,68.45,18970210.0,251075000000.0,
1997-03-07,68.92,1.0,0.04,0.0006,69.06,69.59,68.91,14425950.0,228200000000.0,
1997-03-08,68.28,2.0,-0.64,-0.0093,68.98,69.23,68.24,9220380.0,149887000000.0,
1997-03-10,67.29,2.0,-0.99,-0.0144999999999999,68.17,68.21,67.29,12308320.0,170374000000.0,
1997-03-11,66.14,2.0,-1.15,-0.0171,67.14,67.14,66.06,12267480.0,166019000000.0,
1997-03-12,66.83,1.0,0.69,0.0104,66.14,66.83,66.08,12154280.0,165567000000.0,
1997-03-13,66.31,2.0,-0.52,-0.0078,66.85,67.03,66.17,13054070.0,187220000000.0,
1997-03-14,64.74,2.0,-1.57,-0.0237,66.31,66.43,64.67,11170040.0,145052000000.0,
1997-03-15,64.74,3.0,0.0,0.0,64.53,65.24,64.42,6741050.0,84534000000.0,
1997-03-17,66.46,1.0,1.72,0.0266,64.86,66.46,64.74,10325440.0,129032000000.0,
1997-03-18,66.42,2.0,-0.04,-0.0006,66.56,67.01,65.97,11699690.0,166282000000.0,
1997-03-19,65.04,2.0,-1.38,-0.0208,66.25,66.25,64.63,13858960.0,161178000000.0,
1997-03-20,64.65,2.0,-0.39,-0.006,64.56,65.0,63.28,15545090.0,174961000000.0,
1997-03-21,62.89,2.0,-1.76,-0.0272,64.34,64.34,62.77,17398430.0,180457000000.0,
1997-03-22,62.7,2.0,-0.19,-0.003,62.63,63.75,62.42,13784990.0,114497000000.0,
1997-03-24,62.72,1.0,0.02,0.0003,62.65,62.94,61.59,19005510.0,179617000000.0,
1997-03-25,64.99,1.0,2.27,0.0362,62.72,65.04,62.69,21190390.0,222625000000.0,
1997-03-26,66.9,1.0,1.91,0.0294,65.12,66.96,64.68,21193870.0,243053000000.0,
1997-03-27,65.98,2.0,-0.92,-0.0138,67.02,67.74,65.94,22010900.0,217262000000.0,
1997-03-28,66.01,1.0,0.03,0.0005,66.12,66.91,65.69,18564480.0,215848000000.0,
1997-03-29,67.69,1.0,1.68,0.0255,66.25,67.75,66.25,12421180.0,134509000000.0,
1997-03-31,68.72,1.0,1.03,0.0152,68.17,69.12,68.17,22673970.0,258418000000.0,
1997-04-01,68.29,2.0,-0.43,-0.0063,69.01,70.0,68.14,19027430.0,234232000000.0,
1997-04-02,68.89,1.0,0.6,0.0088,68.28,69.35,67.76,16239890.0,223722000000.0,
1997-04-03,69.12,1.0,0.23,0.0033,69.07,70.07,68.79,18705410.0,249097000000.0,
1997-04-04,70.18,1.0,1.06,0.0153,69.27,70.23,69.14,19314830.0,230241000000.0,
1997-04-07,71.15,1.0,0.97,0.0138,70.39,71.66,70.39,20602800.0,235301000000.0,
1997-04-08,71.06,2.0,-0.09,-0.0013,71.2,71.52,70.26,18362180.0,235421000000.0,
1997-04-09,71.04,2.0,-0.02,-0.0003,71.13,71.53,70.65,18541750.0,249142000000.0,
1997-04-10,69.86,2.0,-1.18,-0.0166,71.04,71.17,69.83,18306230.0,208795000000.0,
1997-04-11,70.28,1.0,0.42,0.006,69.91,70.28,69.16,16813910.0,186227000000.0,
1997-04-12,70.61,1.0,0.33,0.0046999999999999,70.48,71.05,70.48,12710340.0,150173000000.0,
1997-04-14,71.41,1.0,0.8,0.0113,70.79,71.59,70.79,19042820.0,243001000000.0,
1997-04-15,71.12,2.0,-0.29,-0.0040999999999999,71.62,72.09,71.08,20159040.0,228756000000.0,
1997-04-16,71.08,2.0,-0.04,-0.0006,71.14,71.29,70.66,14807260.0,203194000000.0,
1997-04-17,70.12,2.0,-0.96,-0.0135,71.14,71.22,69.76,16792000.0,229412000000.0,
1997-04-18,70.12,3.0,0.0,0.0,70.11,70.4,69.72,14121890.0,231742000000.0,
1997-04-19,70.8,1.0,0.68,0.0097,70.13,70.8,70.01,8998510.0,140506000000.0,
1997-04-21,70.6,2.0,-0.2,-0.0028,71.02,71.52,70.58,14353650.0,205857000000.0,
1997-04-22,69.66,2.0,-0.94,-0.0133,70.51,70.53,69.42,11157120.0,161477000000.0,
1997-04-23,69.98,1.0,0.32,0.0046,69.66,70.19,69.53,13278100.0,188343000000.0,
1997-04-24,69.62,2.0,-0.36,-0.0051,70.09,70.31,69.45,15962300.0,221492000000.0,
1997-04-25,69.71,1.0,0.09,0.0013,69.67,69.9,69.22,16812750.0,220973000000.0,
1997-04-26,70.69,1.0,0.98,0.0141,69.99,70.78,69.99,10735450.0,138136000000.0,
1997-04-28,71.44,1.0,0.75,0.0106,71.21,71.61,71.21,17354130.0,230270000000.0,
1997-04-29,71.3,2.0,-0.14,-0.002,71.51,71.57,70.94,15518340.0,210954000000.0,
1997-04-30,71.21,2.0,-0.09,-0.0013,71.41,71.49,71.04,18606110.0,263672000000.0,
1997-05-02,71.47,1.0,0.26,0.0037,71.57,71.92,70.72,38581120.0,885046000000.0,
1997-05-03,71.15,2.0,-0.32,-0.0045,71.56,71.83,71.15,12898110.0,174293000000.0,
1997-05-06,70.53,2.0,-0.62,-0.0087,71.33,71.34,70.48,15771140.0,239471000000.0,
1997-05-07,69.21,2.0,-1.32,-0.0187,70.47,70.47,69.21,16175800.0,210975000000.0,
1997-05-08,68.43,2.0,-0.78,-0.0113,69.18,69.36,68.24,16847100.0,228356000000.0,
1997-05-09,68.57,1.0,0.14,0.002,68.54,69.18,68.47,19342800.0,260357000000.0,
1997-05-10,67.77,2.0,-0.8,-0.0116999999999999,68.72,68.87,67.67,9348870.0,118214000000.0,
1997-05-12,67.54,2.0,-0.23,-0.0034,67.8,68.63,67.09,15231380.0,182377000000.0,
1997-05-13,68.93,1.0,1.39,0.0206,67.8,68.97,67.36,18299410.0,210751000000.0,
1997-05-15,70.82,1.0,1.89,0.0274,69.08,71.44,69.05,27479290.0,326538000000.0,
1997-05-16,70.67,2.0,-0.15,-0.0021,71.23,72.13,70.39,29081190.0,336175000000.0,
1997-05-17,71.27,1.0,0.6,0.0085,70.78,71.28,70.75,12966100.0,179575000000.0,
1997-05-19,72.96,1.0,1.69,0.0237,71.86,72.96,71.86,29196780.0,335149000000.0,
1997-05-20,74.6,1.0,1.64,0.0225,73.19,74.61,72.97,34189600.0,419904000000.0,
1997-05-21,75.17,1.0,0.57,0.0076,74.7,75.21,74.01,31833540.0,395471000000.0,
1997-05-22,73.85,2.0,-1.32,-0.0176,75.1,75.42,73.7,31693200.0,349617000000.0,
1997-05-23,74.41,1.0,0.56,0.0076,73.75,74.46,72.72,28126610.0,302316000000.0,
1997-05-24,73.59,2.0,-0.82,-0.011,74.59,74.81,73.59,19768450.0,209050000000.0,
1997-05-26,72.89,2.0,-0.7,-0.0095,73.54,73.71,72.69,18641240.0,235656000000.0,
1997-05-27,73.32,1.0,0.43,0.0059,73.01,73.43,72.53,17123440.0,211347000000.0,
1997-05-28,75.29,1.0,1.97,0.0269,73.5,75.29,73.5,28394320.0,362467000000.0,
1997-05-29,76.1,1.0,0.81,0.0108,76.14,76.84,75.84,35887530.0,444518000000.0,
1997-05-30,76.5,1.0,0.4,0.0053,76.04,77.2,75.85,29099330.0,390408000000.0,
1997-05-31,77.88,1.0,1.38,0.018,76.28,77.88,75.75,18838550.0,207518000000.0,
1997-06-02,77.92,1.0,0.04,0.0005,78.38,79.65,77.82,49526280.0,511064000000.0,
1997-06-03,78.99,1.0,1.07,0.0137,78.05,79.04,77.31,30571560.0,333288000000.0,
1997-06-04,78.64,2.0,-0.35,-0.0044,79.04,80.03,77.61,47156400.0,517019000000.0,
1997-06-05,78.76,1.0,0.12,0.0015,78.66,78.88,78.28,22468330.0,278337000000.0,
1997-06-07,78.46,2.0,-0.3,-0.0038,79.12,80.0,78.46,16127220.0,196843000000.0,
1997-06-09,80.07,1.0,1.61,0.0204999999999999,78.82,80.09,78.52,29406010.0,329371000000.0,
1997-06-10,79.25,2.0,-0.82,-0.0102,80.5,80.93,79.17,35567310.0,422655000000.0,
1997-06-11,78.81,2.0,-0.44,-0.0056,79.2,79.28,78.57,22127130.0,289343000000.0,
1997-06-12,79.71,1.0,0.9,0.0113999999999999,79.12,80.28,79.12,32799260.0,424013000000.0,
1997-06-13,81.7,1.0,1.99,0.025,79.87,81.7,79.87,48176650.0,618149000000.0,
1997-06-14,82.53,1.0,0.83,0.0102,82.19,83.39,82.19,35790350.0,447707000000.0,
1997-06-16,82.3,2.0,-0.23,-0.0028,82.85,83.31,81.89,34762690.0,528099000000.0,
1997-06-17,83.0,1.0,0.7,0.0085,82.49,83.67,81.89,36608780.0,555962000000.0,
1997-06-18,80.66,2.0,-2.34,-0.0282,83.04,83.78,80.09,32271270.0,500326000000.0,
1997-06-19,80.18,2.0,-0.48,-0.006,80.18,81.29,79.34,28955960.0,423963000000.0,
1997-06-20,79.8,2.0,-0.38,-0.0046999999999999,80.39,80.76,79.29,21621050.0,332351000000.0,
1997-06-21,78.69,2.0,-1.11,-0.0139,79.75,79.91,78.57,10121530.0,157356000000.0,
1997-06-23,78.09,2.0,-0.6,-0.0076,78.57,79.03,77.96,17341310.0,235573000000.0,
1997-06-24,78.18,1.0,0.09,0.0012,77.91,78.21,77.36,18241170.0,277998000000.0,
1997-06-25,76.99,2.0,-1.19,-0.0152,78.13,78.17,76.68,17838710.0,241728000000.0,
1997-06-26,77.27,1.0,0.28,0.0036,77.17,77.99,76.61,22741320.0,288854000000.0,
1997-06-27,76.33,2.0,-0.94,-0.0121999999999999,77.15,77.92,76.16,20599500.0,306192000000.0,
1997-06-28,77.53,1.0,1.2,0.0157,76.33,77.53,76.33,9979500.0,146538000000.0,
1997-06-30,77.5,2.0,-0.03,-0.0004,77.62,78.35,77.36,13229900.0,214495000000.0,
1997-07-01,79.28,1.0,1.78,0.023,77.5,79.63,77.46,20215220.0,307106000000.0,
1997-07-02,81.63,1.0,2.35,0.0296,79.96,81.63,79.96,29660720.0,433011000000.0,
1997-07-03,81.39,2.0,-0.24,-0.0029,81.84,82.29,81.1,30280220.0,402851000000.0,
1997-07-04,82.38,1.0,0.99,0.0121999999999999,81.52,82.51,81.18,27218810.0,388888000000.0,
1997-07-05,81.94,2.0,-0.44,-0.0053,82.35,82.48,81.89,15780900.0,229958000000.0,
1997-07-07,81.1,2.0,-0.84,-0.0103,81.7,81.7,80.94,18767850.0,286672000000.0,
1997-07-08,80.09,2.0,-1.01,-0.0125,81.01,81.11,79.38,18090210.0,267085000000.0,
1997-07-09,80.33,1.0,0.24,0.003,80.09,80.49,79.48,16392150.0,257496000000.0,
1997-07-10,79.64,2.0,-0.69,-0.0086,80.38,80.45,79.37,14010810.0,225513000000.0,
1997-07-11,79.55,2.0,-0.09,-0.0011,79.48,79.98,78.97,14589560.0,229769000000.0,
1997-07-12,79.37,2.0,-0.18,-0.0023,79.51,79.67,79.21,8902290.0,153445000000.0,
1997-07-14,79.06,2.0,-0.31,-0.0039,79.35,79.88,78.93,15542820.0,228924000000.0,
1997-07-15,78.28,2.0,-0.78,-0.0098999999999999,78.97,79.07,77.51,17948760.0,251169000000.0,
1997-07-16,76.58,2.0,-1.7,-0.0217,77.69,77.69,76.39,22887760.0,276133000000.0,
1997-07-18,77.39,1.0,0.81,0.0106,76.24,77.46,76.19,20261000.0,246769000000.0,
1997-07-19,77.0,2.0,-0.39,-0.005,77.38,77.46,76.66,10325030.0,109036000000.0,
1997-07-21,77.11,1.0,0.11,0.0014,76.91,77.84,76.49,12635590.0,163129000000.0,
1997-07-22,75.68,2.0,-1.43,-0.0185,77.14,77.16,75.22,17686680.0,210352000000.0,
1997-07-23,76.15,1.0,0.47,0.0062,75.39,76.29,75.26,16226530.0,196860000000.0,
1997-07-24,76.77,1.0,0.62,0.0081,76.01,76.77,75.45,20171370.0,238431000000.0,
1997-07-25,75.99,2.0,-0.78,-0.0102,76.86,77.48,75.99,21367610.0,255867000000.0,
1997-07-26,75.72,2.0,-0.27,-0.0036,75.92,76.24,75.53,9003360.0,114102000000.0,
1997-07-28,75.68,2.0,-0.04,-0.0005,75.78,76.23,75.4,12873200.0,167693000000.0,
1997-07-29,75.54,2.0,-0.14,-0.0018,75.68,75.85,75.41,13022170.0,187450000000.0,
1997-07-30,74.86,2.0,-0.68,-0.009,75.69,76.02,74.77,11652930.0,165193000000.0,
1997-07-31,74.92,1.0,0.06,0.0008,74.69,74.92,74.27,11604600.0,160549000000.0,
1997-08-01,75.49,1.0,0.57,0.0076,75.09,75.95,75.05,12080500.0,165671000000.0,
1997-08-02,75.31,2.0,-0.18,-0.0024,75.52,75.54,75.06,7018510.0,90437000000.0,
1997-08-04,75.7,1.0,0.39,0.0052,75.22,75.78,75.17,10973530.0,136594000000.0,
1997-08-05,76.44,1.0,0.74,0.0098,75.73,76.44,75.64,16118080.0,177600000000.0,
1997-08-06,76.84,1.0,0.4,0.0052,76.33,76.84,76.24,14355750.0,201916000000.0,
1997-08-07,76.84,3.0,0.0,0.0,76.91,77.2,76.52,13043920.0,178350000000.0,
1997-08-08,77.6,1.0,0.76,0.0098999999999999,76.94,77.6,76.9,14005410.0,191100000000.0,
1997-08-09,79.05,1.0,1.45,0.0187,77.88,79.43,77.84,15499940.0,195452000000.0,
1997-08-11,79.38,1.0,0.33,0.0042,79.33,79.85,79.2,16796400.0,237531000000.0,
1997-08-12,79.29,2.0,-0.09,-0.0011,79.54,79.66,79.1,15849060.0,237020000000.0,
1997-08-13,79.32,1.0,0.03,0.0004,79.3,79.82,79.08,13981350.0,229750000000.0,
1997-08-14,78.62,2.0,-0.7,-0.0088,79.32,79.32,78.35,14713400.0,214278000000.0,
1997-08-16,77.84,2.0,-0.78,-0.0098999999999999,78.46,78.46,77.82,7824090.0,108315000000.0,
1997-08-18,77.65,2.0,-0.19,-0.0024,77.79,77.99,77.42,10739180.0,146124000000.0,
1997-08-19,76.67,2.0,-0.98,-0.0126,77.55,77.71,76.44,12018580.0,175250000000.0,
1997-08-20,77.34,1.0,0.67,0.0087,76.68,77.76,75.98,13848080.0,218276000000.0,
1997-08-21,76.55,2.0,-0.79,-0.0102,77.26,77.35,76.55,12113670.0,161521000000.0,
1997-08-22,76.53,2.0,-0.02,-0.0003,76.49,77.05,75.6,14624710.0,196837000000.0,
1997-08-23,77.37,1.0,0.84,0.011,76.86,77.37,76.86,9245850.0,114254000000.0,
1997-08-25,77.21,2.0,-0.16,-0.0021,77.57,77.8,76.93,15265100.0,181933000000.0,
1997-08-26,76.31,2.0,-0.9,-0.0116999999999999,77.08,77.08,76.07,12072290.0,161430000000.0,
1997-08-27,75.8,2.0,-0.51,-0.0067,76.12,76.42,75.8,12889070.0,181469000000.0,
1997-08-28,74.6,2.0,-1.2,-0.0158,75.79,75.96,74.56,17120510.0,240365000000.0,
1997-08-29,73.56,2.0,-1.04,-0.0139,74.38,75.03,73.54,20860090.0,250766000000.0,
1997-08-30,72.81,2.0,-0.75,-0.0102,73.31,73.31,72.07,11254020.0,132321000000.0,
1997-09-01,71.44,2.0,-1.37,-0.0187999999999999,72.42,73.11,71.41,17495000.0,167757000000.0,
1997-09-02,72.39,1.0,0.95,0.0133,71.14,72.39,70.31,17341010.0,202813000000.0,
1997-09-03,71.79,2.0,-0.6,-0.0083,72.55,72.8,71.79,19297620.0,231900000000.0,
1997-09-04,71.47,2.0,-0.32,-0.0045,71.6,71.81,70.88,15460600.0,179602000000.0,
1997-09-05,73.08,1.0,1.61,0.0225,71.48,73.08,71.28,17104030.0,185942000000.0,
1997-09-06,73.11,1.0,0.03,0.0004,73.08,73.2,72.52,8628100.0,107261000000.0,
1997-09-08,72.65,2.0,-0.46,-0.0063,73.21,73.27,72.23,14857700.0,183978000000.0,
1997-09-09,71.74,2.0,-0.91,-0.0125,72.25,72.25,71.56,14970750.0,179361000000.0,
1997-09-10,71.99,1.0,0.25,0.0034999999999999,71.59,71.99,71.25,12894320.0,172185000000.0,
1997-09-11,72.45,1.0,0.46,0.0064,71.87,72.45,71.57,12060540.0,148825000000.0,
1997-09-12,73.01,1.0,0.56,0.0077,72.39,73.05,72.23,13166350.0,174203000000.0,
1997-09-13,72.96,2.0,-0.05,-0.0007,72.96,73.13,72.66,6156150.0,71265000000.0,
1997-09-18,73.13,1.0,0.17,0.0023,73.09,73.5,72.96,12293170.0,138147000000.0,
1997-09-19,71.72,2.0,-1.41,-0.0192999999999999,73.06,73.06,71.72,11746370.0,124113000000.0,
1997-09-20,70.53,2.0,-1.19,-0.0166,71.65,71.66,70.29,7520620.0,85744000000.0,
1997-09-22,69.3,2.0,-1.23,-0.0174,70.38,70.79,69.16,13380350.0,141761000000.0,
1997-09-23,67.62,2.0,-1.68,-0.0242,69.09,69.09,67.62,13238320.0,161576000000.0,
1997-09-24,67.75,1.0,0.13,0.0019,67.57,68.21,66.65,15024870.0,198346000000.0,
1997-09-25,66.82,2.0,-0.93,-0.0137,67.67,68.0,66.42,13132400.0,152254000000.0,
1997-09-26,66.02,2.0,-0.8,-0.012,66.49,66.73,65.73,12914770.0,139026000000.0,
1997-09-27,65.42,2.0,-0.6,-0.0091,65.99,65.99,65.24,7187020.0,83866000000.0,
1997-09-29,65.64,1.0,0.22,0.0034,65.02,66.19,64.85,11477990.0,126665000000.0,
1997-09-30,68.07,1.0,2.43,0.037,65.61,68.07,65.6,16181970.0,172404000000.0,
1997-10-01,67.54,2.0,-0.53,-0.0078,68.04,68.68,67.49,17611650.0,200576000000.0,
1997-10-02,66.72,2.0,-0.82,-0.0121,67.48,67.95,66.38,11388890.0,125558000000.0,
1997-10-04,67.97,1.0,1.25,0.0187,66.55,68.01,66.34,6646310.0,72756000000.0,
1997-10-06,67.54,2.0,-0.43,-0.0063,67.76,68.92,67.53,15271130.0,171334000000.0,
1997-10-07,65.73,2.0,-1.81,-0.0268,67.28,67.28,65.68,12661100.0,136316000000.0,
1997-10-08,63.48,2.0,-2.25,-0.0342,65.45,65.51,63.45,14207340.0,162066000000.0,
1997-10-09,63.28,2.0,-0.2,-0.0032,63.1,64.17,62.23,14103340.0,158146000000.0,
1997-10-10,63.26,2.0,-0.02,-0.0003,63.82,64.21,62.97,10021660.0,116972000000.0,
1997-10-11,64.3,1.0,1.04,0.0163999999999999,63.23,64.45,63.23,5062590.0,61733000000.0,
1997-10-13,63.55,2.0,-0.75,-0.0116999999999999,64.03,64.31,63.4,7349550.0,88604000000.0,
1997-10-14,64.42,1.0,0.87,0.0137,64.5,65.27,64.08,10710000.0,126204000000.0,
1997-10-15,62.66,2.0,-1.76,-0.0273,64.58,64.58,62.45,11945380.0,146434000000.0,
1997-10-16,59.77,2.0,-2.89,-0.0461,61.82,61.82,59.14,17422830.0,190428000000.0,
1997-10-17,60.49,1.0,0.72,0.012,59.65,61.4,58.04,22854620.0,242654000000.0,
1997-10-18,60.51,1.0,0.02,0.0003,60.64,60.87,59.6,10244040.0,103783000000.0,
1997-10-20,58.72,2.0,-1.79,-0.0296,60.59,60.68,58.05,17599830.0,186330000000.0,
1997-10-21,59.14,1.0,0.42,0.0072,58.16,60.69,57.71,23322360.0,239575000000.0,
1997-10-22,63.12,1.0,3.98,0.0673,59.57,63.15,59.57,24485660.0,262943000000.0,
1997-10-23,63.44,1.0,0.32,0.0051,63.37,64.63,62.17,38204850.0,390728000000.0,
1997-10-24,59.6,2.0,-3.84,-0.0605,62.36,62.36,59.53,29623120.0,279685000000.0,
1997-10-25,57.08,2.0,-2.52,-0.0423,59.26,59.26,56.39,16815640.0,161551000000.0,
1997-10-27,55.28,2.0,-1.8,-0.0315,57.38,58.26,55.12,21171850.0,225063000000.0,
1997-10-28,51.57,2.0,-3.71,-0.0670999999999999,54.43,54.43,51.27,28060790.0,279204000000.0,
1997-10-29,53.12,1.0,1.55,0.0301,52.34,54.6,50.86,33823050.0,340580000000.0,
1997-10-30,51.06,2.0,-2.06,-0.0388,52.3,53.14,50.5,42083920.0,399364000000.0,
1997-10-31,49.73,2.0,-1.33,-0.026,50.2,50.55,48.77,31434520.0,283772000000.0,
1997-11-01,52.68,1.0,2.95,0.0593,50.01,52.7,49.77,23547450.0,225403000000.0,
1997-11-03,54.18,1.0,1.5,0.0285,52.65,54.98,51.65,38154880.0,510759000000.0,
1997-11-04,57.55,1.0,3.37,0.0622,54.45,57.63,54.45,37732980.0,409084000000.0,
1997-11-05,58.7,1.0,1.15,0.02,58.18,59.94,57.75,49292400.0,520687000000.0,
1997-11-06,58.04,2.0,-0.66,-0.0112,58.56,58.59,57.15,34733580.0,459729000000.0,
1997-11-07,53.75,2.0,-4.29,-0.0739,58.01,58.01,53.63,36988730.0,397807000000.0,
1997-11-08,51.59,2.0,-2.16,-0.0401999999999999,52.53,52.53,49.75,26149390.0,251935000000.0,
1997-11-10,54.6,1.0,3.01,0.0583,52.22,54.82,52.22,34458970.0,363299000000.0,
1997-11-11,54.12,2.0,-0.48,-0.0088,54.12,55.86,52.77,31892010.0,343932000000.0,
1997-11-12,53.57,2.0,-0.55,-0.0102,54.0,54.0,52.59,20614660.0,236078000000.0,
1997-11-13,53.64,1.0,0.07,0.0013,54.08,54.96,53.31,30280360.0,283773000000.0,
1997-11-14,53.5,2.0,-0.14,-0.0026,53.57,53.86,52.47,22884260.0,246708000000.0,
1997-11-15,53.44,2.0,-0.06,-0.0011,53.7,54.06,53.42,14934970.0,158540000000.0,
1997-11-17,51.21,2.0,-2.23,-0.0417,53.3,54.2,51.0,20425910.0,208904000000.0,
1997-11-18,51.02,2.0,-0.19,-0.0037,50.37,51.79,49.14,26981660.0,277818000000.0,
1997-11-19,52.09,1.0,1.07,0.021,51.03,52.09,49.81,25551330.0,247575000000.0,
1997-11-20,50.88,2.0,-1.21,-0.0232,52.51,52.61,49.46,35811140.0,318352000000.0,
1997-11-21,53.49,1.0,2.61,0.0513,51.57,53.49,50.77,47407890.0,429055000000.0,
1997-11-22,51.71,2.0,-1.78,-0.0333,53.58,54.07,51.71,32201710.0,325569000000.0,
1997-11-24,47.82,2.0,-3.89,-0.0751999999999999,50.77,50.77,47.82,23916650.0,239346000000.0,
1997-11-25,46.97,2.0,-0.85,-0.0178,46.76,48.26,44.82,42707150.0,358113000000.0,
1997-11-26,47.16,1.0,0.19,0.004,46.71,47.88,46.13,37501320.0,304086000000.0,
1997-11-27,46.3,2.0,-0.86,-0.0182,47.22,48.03,46.3,33313150.0,272544000000.0,
1997-11-28,43.95,2.0,-2.35,-0.0508,45.94,45.94,43.41,27669370.0,227712000000.0,
1997-11-29,43.62,2.0,-0.33,-0.0075,43.06,43.64,41.66,20091560.0,150489000000.0,
1997-12-01,42.08,2.0,-1.54,-0.0353,43.35,44.43,42.08,31630730.0,205327000000.0,
1997-12-02,40.45,2.0,-1.63,-0.0387,41.63,41.63,39.22,30466240.0,221613000000.0,
1997-12-03,41.38,1.0,0.93,0.023,39.42,41.38,38.08,72859240.0,349607000000.0,
1997-12-04,44.45,1.0,3.07,0.0742,41.86,44.48,41.86,52224980.0,259819000000.0,
1997-12-05,47.8,1.0,3.35,0.0754,45.84,47.91,45.84,36272260.0,209337000000.0,
1997-12-06,48.16,1.0,0.36,0.0075,47.99,49.24,46.04,88882370.0,633634000000.0,
1997-12-08,45.98,2.0,-2.18,-0.0453,47.9,48.81,45.94,73108880.0,548176000000.0,
1997-12-09,42.99,2.0,-2.99,-0.065,45.47,45.47,42.95,61032290.0,392498000000.0,
1997-12-10,44.89,1.0,1.9,0.0441999999999999,44.34,45.52,42.28,65100340.0,557245000000.0,
1997-12-11,42.33,2.0,-2.56,-0.057,44.71,44.71,42.04,58245170.0,680633000000.0,
1997-12-12,39.32,2.0,-3.01,-0.0711,40.61,40.61,39.2,29757390.0,242606000000.0,
1997-12-13,40.66,1.0,1.34,0.0341,38.74,41.49,37.82,49384670.0,281938000000.0,
1997-12-15,43.82,1.0,3.16,0.0776999999999999,41.43,43.82,41.43,41964560.0,256367000000.0,
1997-12-16,45.96,1.0,2.14,0.0487999999999999,45.06,47.08,44.84,65222620.0,557994000000.0,
1997-12-17,47.54,1.0,1.58,0.0344,46.03,48.09,45.2,79431750.0,618152000000.0,
1997-12-19,44.65,2.0,-2.89,-0.0608,47.08,47.56,44.57,69779370.0,456056000000.0,
1997-12-20,44.92,1.0,0.27,0.006,44.13,46.08,42.46,47828540.0,280699000000.0,
1997-12-22,44.32,2.0,-0.6,-0.0134,45.23,46.07,44.25,44036290.0,318233000000.0,
1997-12-23,40.91,2.0,-3.41,-0.0769,43.85,43.85,40.88,56140300.0,993741000000.0,
1997-12-24,39.08,2.0,-1.83,-0.0447,40.25,40.38,38.11,60097650.0,430261000000.0,
1997-12-26,41.94,1.0,2.86,0.0732,39.91,42.03,39.91,30196520.0,145557000000.0,
1997-12-27,42.34,1.0,0.4,0.0095,42.03,42.54,41.16,49302020.0,389063000000.0,
1998-01-03,43.59,1.0,1.25,0.0295,42.18,43.59,42.15,22635030.0,174487000000.0,
1998-01-05,44.77,1.0,1.18,0.0271,44.07,45.82,44.07,69103540.0,416282000000.0,
1998-01-06,45.77,1.0,1.0,0.0223,44.77,45.78,44.58,47078110.0,365676000000.0,
1998-01-07,45.75,2.0,-0.02,-0.0004,45.9,47.63,45.5,59877890.0,479947000000.0,
1998-01-08,47.49,1.0,1.74,0.038,45.8,47.67,44.95,54762430.0,434953000000.0,
1998-01-09,46.34,2.0,-1.15,-0.0242,47.09,47.27,45.81,50753830.0,473445000000.0,
1998-01-10,49.44,1.0,3.1,0.0669,46.9,49.44,46.9,54437220.0,373837000000.0,
1998-01-12,51.21,1.0,1.77,0.0358,49.89,51.9,49.89,70722610.0,602358000000.0,
1998-01-13,51.69,1.0,0.48,0.0093999999999999,51.16,52.07,50.24,67181630.0,553928000000.0,
1998-01-14,53.0,1.0,1.31,0.0253,51.87,53.84,51.61,80843360.0,693605000000.0,
1998-01-15,56.63,1.0,3.63,0.0684999999999999,53.57,56.77,53.57,82173290.0,744889000000.0,
1998-01-16,54.93,2.0,-1.7,-0.03,57.36,59.77,54.41,123665510.0,1153878000000.0,
1998-01-17,56.16,1.0,1.23,0.0224,55.21,56.44,53.95,48479300.0,456620000000.0,
1998-01-19,60.2,1.0,4.04,0.0719,57.04,60.2,57.04,99050770.0,785967000000.0,
1998-01-20,61.1,1.0,0.9,0.015,60.21,62.23,59.53,84466310.0,925916000000.0,
1998-01-21,57.68,2.0,-3.42,-0.0559999999999999,60.74,60.74,57.34,86510960.0,722512000000.0,
1998-01-22,54.93,2.0,-2.75,-0.0476999999999999,57.36,58.37,54.93,70252800.0,708384000000.0,
1998-01-23,55.61,1.0,0.68,0.0124,54.86,56.17,54.07,53473660.0,528775000000.0,
1998-01-24,58.47,1.0,2.86,0.0513999999999999,55.89,58.55,55.89,39602340.0,377724000000.0,
1998-01-26,59.82,1.0,1.35,0.0231,58.97,60.35,58.94,47909350.0,601372000000.0,
1998-01-30,64.48,1.0,4.66,0.0779,61.1,64.48,61.1,30322570.0,451383000000.0,
1998-01-31,65.45,1.0,0.97,0.015,65.69,68.01,64.85,57845780.0,759241000000.0,
1998-02-02,62.35,2.0,-3.1,-0.0474,63.84,63.84,61.45,61658980.0,760974000000.0,
1998-02-03,62.69,1.0,0.34,0.0055,62.85,64.76,61.56,61828980.0,762023000000.0,
1998-02-04,62.01,2.0,-0.68,-0.0108,63.03,63.78,61.88,55336790.0,615299000000.0,
1998-02-05,59.72,2.0,-2.29,-0.0369,61.98,62.31,59.29,53689670.0,616079000000.0,
1998-02-06,61.19,1.0,1.47,0.0246,61.2,62.79,60.54,65285920.0,845622000000.0,
1998-02-07,61.5,1.0,0.31,0.0051,61.01,61.87,60.41,29032190.0,331779000000.0,
1998-02-09,62.84,1.0,1.34,0.0218,61.45,63.33,61.39,47891230.0,562319000000.0,
1998-02-10,61.23,2.0,-1.61,-0.0256,62.9,63.37,60.84,46329430.0,501336000000.0,
1998-02-11,59.09,2.0,-2.14,-0.035,61.06,61.07,57.98,47690280.0,495678000000.0,
1998-02-12,58.38,2.0,-0.71,-0.012,58.6,58.6,56.53,44048320.0,504686000000.0,
1998-02-13,57.66,2.0,-0.72,-0.0123,59.31,60.23,57.66,51179250.0,638305000000.0,
1998-02-14,55.08,2.0,-2.58,-0.0447,57.46,57.46,54.84,27612760.0,272020000000.0,
1998-02-16,54.68,2.0,-0.4,-0.0073,55.03,55.78,53.63,35903400.0,368702000000.0,
1998-02-17,54.31,2.0,-0.37,-0.0068,54.58,54.83,53.16,31253160.0,299030000000.0,
1998-02-18,56.2,1.0,1.89,0.0348,54.66,56.89,54.48,38180080.0,410189000000.0,
1998-02-19,59.09,1.0,2.89,0.0513999999999999,56.32,59.64,56.32,47019740.0,577355000000.0,
1998-02-20,60.49,1.0,1.4,0.0237,59.81,62.04,59.81,48736580.0,676414000000.0,
1998-02-21,61.59,1.0,1.1,0.0182,60.32,61.81,59.47,31835910.0,437580000000.0,
1998-02-23,63.12,1.0,1.53,0.0248,62.61,64.55,62.61,47710550.0,605287000000.0,
1998-02-24,62.79,2.0,-0.33,-0.0052,62.88,63.54,61.94,42585070.0,501503000000.0,
1998-02-25,59.85,2.0,-2.94,-0.0467999999999999,62.6,63.69,59.74,49121760.0,545974000000.0,
1998-02-26,60.96,1.0,1.11,0.0185,59.96,61.8,58.82,42649230.0,485721000000.0,
1998-02-27,64.16,1.0,3.2,0.0525,61.33,64.43,61.33,49841690.0,631410000000.0,
1998-02-28,65.79,1.0,1.63,0.0254,64.96,66.63,64.96,38057520.0,482444000000.0,
1998-03-02,67.96,1.0,2.17,0.033,66.38,68.88,66.33,67758900.0,797657000000.0,
1998-03-03,67.48,2.0,-0.48,-0.0070999999999999,68.41,70.45,66.92,70513980.0,810834000000.0,
1998-03-04,67.5,1.0,0.02,0.0003,67.35,67.52,64.84,52180070.0,570069000000.0,
1998-03-05,62.58,2.0,-4.92,-0.0729,67.15,67.15,62.58,41610900.0,463378000000.0,
1998-03-06,61.06,2.0,-1.52,-0.0243,62.03,62.78,60.18,45123460.0,492247000000.0,
1998-03-07,61.57,1.0,0.51,0.0084,61.37,62.28,60.96,23381750.0,235726000000.0,
1998-03-09,59.11,2.0,-2.46,-0.04,61.61,62.29,59.08,28662760.0,310762000000.0,
1998-03-10,61.53,1.0,2.42,0.0409,59.16,61.53,58.36,29737210.0,342968000000.0,
1998-03-11,62.25,1.0,0.72,0.0116999999999999,61.06,63.69,60.63,38946130.0,462512000000.0,
1998-03-12,62.57,1.0,0.32,0.0051,62.72,63.97,62.51,34609880.0,405850000000.0,
1998-03-13,62.62,1.0,0.05,0.0008,62.84,63.13,60.66,46205070.0,411704000000.0,
1998-03-14,61.96,2.0,-0.66,-0.0105,62.48,63.04,61.83,25484770.0,208625000000.0,
1998-03-16,61.4,2.0,-0.56,-0.009,62.29,62.81,61.4,36714460.0,353106000000.0,
1998-03-17,59.67,2.0,-1.73,-0.0282,61.34,61.34,59.34,37492080.0,348089000000.0,
1998-03-18,59.87,1.0,0.2,0.0034,59.72,61.12,58.97,32920300.0,294021000000.0,
1998-03-19,60.17,1.0,0.3,0.005,59.78,60.64,59.78,31550460.0,297822000000.0,
1998-03-20,60.62,1.0,0.45,0.0075,60.22,61.31,60.22,31179520.0,301304000000.0,
1998-03-21,60.07,2.0,-0.55,-0.0091,60.54,60.54,59.82,19130590.0,153868000000.0,
1998-03-23,58.73,2.0,-1.34,-0.0223,60.07,60.24,58.72,33301530.0,272355000000.0,
1998-03-24,58.32,2.0,-0.41,-0.0069999999999999,58.82,58.93,58.0,28786560.0,263808000000.0,
1998-03-25,58.61,1.0,0.29,0.005,58.37,58.91,57.69,32937720.0,297649000000.0,
1998-03-26,57.36,2.0,-1.25,-0.0213,58.44,58.44,57.07,28113020.0,268614000000.0,
1998-03-27,57.73,1.0,0.37,0.0065,57.44,57.74,56.5,28496060.0,295635000000.0,
1998-03-28,56.83,2.0,-0.9,-0.0156,57.61,58.07,56.83,19974820.0,234908000000.0,
1998-03-30,55.44,2.0,-1.39,-0.0245,56.4,56.4,55.13,26917110.0,220576000000.0,
1998-03-31,55.28,2.0,-0.16,-0.0029,55.56,56.41,55.28,27875380.0,227569000000.0,
1998-04-01,53.51,2.0,-1.77,-0.032,55.41,55.41,53.51,22229750.0,209860000000.0,
1998-04-02,51.65,2.0,-1.86,-0.0348,53.04,53.38,51.33,29755810.0,267926000000.0,
1998-04-03,49.7,2.0,-1.95,-0.0378,51.29,51.57,48.1,35522950.0,300598000000.0,
1998-04-04,50.72,1.0,1.02,0.0204999999999999,49.44,51.43,48.71,24223590.0,206847000000.0,
1998-04-06,49.83,2.0,-0.89,-0.0175,50.58,50.63,49.26,26900430.0,242434000000.0,
1998-04-07,52.7,1.0,2.87,0.0576,50.08,52.7,50.08,31369150.0,283661000000.0,
1998-04-08,52.33,2.0,-0.37,-0.0069999999999999,52.68,53.64,52.32,34586240.0,327800000000.0,
1998-04-09,53.88,1.0,1.55,0.0296,54.09,54.91,53.54,31420250.0,316953000000.0,
1998-04-10,53.73,2.0,-0.15,-0.0028,53.72,54.07,53.25,25892310.0,195597000000.0,
1998-04-11,56.81,1.0,3.08,0.0573,54.05,56.86,54.05,23332690.0,221470000000.0,
1998-04-13,57.49,1.0,0.68,0.012,56.49,58.03,56.18,37298500.0,365763000000.0,
1998-04-14,53.95,2.0,-3.54,-0.0616,56.94,56.94,53.9,26468860.0,269047000000.0,
1998-04-15,53.94,2.0,-0.01,-0.0002,53.84,54.3,53.12,22948550.0,225037000000.0,
1998-04-16,52.27,2.0,-1.67,-0.031,53.7,53.7,51.37,24752550.0,216104000000.0,
1998-04-17,51.9,2.0,-0.37,-0.0070999999999999,51.89,52.39,51.3,18287670.0,158759000000.0,
1998-04-18,50.88,2.0,-1.02,-0.0197,52.22,53.03,50.88,16150310.0,142730000000.0,
1998-04-20,50.41,2.0,-0.47,-0.0092,50.81,51.26,50.14,19165150.0,137358000000.0,
1998-04-21,50.9,1.0,0.49,0.0097,50.2,51.2,49.71,20924680.0,170726000000.0,
1998-04-22,50.12,2.0,-0.78,-0.0153,50.77,51.55,50.11,19925250.0,177255000000.0,
1998-04-23,48.42,2.0,-1.7,-0.0339,49.74,49.74,48.15,25332220.0,180238000000.0,
1998-04-24,48.21,2.0,-0.21,-0.0043,48.42,50.04,47.92,34923770.0,235507000000.0,
1998-04-25,47.99,2.0,-0.22,-0.0046,48.24,48.62,47.66,16786140.0,101062000000.0,
1998-04-27,47.53,2.0,-0.46,-0.0096,48.09,48.44,47.47,28271320.0,156752000000.0,
1998-04-28,47.05,2.0,-0.48,-0.0101,47.56,47.77,46.82,23048290.0,149856000000.0,
1998-04-29,48.78,1.0,1.73,0.0368,47.22,49.05,46.95,27840580.0,198194000000.0,
1998-04-30,49.39,1.0,0.61,0.0125,48.98,49.66,48.53,26876410.0,240913000000.0,
1998-05-02,47.56,2.0,-1.83,-0.0371,49.02,49.02,47.56,15580270.0,113906000000.0,
1998-05-04,45.78,2.0,-1.78,-0.0374,46.89,46.89,45.58,22716110.0,173204000000.0,
1998-05-06,44.01,2.0,-1.77,-0.0387,45.35,45.36,43.79,26256760.0,195452000000.0,
1998-05-07,44.43,1.0,0.42,0.0095,44.02,44.54,43.3,29385450.0,215267000000.0,
1998-05-08,43.63,2.0,-0.8,-0.018,43.99,44.48,43.19,29519600.0,208941000000.0,
1998-05-09,43.84,1.0,0.21,0.0048,43.7,44.08,43.55,15910110.0,97417000000.0,
1998-05-11,42.27,2.0,-1.57,-0.0358,43.55,43.55,42.27,20969920.0,127690000000.0,
1998-05-12,41.18,2.0,-1.09,-0.0258,41.63,41.86,40.8,24539190.0,166017000000.0,
1998-05-13,41.9,1.0,0.72,0.0175,40.92,42.4,40.39,32652780.0,217846000000.0,
1998-05-14,42.84,1.0,0.94,0.0224,41.67,44.09,41.12,52097380.0,287202000000.0,
1998-05-15,41.7,2.0,-1.14,-0.0266,42.66,43.48,41.52,37742270.0,235255000000.0,
1998-05-16,41.62,2.0,-0.08,-0.0019,41.08,41.96,40.39,21217290.0,114868000000.0,
1998-05-18,42.32,1.0,0.7,0.0168,41.75,42.81,41.75,31560770.0,176594000000.0,
1998-05-19,42.66,1.0,0.34,0.008,42.48,42.66,41.79,34616370.0,206437000000.0,
1998-05-20,43.27,1.0,0.61,0.0143,42.84,44.01,42.84,44492230.0,275963000000.0,
1998-05-21,42.52,2.0,-0.75,-0.0173,43.5,44.05,42.52,56563560.0,298281000000.0,
1998-05-22,41.37,2.0,-1.15,-0.027,42.32,42.32,41.2,35858610.0,191384000000.0,
1998-05-23,41.55,1.0,0.18,0.0044,41.55,42.12,41.55,18565470.0,119306000000.0,
1998-05-25,38.52,2.0,-3.03,-0.0729,41.17,41.25,38.5,29165730.0,303082000000.0,
1998-05-26,36.03,2.0,-2.49,-0.0646,37.57,37.57,35.68,27701600.0,174155000000.0,
1998-05-27,36.22,1.0,0.19,0.0053,36.54,36.54,34.82,37838530.0,248649000000.0,
1998-05-28,37.62,1.0,1.4,0.0387,36.24,38.68,35.76,44430560.0,310105000000.0,
1998-05-29,39.28,1.0,1.66,0.0441,37.74,39.45,37.74,46139910.0,298440000000.0,
1998-05-30,38.48,2.0,-0.8,-0.0204,39.48,39.64,38.48,32337430.0,150585000000.0,
1998-06-01,38.98,1.0,0.5,0.013,38.83,39.76,38.63,58907040.0,277648000000.0,
1998-06-02,37.36,2.0,-1.62,-0.0416,38.84,38.84,37.36,43736500.0,205055000000.0,
1998-06-03,38.49,1.0,1.13,0.0302,37.53,38.52,37.52,54372160.0,229387000000.0,
1998-06-05,39.75,1.0,1.26,0.0327,38.66,39.75,38.64,51280850.0,244850000000.0,
1998-06-08,40.09,1.0,0.34,0.0086,40.32,41.19,40.09,51656000.0,260137000000.0,
1998-06-09,39.1,2.0,-0.99,-0.0247,39.85,39.85,38.62,48677290.0,232378000000.0,
1998-06-10,37.26,2.0,-1.84,-0.0471,39.5,39.84,37.26,45926180.0,253012000000.0,
1998-06-11,37.84,1.0,0.58,0.0156,37.11,37.84,36.43,42589620.0,267702000000.0,
1998-06-12,34.57,2.0,-3.27,-0.0864,36.43,36.43,34.47,52038450.0,254508000000.0,
1998-06-13,34.79,1.0,0.22,0.0064,34.36,35.29,34.13,24608430.0,133991000000.0,
1998-06-15,33.19,2.0,-1.6,-0.046,34.64,34.96,33.19,34610560.0,174328000000.0,
1998-06-16,32.26,2.0,-0.93,-0.0279999999999999,32.6,33.71,31.96,48644010.0,241080000000.0,
1998-06-17,35.04,1.0,2.78,0.0862,33.31,35.07,33.31,53555150.0,283546000000.0,
1998-06-18,37.53,1.0,2.49,0.0711,35.79,38.19,35.79,69342240.0,411393000000.0,
1998-06-19,35.96,2.0,-1.57,-0.0418,37.18,37.39,35.48,49939020.0,336726000000.0,
1998-06-20,36.3,1.0,0.34,0.0095,36.13,36.52,35.5,28684230.0,168103000000.0,
1998-06-22,35.76,2.0,-0.54,-0.0149,36.34,36.8,35.76,40931290.0,222603000000.0,
1998-06-23,34.8,2.0,-0.96,-0.0268,35.43,35.43,34.34,35200280.0,198828000000.0,
1998-06-24,34.63,2.0,-0.17,-0.0049,34.54,35.01,33.98,45097390.0,223447000000.0,
1998-06-25,34.55,2.0,-0.08,-0.0023,34.36,34.69,33.85,40437170.0,185201000000.0,
1998-06-26,34.36,2.0,-0.19,-0.0055,34.49,35.17,34.27,37608080.0,175866000000.0,
1998-06-27,34.86,1.0,0.5,0.0146,34.5,34.97,34.45,21179080.0,126336000000.0,
1998-06-29,34.48,2.0,-0.38,-0.0109,35.02,35.41,34.27,47749920.0,246649000000.0,
1998-06-30,34.37,2.0,-0.11,-0.0032,34.21,34.63,33.94,34965410.0,179754000000.0,
1998-07-01,36.61,1.0,2.24,0.0652,34.39,37.01,34.39,73715170.0,341387000000.0,
1998-07-02,36.24,2.0,-0.37,-0.0101,36.56,37.46,35.98,67107490.0,434348000000.0,
1998-07-03,35.83,2.0,-0.41,-0.0113,36.25,36.82,35.55,45097310.0,264100000000.0,
1998-07-04,35.8,2.0,-0.03,-0.0008,35.86,36.34,35.71,34784160.0,175404000000.0,
1998-07-06,35.99,1.0,0.19,0.0053,35.57,36.14,35.44,41715330.0,194329000000.0,
1998-07-07,36.89,1.0,0.9,0.025,36.09,37.28,36.09,53303850.0,306364000000.0,
1998-07-08,37.01,1.0,0.12,0.0033,37.39,37.67,36.92,58679640.0,295187000000.0,
1998-07-09,36.89,2.0,-0.12,-0.0032,37.17,37.54,36.59,58967160.0,308634000000.0,
1998-07-10,35.69,2.0,-1.2,-0.0325,36.9,37.1,35.33,56147870.0,303860000000.0,
1998-07-11,35.12,2.0,-0.57,-0.016,35.49,35.49,34.91,29579560.0,137311000000.0,
1998-07-13,34.7,2.0,-0.42,-0.012,34.98,35.12,34.45,39498550.0,221294000000.0,
1998-07-14,35.34,1.0,0.64,0.0184,34.79,35.38,34.79,41210910.0,189900000000.0,
1998-07-15,36.17,1.0,0.83,0.0235,35.5,36.52,35.5,55640480.0,303081000000.0,
1998-07-16,38.39,1.0,2.22,0.0613999999999999,36.33,38.39,36.33,55510500.0,406578000000.0,
1998-07-18,40.12,1.0,1.73,0.0451,38.72,41.3,38.72,53649910.0,411362000000.0,
1998-07-20,42.74,1.0,2.62,0.0653,40.72,42.74,40.23,81236740.0,584613000000.0,
1998-07-21,42.33,2.0,-0.41,-0.0096,42.91,43.62,42.33,84063080.0,654164000000.0,
1998-07-22,41.99,2.0,-0.34,-0.008,42.3,42.49,41.39,117868090.0,561150000000.0,
1998-07-23,39.42,2.0,-2.57,-0.0612,42.05,42.58,39.42,85313030.0,460921000000.0,
1998-07-24,39.77,1.0,0.35,0.0089,39.35,40.25,38.53,84448460.0,404944000000.0,
1998-07-25,37.75,2.0,-2.02,-0.0508,39.31,39.33,37.7,51880360.0,268865000000.0,
1998-07-27,37.93,1.0,0.18,0.0048,37.84,38.33,37.15,54566820.0,379580000000.0,
1998-07-28,38.7,1.0,0.77,0.0203,37.96,38.7,37.96,42053410.0,259310000000.0,
1998-07-29,39.82,1.0,1.12,0.0289,38.91,41.13,38.91,72961880.0,549086000000.0,
1998-07-30,39.89,1.0,0.07,0.0018,39.78,40.12,39.12,66668830.0,362598000000.0,
1998-07-31,39.51,2.0,-0.38,-0.0095,40.03,40.4,39.14,87472800.0,420325000000.0,
1998-08-01,38.74,2.0,-0.77,-0.0195,39.29,39.29,38.62,42466940.0,201837000000.0,
1998-08-03,37.83,2.0,-0.91,-0.0235,38.6,38.96,37.83,52736230.0,239533000000.0,
1998-08-04,38.36,1.0,0.53,0.0139999999999999,37.69,38.59,37.5,43832380.0,238902000000.0,
1998-08-05,37.1,2.0,-1.26,-0.0327999999999999,38.42,38.62,36.4,55229520.0,324628000000.0,
1998-08-06,36.84,2.0,-0.26,-0.0069999999999999,36.83,37.3,36.54,52877910.0,251706000000.0,
1998-08-07,36.95,1.0,0.11,0.003,36.88,37.29,36.7,41799850.0,281577000000.0,
1998-08-08,36.09,2.0,-0.86,-0.0233,36.83,36.83,36.09,26147500.0,145237000000.0,
1998-08-10,35.87,2.0,-0.22,-0.0060999999999999,36.15,36.38,35.45,46116100.0,203556000000.0,
1998-08-11,35.76,2.0,-0.11,-0.0031,35.95,36.74,35.76,41200060.0,237073000000.0,
1998-08-12,35.08,2.0,-0.68,-0.019,35.53,35.53,34.62,38630420.0,220605000000.0,
1998-08-13,34.7,2.0,-0.38,-0.0108,35.07,35.42,34.68,40102690.0,229547000000.0,
1998-08-14,34.85,1.0,0.15,0.0043,34.67,35.03,33.98,33668050.0,195338000000.0,
1998-08-17,34.43,2.0,-0.42,-0.0121,34.81,34.96,34.43,32516490.0,147664000000.0,
1998-08-18,33.2,2.0,-1.23,-0.0356999999999999,33.88,33.88,32.88,46190350.0,216705000000.0,
1998-08-19,34.64,1.0,1.44,0.0434,33.7,34.79,33.7,45736750.0,267257000000.0,
1998-08-20,36.52,1.0,1.88,0.0542999999999999,34.82,36.64,34.63,55532400.0,330977000000.0,
1998-08-21,36.5,2.0,-0.02,-0.0005,36.67,36.86,36.16,61592520.0,349997000000.0,
1998-08-22,34.98,2.0,-1.52,-0.0416,36.36,36.36,34.75,26656000.0,144306000000.0,
1998-08-24,34.94,2.0,-0.04,-0.0011,35.0,35.31,34.59,34067680.0,191546000000.0,
1998-08-25,35.54,1.0,0.6,0.0172,34.95,35.96,34.95,40088190.0,222590000000.0,
1998-08-26,36.57,1.0,1.03,0.0289999999999999,35.64,36.85,35.64,61964350.0,316210000000.0,
1998-08-27,36.04,2.0,-0.53,-0.0144999999999999,36.52,36.52,35.79,50348320.0,208402000000.0,
1998-08-28,35.48,2.0,-0.56,-0.0155,35.42,35.48,34.62,44482420.0,233853000000.0,
1998-08-29,34.91,2.0,-0.57,-0.0161,35.22,35.22,34.81,26930900.0,122579000000.0,
1998-08-31,35.55,1.0,0.64,0.0183,35.27,35.77,35.17,42124520.0,199414000000.0,
1998-09-01,35.43,2.0,-0.12,-0.0034,35.5,35.82,34.98,43571470.0,233390000000.0,
1998-09-02,36.04,1.0,0.61,0.0172,35.64,36.41,35.64,45433850.0,254212000000.0,
1998-09-03,36.1,1.0,0.06,0.0017,36.11,36.22,35.66,46610670.0,232342000000.0,
1998-09-04,36.09,2.0,-0.01,-0.0003,36.05,36.57,36.05,42529120.0,221894000000.0,
1998-09-05,36.24,1.0,0.15,0.0042,36.11,36.26,35.98,20810780.0,95214000000.0,
1998-09-07,37.88,1.0,1.64,0.0453,36.29,37.88,36.29,53707800.0,309673000000.0,
1998-09-08,37.5,2.0,-0.38,-0.01,37.95,38.55,37.29,47259380.0,308621000000.0,
1998-09-09,37.87,1.0,0.37,0.0098999999999999,37.66,38.02,37.21,41749370.0,256629000000.0,
1998-09-10,39.28,1.0,1.41,0.0372,37.86,39.28,37.49,60181950.0,413736000000.0,
1998-09-11,36.71,2.0,-2.57,-0.0654,37.92,37.92,36.71,43040980.0,245758000000.0,
1998-09-12,36.58,2.0,-0.13,-0.0034999999999999,36.72,36.79,36.29,23793040.0,109052000000.0,
1998-09-14,35.73,2.0,-0.85,-0.0232,36.45,36.45,35.71,38684080.0,177438000000.0,
1998-09-15,35.28,2.0,-0.45,-0.0126,35.67,35.89,34.93,51364710.0,232075000000.0,
1998-09-16,35.65,1.0,0.37,0.0105,35.29,35.88,35.29,34051350.0,178949000000.0,
1998-09-17,35.35,2.0,-0.3,-0.0084,35.67,35.85,35.34,32819940.0,202388000000.0,
1998-09-18,34.24,2.0,-1.11,-0.0314,34.99,34.99,33.88,39235220.0,246566000000.0,
1998-09-19,34.13,2.0,-0.11,-0.0032,33.99,34.22,33.76,21113780.0,130038000000.0,
1998-09-21,33.73,2.0,-0.4,-0.0116999999999999,34.16,34.16,33.43,35544730.0,182895000000.0,
1998-09-22,33.17,2.0,-0.56,-0.0166,33.69,34.0,33.17,30486430.0,170880000000.0,
1998-09-23,33.26,1.0,0.09,0.0027,33.07,33.26,32.64,29800880.0,200229000000.0,
1998-09-24,35.61,1.0,2.35,0.0707,33.47,35.63,33.47,48250570.0,353073000000.0,
1998-09-25,34.71,2.0,-0.9,-0.0253,35.49,35.49,34.56,31814070.0,254194000000.0,
1998-09-26,35.0,1.0,0.29,0.0084,34.73,35.03,34.59,25508710.0,124025000000.0,
1998-09-28,34.98,2.0,-0.02,-0.0006,35.21,35.86,34.93,29962390.0,192481000000.0,
1998-09-29,35.8,1.0,0.82,0.0233999999999999,34.99,35.81,34.91,38225920.0,196182000000.0,
1998-09-30,35.45,2.0,-0.35,-0.0098,35.75,35.95,35.35,43787780.0,204736000000.0,
1998-10-01,34.82,2.0,-0.63,-0.0178,35.37,35.37,34.66,38170660.0,184679000000.0,
1998-10-02,35.08,1.0,0.26,0.0075,34.77,35.12,34.46,42501750.0,193312000000.0,
1998-10-07,35.76,1.0,0.68,0.0194,35.27,36.09,35.27,49038430.0,254360000000.0,
1998-10-08,34.54,2.0,-1.22,-0.0341,36.0,36.73,34.54,64278460.0,326244000000.0,
1998-10-09,37.52,1.0,2.98,0.0863,35.25,37.63,35.25,75399340.0,465848000000.0,
1998-10-10,38.84,1.0,1.32,0.0352,38.01,39.26,38.01,57857690.0,424053000000.0,
1998-10-12,40.56,1.0,1.72,0.0443,38.98,40.82,38.54,91711150.0,570024000000.0,
1998-10-13,39.81,2.0,-0.75,-0.0185,40.61,41.32,39.67,90602690.0,567134000000.0,
1998-10-14,39.79,2.0,-0.02,-0.0005,39.95,40.03,39.06,60083450.0,360338000000.0,
1998-10-15,42.68,1.0,2.89,0.0726,40.03,42.77,40.03,83481820.0,656164000000.0,
1998-10-16,43.47,1.0,0.79,0.0185,43.59,44.96,42.95,94259210.0,851602000000.0,
1998-10-17,44.79,1.0,1.32,0.0304,43.48,44.79,43.48,48617560.0,330821000000.0,
1998-10-19,43.54,2.0,-1.25,-0.0279,45.02,45.28,43.16,93076960.0,537716000000.0,
1998-10-20,45.5,1.0,1.96,0.045,43.4,45.5,43.04,87016090.0,542024000000.0,
1998-10-21,44.27,2.0,-1.23,-0.027,45.79,46.19,44.08,107900830.0,678635000000.0,
1998-10-22,44.45,1.0,0.18,0.0040999999999999,44.16,45.24,43.98,94381040.0,464529000000.0,
1998-10-23,44.03,2.0,-0.42,-0.0093999999999999,44.53,44.73,43.25,79369250.0,470261000000.0,
1998-10-24,44.32,1.0,0.29,0.0066,44.06,44.69,44.06,44447040.0,232988000000.0,
1998-10-26,43.39,2.0,-0.93,-0.021,44.31,44.31,43.18,54989580.0,336362000000.0,
1998-10-27,41.76,2.0,-1.63,-0.0375999999999999,43.18,43.18,40.88,60425140.0,399196000000.0,
1998-10-28,42.3,1.0,0.54,0.0129,41.8,42.8,41.65,60993850.0,353178000000.0,
1998-10-29,43.18,1.0,0.88,0.0208,42.45,43.75,42.28,69544270.0,430330000000.0,
1998-10-30,45.07,1.0,1.89,0.0438,43.61,45.68,43.61,91152760.0,615973000000.0,
1998-10-31,47.61,1.0,2.54,0.0564,46.1,47.79,46.1,72758120.0,548520000000.0,
1998-11-02,47.7,1.0,0.09,0.0019,48.08,48.6,47.51,103462890.0,724479000000.0,
1998-11-03,48.09,1.0,0.39,0.0081999999999999,47.76,49.24,47.4,118035240.0,712112000000.0,
1998-11-04,48.82,1.0,0.73,0.0152,48.06,48.82,47.24,103206370.0,595060000000.0,
1998-11-05,49.25,1.0,0.43,0.0088,49.06,49.65,48.28,141463960.0,817755000000.0,
1998-11-06,48.86,2.0,-0.39,-0.0079,49.36,51.47,48.82,146029820.0,937037000000.0,
1998-11-07,48.98,1.0,0.12,0.0025,48.94,49.44,48.29,78687900.0,375757000000.0,
1998-11-09,49.74,1.0,0.76,0.0155,48.93,49.74,48.41,129382270.0,625070000000.0,
1998-11-10,47.02,2.0,-2.72,-0.0547,49.55,49.55,47.02,111091030.0,588426000000.0,
1998-11-11,46.69,2.0,-0.33,-0.0069999999999999,46.8,47.46,45.77,85819270.0,474491000000.0,
1998-11-12,47.03,1.0,0.34,0.0073,46.97,47.56,46.65,77255650.0,405966000000.0,
1998-11-13,47.17,1.0,0.14,0.003,46.9,47.31,46.11,65925350.0,371273000000.0,
1998-11-14,48.43,1.0,1.26,0.0266999999999999,47.21,48.48,47.21,54771720.0,325577000000.0,
1998-11-16,49.37,1.0,0.94,0.0194,49.0,49.94,48.14,96063500.0,572369000000.0,
1998-11-17,49.63,1.0,0.26,0.0053,49.48,50.65,49.48,92385090.0,664694000000.0,
1998-11-18,49.27,2.0,-0.36,-0.0073,49.78,50.01,48.92,86333740.0,557812000000.0,
1998-11-19,51.47,1.0,2.2,0.0447,49.05,51.47,49.01,104876280.0,740219000000.0,
1998-11-20,53.19,1.0,1.72,0.0334,51.77,54.51,51.47,162182180.0,1259047000000.0,
1998-11-21,53.64,1.0,0.45,0.0085,53.26,53.96,52.47,71577700.0,463635000000.0,
1998-11-23,52.98,2.0,-0.66,-0.0123,53.39,53.51,52.08,118582270.0,730332000000.0,
1998-11-24,53.73,1.0,0.75,0.0141999999999999,53.03,54.56,53.03,113319080.0,736237000000.0,
1998-11-25,53.92,1.0,0.19,0.0034999999999999,53.77,54.32,53.17,138741480.0,812280000000.0,
1998-11-26,51.66,2.0,-2.26,-0.0419,53.75,53.97,51.66,107392040.0,648306000000.0,
1998-11-27,51.69,1.0,0.03,0.0006,51.55,52.12,50.74,80790160.0,515769000000.0,
1998-11-28,52.59,1.0,0.9,0.0174,51.67,52.78,51.67,76013840.0,454616000000.0,
1998-11-30,51.93,2.0,-0.66,-0.0125,52.52,53.07,51.77,142836330.0,839069000000.0,
1998-12-01,51.16,2.0,-0.77,-0.0148,51.91,51.91,50.18,101611410.0,615400000000.0,
1998-12-02,51.22,1.0,0.06,0.0012,51.21,51.62,50.62,98717980.0,616209000000.0,
1998-12-03,51.48,1.0,0.26,0.0051,51.44,52.57,51.44,116308250.0,851581000000.0,
1998-12-04,53.8,1.0,2.32,0.0451,51.61,53.8,51.24,147607010.0,1136810000000.0,
1998-12-05,56.8,1.0,3.0,0.0558,54.2,57.53,54.2,125839220.0,1026390000000.0,
1998-12-07,59.43,1.0,2.63,0.0463,56.84,59.91,56.84,218063380.0,1812457000000.0,
1998-12-08,58.69,2.0,-0.74,-0.0125,59.15,62.67,58.15,214478280.0,1929946000000.0,
1998-12-09,60.72,1.0,2.03,0.0346,58.71,60.72,58.71,185172680.0,1594891000000.0,
1998-12-10,65.67,1.0,4.95,0.0815,60.76,65.85,60.76,229883270.0,2360566000000.0,
1998-12-11,63.49,2.0,-2.18,-0.0332,65.71,66.4,63.12,204606060.0,2100326000000.0,
1998-12-14,63.13,2.0,-0.36,-0.0056999999999999,63.44,64.6,60.83,196811870.0,2143330000000.0,
1998-12-15,64.64,1.0,1.51,0.0239,63.2,65.51,61.66,189139750.0,2063968000000.0,
1998-12-16,61.37,2.0,-3.27,-0.0506,64.54,66.33,60.64,225963440.0,2215741000000.0,
1998-12-17,59.98,2.0,-1.39,-0.0226,61.16,61.73,58.49,152130440.0,1318426000000.0,
1998-12-18,59.69,2.0,-0.29,-0.0048,59.9,61.09,58.65,125443740.0,1206496000000.0,
1998-12-21,64.29,1.0,4.6,0.0771,59.97,64.29,59.97,148468990.0,1547164000000.0,
1998-12-22,62.8,2.0,-1.49,-0.0232,64.28,65.65,62.6,202790920.0,1708662000000.0,
1998-12-23,63.71,1.0,0.91,0.0144999999999999,63.36,64.82,62.75,142010840.0,1303879000000.0,
1998-12-24,63.8,1.0,0.09,0.0014,63.85,64.59,63.1,145827950.0,1410605000000.0,
1998-12-28,64.94,1.0,1.14,0.0179,64.05,66.01,64.05,161080650.0,1697452000000.0,
1999-01-04,67.91,1.0,2.97,0.0457,65.35,69.63,65.35,119995690.0,1456267000000.0,
1999-01-05,69.1,1.0,1.19,0.0175,67.99,69.43,67.67,155750840.0,1714293000000.0,
1999-01-06,70.47,1.0,1.37,0.0197999999999999,69.26,70.48,68.67,153971690.0,1766512000000.0,
1999-01-07,73.83,1.0,3.36,0.0476999999999999,70.86,73.86,70.86,182121880.0,2269957000000.0,
1999-01-08,72.22,2.0,-1.61,-0.0218,73.79,74.28,72.15,180138360.0,2164688000000.0,
1999-01-11,73.52,1.0,1.3,0.018,72.31,74.07,72.31,173223480.0,1905221000000.0,
1999-01-12,72.19,2.0,-1.33,-0.0181,73.97,74.84,71.19,174229310.0,1917167000000.0,
1999-01-13,72.17,2.0,-0.02,-0.0003,72.2,72.94,71.12,171666040.0,1675659000000.0,
1999-01-14,69.25,2.0,-2.92,-0.0405,72.02,72.02,68.45,164197190.0,1502339000000.0,
1999-01-15,70.09,1.0,0.84,0.0121,69.25,70.69,68.74,161599240.0,1403406000000.0,
1999-01-18,70.64,1.0,0.55,0.0078,70.08,71.79,70.08,147302870.0,1579041000000.0,
1999-01-19,70.53,2.0,-0.11,-0.0016,70.68,72.05,68.73,134970080.0,1379893000000.0,
1999-01-20,70.35,2.0,-0.18,-0.0026,70.57,71.86,69.89,106580460.0,1311719000000.0,
1999-01-21,66.78,2.0,-3.57,-0.0507,70.1,70.1,66.73,107450520.0,1167605000000.0,
1999-01-22,62.79,2.0,-3.99,-0.0596999999999999,66.59,66.59,62.79,117264610.0,1125396000000.0,
1999-01-25,61.71,2.0,-1.08,-0.0172,62.87,63.63,61.3,87413480.0,883944000000.0,
1999-01-26,60.98,2.0,-0.73,-0.0118,62.33,64.51,60.87,94072680.0,941256000000.0,
1999-01-27,65.26,1.0,4.28,0.0702,61.17,65.26,61.17,117594900.0,1106553000000.0,
1999-01-28,65.86,1.0,0.6,0.0092,65.27,66.67,65.11,124891270.0,1191680000000.0,
1999-01-29,65.72,2.0,-0.14,-0.0021,65.76,66.3,64.81,99747770.0,1028888000000.0,
1999-02-01,66.64,1.0,0.92,0.0139999999999999,65.77,66.74,65.47,98572810.0,1030186000000.0,
1999-02-02,64.73,2.0,-1.91,-0.0287,66.65,66.76,64.19,99501630.0,1024442000000.0,
1999-02-03,63.21,2.0,-1.52,-0.0235,64.68,64.69,62.71,96981300.0,972470000000.0,
1999-02-04,62.78,2.0,-0.43,-0.0068,63.18,63.72,61.93,66337150.0,723166000000.0,
1999-02-05,62.82,1.0,0.04,0.0006,62.78,63.54,61.86,73006700.0,786245000000.0,
1999-02-08,62.11,2.0,-0.71,-0.0113,62.91,63.63,62.11,67007570.0,683835000000.0,
1999-02-09,59.61,2.0,-2.5,-0.0403,61.94,61.94,59.08,60337020.0,608897000000.0,
1999-02-10,59.82,1.0,0.21,0.0034999999999999,59.51,59.83,57.7,76767340.0,729458000000.0,
1999-02-11,59.51,2.0,-0.31,-0.0052,59.84,61.02,59.51,55958990.0,501044000000.0,
1999-02-12,63.32,1.0,3.81,0.064,59.89,63.34,59.89,87320750.0,848768000000.0,
1999-02-18,61.16,2.0,-2.16,-0.0341,63.46,63.89,61.11,69116570.0,697199000000.0,
1999-02-19,59.56,2.0,-1.6,-0.0262,60.84,60.84,57.82,75531220.0,709958000000.0,
1999-02-22,58.2,2.0,-1.36,-0.0227999999999999,59.31,59.31,57.61,61197510.0,505927000000.0,
1999-02-23,57.78,2.0,-0.42,-0.0072,58.28,59.22,56.86,53504180.0,504166000000.0,
1999-02-24,57.52,2.0,-0.26,-0.0045,57.78,58.87,57.52,55547820.0,511828000000.0,
1999-02-25,57.75,1.0,0.23,0.004,57.37,58.66,56.54,51422250.0,483798000000.0,
1999-02-26,60.28,1.0,2.53,0.0438,58.05,60.28,58.05,61092820.0,633553000000.0,
1999-03-02,61.93,1.0,1.65,0.0274,60.43,63.26,60.43,94981670.0,957806000000.0,
1999-03-03,62.21,1.0,0.28,0.0045,62.07,62.98,61.39,84721810.0,864633000000.0,
1999-03-04,61.51,2.0,-0.7,-0.0113,62.22,62.26,61.05,64780740.0,677023000000.0,
1999-03-05,62.14,1.0,0.63,0.0102,61.48,62.58,60.68,82681910.0,828570000000.0,
1999-03-08,66.17,1.0,4.03,0.0649,62.43,66.44,62.43,137764830.0,1354030000000.0,
1999-03-09,66.46,1.0,0.29,0.0044,66.2,67.29,65.5,137480950.0,1366450000000.0,
1999-03-10,66.07,2.0,-0.39,-0.0059,66.45,66.45,64.97,103463840.0,1001664000000.0,
1999-03-11,67.23,1.0,1.16,0.0176,66.07,68.23,65.9,157776040.0,1601300000000.0,
1999-03-12,68.13,1.0,0.9,0.0134,67.42,68.48,67.35,134103310.0,1275717000000.0,
1999-03-15,68.16,1.0,0.03,0.0004,68.22,69.77,67.94,121326940.0,1278300000000.0,
1999-03-16,69.5,1.0,1.34,0.0197,68.15,69.55,67.57,121089900.0,1174792000000.0,
1999-03-17,69.5,3.0,0.0,0.0,69.67,70.91,69.26,163699120.0,1767519000000.0,
1999-03-18,67.05,2.0,-2.45,-0.0353,69.38,70.26,67.01,112754370.0,1239964000000.0,
1999-03-19,70.25,1.0,3.2,0.0476999999999999,67.09,70.52,67.09,112787340.0,1329246000000.0,
1999-03-22,70.74,1.0,0.49,0.0069999999999999,70.28,72.3,69.53,126944080.0,1534554000000.0,
1999-03-23,71.48,1.0,0.74,0.0105,70.79,71.48,70.11,97972960.0,1106481000000.0,
1999-03-24,71.01,2.0,-0.47,-0.0066,71.45,71.45,70.03,115409860.0,1242714000000.0,
1999-03-25,70.92,2.0,-0.09,-0.0013,70.93,72.28,70.19,122301760.0,1384136000000.0,
1999-03-26,70.78,2.0,-0.14,-0.002,70.9,72.06,70.72,86397150.0,1029698000000.0,
1999-03-29,69.74,2.0,-1.04,-0.0147,70.34,70.4,69.14,91083350.0,1045062000000.0,
1999-03-30,71.8,1.0,2.06,0.0295,69.81,71.97,69.81,102366400.0,1291105000000.0,
1999-03-31,71.84,1.0,0.04,0.0006,71.82,72.32,71.33,102665920.0,1261390000000.0,
1999-04-01,74.1,1.0,2.26,0.0315,71.83,74.27,71.49,137013360.0,1746617000000.0,
1999-04-02,75.38,1.0,1.28,0.0173,74.28,76.19,74.28,177646670.0,2071559000000.0,
1999-04-06,77.82,1.0,2.44,0.0324,75.51,78.28,75.51,181929690.0,2110180000000.0,
1999-04-07,78.51,1.0,0.69,0.0089,77.89,80.62,77.89,217068100.0,2535006000000.0,
1999-04-08,79.44,1.0,0.93,0.0118,78.49,79.74,77.73,172552650.0,1934469000000.0,
1999-04-09,80.16,1.0,0.72,0.0091,79.6,80.79,79.03,230402130.0,2509717000000.0,
1999-04-12,80.21,1.0,0.05,0.0006,80.42,81.76,79.31,216724550.0,2389632000000.0,
1999-04-13,80.22,1.0,0.01,0.0001,80.19,81.56,79.44,196301180.0,2195707000000.0,
1999-04-14,79.88,2.0,-0.34,-0.0042,80.32,80.91,79.55,171670620.0,1979232000000.0,
1999-04-15,84.02,1.0,4.14,0.0518,79.91,84.03,79.91,238717630.0,3006373000000.0,
1999-04-16,84.55,1.0,0.53,0.0063,84.05,86.53,83.64,251552190.0,3634755000000.0,
1999-04-19,90.19,1.0,5.64,0.0667,84.84,90.19,84.84,220562910.0,3239325000000.0,
1999-04-20,90.45,1.0,0.26,0.0029,90.33,91.98,89.17,237124110.0,3175736000000.0,
1999-04-21,87.04,2.0,-3.41,-0.0377,90.52,90.7,87.04,232875500.0,3028005000000.0,
1999-04-22,86.87,2.0,-0.17,-0.002,87.09,87.97,84.5,186356060.0,2429701000000.0,
1999-04-23,88.07,1.0,1.2,0.0138,86.92,89.49,86.92,207457940.0,2943620000000.0,
1999-04-26,91.15,1.0,3.08,0.035,88.09,91.41,87.83,219530450.0,3245275000000.0,
1999-04-27,93.51,1.0,2.36,0.0259,91.32,93.71,90.92,251386930.0,3842370000000.0,
1999-04-28,92.59,2.0,-0.92,-0.0098,93.37,94.65,91.54,241008690.0,3469988000000.0,
1999-04-29,87.36,2.0,-5.23,-0.0565,92.38,92.38,87.36,195986970.0,2667196000000.0,
1999-04-30,87.15,2.0,-0.21,-0.0024,87.4,88.29,85.5,191290290.0,2900483000000.0,
1999-05-03,87.17,1.0,0.02,0.0002,87.24,88.58,86.14,157293930.0,2042206000000.0,
1999-05-04,88.69,1.0,1.52,0.0174,87.2,89.48,87.2,177183510.0,2543689000000.0,
1999-05-06,93.49,1.0,4.8,0.0541,88.93,93.5,88.93,222999200.0,3309273000000.0,
1999-05-07,93.54,1.0,0.05,0.0005,93.55,95.4,93.04,209424300.0,3283328000000.0,
1999-05-10,93.31,2.0,-0.23,-0.0025,93.5,94.04,91.96,180986100.0,2637267000000.0,
1999-05-11,89.32,2.0,-3.99,-0.0428,93.28,93.89,89.32,197676080.0,2915688000000.0,
1999-05-12,88.71,2.0,-0.61,-0.0068,89.41,90.08,87.25,166874620.0,2458688000000.0,
1999-05-13,85.11,2.0,-3.6,-0.0406,88.74,88.83,85.11,168668270.0,2382030000000.0,
1999-05-14,85.23,1.0,0.12,0.0014,85.19,87.08,84.15,144488930.0,1983120000000.0,
1999-05-17,83.33,2.0,-1.9,-0.0223,85.24,85.24,83.12,104146640.0,1447607000000.0,
1999-05-18,84.86,1.0,1.53,0.0184,83.27,84.86,82.98,99836990.0,1323318000000.0,
1999-05-19,85.27,1.0,0.41,0.0048,84.87,85.92,84.22,142870040.0,1890141000000.0,
1999-05-20,82.48,2.0,-2.79,-0.0327,85.33,85.33,82.01,121302110.0,1733374000000.0,
1999-05-21,82.67,1.0,0.19,0.0023,82.56,83.31,81.38,105907320.0,1500246000000.0,
1999-05-24,81.03,2.0,-1.64,-0.0197999999999999,82.08,82.37,80.6,80296410.0,1130763000000.0,
1999-05-25,81.17,1.0,0.14,0.0017,80.87,81.88,80.28,88684920.0,1251314000000.0,
1999-05-26,83.54,1.0,2.37,0.0292,81.24,83.56,80.34,123412090.0,1623288000000.0,
1999-05-27,84.5,1.0,0.96,0.0115,83.68,86.38,83.68,153497220.0,2234209000000.0,
1999-05-28,85.13,1.0,0.63,0.0075,84.79,85.51,83.96,129038390.0,1611486000000.0,
1999-05-31,85.68,1.0,0.55,0.0065,85.14,87.2,85.14,111606540.0,1604846000000.0,
1999-06-01,88.27,1.0,2.59,0.0302,85.64,89.29,84.78,99007030.0,1644763000000.0,
1999-06-02,90.86,1.0,2.59,0.0293,88.4,92.11,88.4,149223670.0,2472286000000.0,
1999-06-03,91.48,1.0,0.62,0.0068,91.13,92.67,89.07,148286000.0,2272050000000.0,
1999-06-04,94.09,1.0,2.61,0.0285,91.64,94.68,91.49,133969270.0,2366483000000.0,
1999-06-07,99.96,1.0,5.87,0.0624,95.14,99.96,95.14,184466900.0,3246448000000.0,
1999-06-08,101.18,1.0,1.22,0.0121999999999999,100.08,101.43,98.32,211270660.0,3578118000000.0,
1999-06-09,94.54,2.0,-6.64,-0.0655999999999999,101.09,101.09,94.54,157339930.0,2764160000000.0,
1999-06-10,101.61,1.0,7.07,0.0748,94.72,101.61,93.25,158285510.0,2935169000000.0,
1999-06-11,100.39,2.0,-1.22,-0.012,101.53,102.98,98.29,171929380.0,2938835000000.0,
1999-06-14,96.89,2.0,-3.5,-0.0349,100.05,100.05,95.41,121326830.0,1961379000000.0,
1999-06-15,95.06,2.0,-1.83,-0.0189,96.23,97.18,93.06,126648740.0,2023399000000.0,
1999-06-16,98.37,1.0,3.31,0.0348,95.19,98.91,95.19,103315340.0,1795355000000.0,
1999-06-17,98.73,1.0,0.36,0.0037,98.71,102.69,98.71,135785050.0,2852031000000.0,
1999-06-18,99.59,1.0,0.86,0.0087,98.9,101.24,98.21,110068070.0,1873917000000.0,
1999-06-21,104.02,1.0,4.43,0.0445,100.08,104.11,100.08,141976200.0,2726698000000.0,
1999-06-22,104.85,1.0,0.83,0.008,103.86,105.53,103.06,189003060.0,3081324000000.0,
1999-06-23,106.27,1.0,1.42,0.0135,104.98,107.48,104.16,179807350.0,3091414000000.0,
1999-06-24,104.66,2.0,-1.61,-0.0152,106.4,108.05,104.66,174659980.0,2785515000000.0,
1999-06-25,105.15,1.0,0.49,0.0046999999999999,104.51,105.15,102.62,154383720.0,2180623000000.0,
1999-06-28,108.15,1.0,3.0,0.0285,105.21,108.64,105.21,139598680.0,2562851000000.0,
1999-06-29,107.17,2.0,-0.98,-0.0091,107.98,108.49,106.5,137291670.0,2291468000000.0,
1999-06-30,105.47,2.0,-1.7,-0.0159,107.46,108.82,104.11,174719730.0,3145619000000.0,
1999-07-01,110.24,1.0,4.77,0.0452,105.72,110.72,105.72,185145160.0,3630658000000.0,
1999-07-02,111.54,1.0,1.3,0.0118,110.49,111.96,109.81,195205530.0,3762142000000.0,
1999-07-05,114.78,1.0,3.24,0.0289999999999999,112.11,114.79,112.11,217099680.0,3773911000000.0,
1999-07-06,118.48,1.0,3.7,0.0322,114.77,118.48,113.49,207812260.0,3807804000000.0,
1999-07-07,120.47,1.0,1.99,0.0168,118.55,120.54,117.22,263514100.0,4637946000000.0,
1999-07-08,118.88,2.0,-1.59,-0.0132,120.66,122.57,118.88,278124740.0,4492173000000.0,
1999-07-09,122.48,1.0,3.6,0.0302999999999999,118.91,122.48,117.52,266989810.0,4674163000000.0,
1999-07-12,119.29,2.0,-3.19,-0.026,122.64,125.38,118.88,277755770.0,4679996000000.0,
1999-07-13,117.36,2.0,-1.93,-0.0162,118.72,120.88,115.88,211060470.0,3413808000000.0,
1999-07-14,113.28,2.0,-4.08,-0.0348,117.36,118.54,113.28,200230110.0,3433717000000.0,
1999-07-15,117.21,1.0,3.93,0.0347,113.23,117.21,113.23,181277880.0,3146999000000.0,
1999-07-16,121.83,1.0,4.62,0.0394,117.71,122.0,117.41,221186300.0,4003973000000.0,
1999-07-19,121.98,1.0,0.15,0.0012,123.44,124.77,119.09,243452680.0,4207474000000.0,
1999-07-20,118.39,2.0,-3.59,-0.0294,121.24,122.15,118.39,257819000.0,3847454000000.0,
1999-07-21,114.43,2.0,-3.96,-0.0334,117.25,117.72,112.37,253282730.0,4019183000000.0,
1999-07-22,115.75,1.0,1.32,0.0115,113.46,115.98,110.69,267996560.0,4191542000000.0,
1999-07-23,107.07,2.0,-8.68,-0.075,115.24,115.53,106.63,255164870.0,4118318000000.0,
1999-07-26,103.9,2.0,-3.17,-0.0296,105.65,107.53,102.23,220360810.0,3349405000000.0,
1999-07-27,110.63,1.0,6.73,0.0648,104.66,110.97,104.15,260002060.0,3558075000000.0,
1999-07-28,112.57,1.0,1.94,0.0175,110.05,116.25,109.5,255289660.0,4315724000000.0,
1999-07-29,119.6,1.0,7.03,0.0625,114.42,119.63,113.87,248515330.0,4162101000000.0,
1999-07-30,116.14,2.0,-3.46,-0.0289,119.42,121.26,114.59,264591070.0,5100208000000.0,
1999-08-02,114.54,2.0,-1.6,-0.0138,115.65,117.55,111.97,224789490.0,4079574000000.0,
1999-08-03,115.77,1.0,1.23,0.0107,114.71,116.72,113.6,207852150.0,3469357000000.0,
1999-08-04,116.02,1.0,0.25,0.0022,116.14,118.41,115.71,243569180.0,3534168000000.0,
1999-08-05,112.0,2.0,-4.02,-0.0346,115.23,116.34,111.24,179572150.0,2780539000000.0,
1999-08-06,111.77,2.0,-0.23,-0.0021,112.67,114.68,110.0,140790390.0,2126762000000.0,
1999-08-09,113.03,1.0,1.26,0.0113,111.87,114.89,110.81,174113140.0,3009568000000.0,
1999-08-10,115.86,1.0,2.83,0.025,113.18,115.89,112.78,176888670.0,3327146000000.0,
1999-08-11,112.75,2.0,-3.11,-0.0268,115.66,116.52,112.43,175438100.0,3233403000000.0,
1999-08-12,113.16,1.0,0.41,0.0036,113.08,114.44,112.05,138772730.0,2316055000000.0,
1999-08-13,109.19,2.0,-3.97,-0.0351,112.27,113.06,108.09,149327810.0,2538277000000.0,
1999-08-16,107.99,2.0,-1.2,-0.011,107.58,110.17,106.39,127632770.0,2209193000000.0,
1999-08-17,104.23,2.0,-3.76,-0.0348,108.52,110.42,104.14,151072800.0,2666720000000.0,
1999-08-18,103.96,2.0,-0.27,-0.0026,102.94,105.22,100.84,191305260.0,2767217000000.0,
1999-08-19,103.74,2.0,-0.22,-0.0021,104.66,105.62,103.63,168256940.0,2230785000000.0,
1999-08-20,104.65,1.0,0.91,0.0088,104.05,104.82,102.31,144920960.0,2023489000000.0,
1999-08-23,109.53,1.0,4.88,0.0466,105.99,109.74,105.03,192243630.0,2909446000000.0,
1999-08-24,111.33,1.0,1.8,0.0163999999999999,110.78,112.23,109.46,215592700.0,3261197000000.0,
1999-08-25,115.37,1.0,4.04,0.0363,111.34,116.62,111.34,240692720.0,3959167000000.0,
1999-08-26,115.19,2.0,-0.18,-0.0016,115.95,117.54,114.52,237418180.0,3731915000000.0,
1999-08-27,115.69,1.0,0.5,0.0043,114.74,117.05,113.57,204062200.0,3523773000000.0,
1999-08-30,113.36,2.0,-2.33,-0.0200999999999999,115.77,116.95,113.34,192539080.0,2858414000000.0,
1999-08-31,112.79,2.0,-0.57,-0.005,112.37,113.06,110.68,162857550.0,2507566000000.0,
1999-09-01,108.77,2.0,-4.02,-0.0356,113.68,114.09,108.77,189181000.0,3163670000000.0,
1999-09-02,108.35,2.0,-0.42,-0.0039,106.54,109.9,105.57,174626780.0,2833022000000.0,
1999-09-03,110.06,1.0,1.71,0.0158,108.82,111.28,106.9,166542570.0,2906389000000.0,
1999-09-06,114.15,1.0,4.09,0.0372,111.05,114.37,110.73,195294850.0,2776709000000.0,
1999-09-07,114.27,1.0,0.12,0.0011,114.7,116.21,114.27,176951160.0,2799436000000.0,
1999-09-08,113.59,2.0,-0.68,-0.006,114.05,115.45,112.99,182265090.0,2757089000000.0,
1999-09-09,115.39,1.0,1.8,0.0158,113.77,115.39,113.63,140589700.0,2618938000000.0,
1999-09-10,116.67,1.0,1.28,0.0111,115.37,118.36,115.37,183554700.0,3360878000000.0,
1999-09-13,119.38,1.0,2.71,0.0232,117.94,119.66,117.0,184895220.0,3475728000000.0,
1999-09-14,117.6,2.0,-1.78,-0.0149,119.44,119.52,117.07,165155590.0,2760014000000.0,
1999-09-15,115.48,2.0,-2.12,-0.018,117.44,117.85,114.9,136536690.0,2222451000000.0,
1999-09-16,110.71,2.0,-4.77,-0.0412999999999999,114.87,115.01,110.7,141132990.0,2377003000000.0,
1999-09-17,112.0,1.0,1.29,0.0116999999999999,109.01,112.82,107.81,132200430.0,2241287000000.0,
1999-09-20,113.16,1.0,1.16,0.0104,113.02,113.9,111.76,141186200.0,1944234000000.0,
1999-09-21,116.33,1.0,3.17,0.0279999999999999,114.64,117.2,114.1,171846550.0,3182895000000.0,
1999-09-22,114.31,2.0,-2.02,-0.0174,116.23,116.85,114.14,188538300.0,3662138000000.0,
1999-09-27,109.49,2.0,-4.82,-0.0421999999999999,114.42,114.42,109.49,128511000.0,2232281000000.0,
1999-09-28,109.05,2.0,-0.44,-0.004,110.03,111.58,108.23,124417240.0,2141213000000.0,
1999-09-29,104.9,2.0,-4.15,-0.0381,108.44,108.79,104.9,149059790.0,2263486000000.0,
1999-09-30,100.71,2.0,-4.19,-0.0399,103.74,106.26,100.71,145420380.0,2602583000000.0,
1999-10-01,101.81,1.0,1.1,0.0109,101.17,102.34,96.84,172485830.0,2380761000000.0,
1999-10-04,98.96,2.0,-2.85,-0.0279999999999999,101.94,103.42,98.96,149043170.0,1815536000000.0,
1999-10-05,95.97,2.0,-2.99,-0.0302,99.97,101.73,95.45,199901650.0,2473413000000.0,
1999-10-06,101.46,1.0,5.49,0.0572,96.99,101.83,96.03,189577610.0,2642324000000.0,
1999-10-07,102.94,1.0,1.48,0.0146,101.54,103.19,100.46,231635070.0,2994262000000.0,
1999-10-08,101.15,2.0,-1.79,-0.0174,102.25,102.88,100.5,194169270.0,2403637000000.0,
1999-10-11,100.27,2.0,-0.88,-0.0087,101.62,102.48,99.82,132207930.0,1708776000000.0,
1999-10-12,102.78,1.0,2.51,0.025,99.95,102.78,99.74,173655520.0,2089263000000.0,
1999-10-13,102.82,1.0,0.04,0.0004,101.84,102.97,100.75,150274770.0,1942533000000.0,
1999-10-14,104.11,1.0,1.29,0.0125,102.34,105.15,101.05,191774950.0,2830134000000.0,
1999-10-15,103.7,2.0,-0.41,-0.0039,104.72,105.55,102.69,188419730.0,2845956000000.0,
1999-10-18,99.32,2.0,-4.38,-0.0421999999999999,101.03,102.87,99.01,154523140.0,1875610000000.0,
1999-10-19,97.39,2.0,-1.93,-0.0194,100.42,100.93,96.64,136758130.0,1937298000000.0,
1999-10-20,99.47,1.0,2.08,0.0214,98.44,99.93,97.58,173851000.0,2213535000000.0,
1999-10-21,97.88,2.0,-1.59,-0.016,100.38,101.72,97.22,184009200.0,2532285000000.0,
1999-10-22,98.05,1.0,0.17,0.0017,97.39,98.85,97.13,118315440.0,1507543000000.0,
1999-10-25,95.69,2.0,-2.36,-0.0241,98.02,98.43,94.53,168952590.0,1805634000000.0,
1999-10-26,95.5,2.0,-0.19,-0.002,94.09,96.4,93.31,134728030.0,1480289000000.0,
1999-10-27,95.05,2.0,-0.45,-0.0046999999999999,95.35,96.41,94.48,134728170.0,1269102000000.0,
1999-10-28,98.73,1.0,3.68,0.0387,94.66,99.03,94.66,149851640.0,2051114000000.0,
1999-10-29,100.19,1.0,1.46,0.0148,100.29,102.33,99.3,203994340.0,2761655000000.0,
1999-11-01,105.55,1.0,5.36,0.0535,103.99,105.55,103.15,226554570.0,2832609000000.0,
1999-11-02,107.43,1.0,1.88,0.0178,105.57,107.43,104.72,263953260.0,3525806000000.0,
1999-11-03,106.95,2.0,-0.48,-0.0045,107.88,108.9,106.64,254583850.0,3267378000000.0,
1999-11-04,109.97,1.0,3.02,0.0282,107.96,109.97,107.32,260606080.0,3324973000000.0,
1999-11-05,110.01,1.0,0.04,0.0004,110.68,112.05,109.51,255149000.0,3548594000000.0,
1999-11-08,109.33,2.0,-0.68,-0.0062,110.4,110.84,109.07,232542900.0,3156224000000.0,
1999-11-09,114.13,1.0,4.8,0.0438999999999999,109.29,114.13,109.06,215608150.0,3318157000000.0,
1999-11-10,113.54,2.0,-0.59,-0.0052,114.19,116.05,113.31,239425160.0,3851699000000.0,
1999-11-11,114.29,1.0,0.75,0.0066,114.08,117.24,113.45,273796600.0,4416809000000.0,
1999-11-12,117.4,1.0,3.11,0.0272,116.12,119.21,114.94,324813070.0,5175960000000.0,
1999-11-15,118.11,1.0,0.71,0.006,120.24,122.03,117.05,285347870.0,3976173000000.0,
1999-11-16,122.57,1.0,4.46,0.0378,117.9,122.57,116.91,273068420.0,4124693000000.0,
1999-11-17,117.68,2.0,-4.89,-0.0399,123.44,124.7,117.68,295642310.0,5042476000000.0,
1999-11-18,118.45,1.0,0.77,0.0065,117.17,119.66,115.24,220624500.0,3466302000000.0,
1999-11-19,121.44,1.0,2.99,0.0252,119.02,122.62,118.2,216994040.0,3611270000000.0,
1999-11-22,119.36,2.0,-2.08,-0.0171,121.75,122.19,118.41,179202220.0,2879098000000.0,
1999-11-23,118.79,2.0,-0.57,-0.0048,118.94,120.56,117.59,155439570.0,2530708000000.0,
1999-11-24,118.52,2.0,-0.27,-0.0023,118.28,119.05,116.94,173485750.0,2419757000000.0,
1999-11-25,119.32,1.0,0.8,0.0067,119.49,121.85,118.18,215419130.0,3408832000000.0,
1999-11-26,116.95,2.0,-2.37,-0.0199,120.21,120.33,116.48,185136340.0,3013666000000.0,
1999-11-29,119.38,1.0,2.43,0.0208,118.03,119.38,115.59,169391110.0,2567402000000.0,
1999-11-30,123.59,1.0,4.21,0.0353,120.04,125.33,119.39,203312290.0,3876464000000.0,
1999-12-01,124.46,1.0,0.87,0.0069999999999999,123.19,125.08,122.29,182432660.0,3853189000000.0,
1999-12-02,120.08,2.0,-4.38,-0.0352,125.65,126.3,118.93,190293190.0,3575896000000.0,
1999-12-03,119.74,2.0,-0.34,-0.0028,120.8,121.94,118.31,163546090.0,2692321000000.0,
1999-12-06,124.35,1.0,4.61,0.0385,120.63,124.57,120.14,161086160.0,2770994000000.0,
1999-12-07,125.48,1.0,1.13,0.0091,124.9,126.41,122.98,184257720.0,3693993000000.0,
1999-12-08,123.85,2.0,-1.63,-0.013,124.49,125.21,122.14,174675090.0,3338240000000.0,
1999-12-09,122.22,2.0,-1.63,-0.0132,123.16,124.71,121.9,214315370.0,3793764000000.0,
1999-12-10,126.61,1.0,4.39,0.0359,123.48,126.75,122.25,218162200.0,4149171000000.0,
1999-12-13,125.66,2.0,-0.95,-0.0075,127.72,128.79,125.66,197218960.0,3780123000000.0,
1999-12-14,123.65,2.0,-2.01,-0.016,126.05,126.98,123.59,220122700.0,3760021000000.0,
1999-12-15,118.69,2.0,-4.96,-0.0401,122.94,123.62,116.95,183562120.0,3104648000000.0,
1999-12-16,116.93,2.0,-1.76,-0.0148,117.88,120.12,116.15,155851140.0,2758086000000.0,
1999-12-17,117.39,1.0,0.46,0.0039,118.23,119.12,115.36,157857230.0,2813211000000.0,
1999-12-20,120.14,1.0,2.75,0.0233999999999999,119.91,121.8,117.64,147854740.0,2918469000000.0,
1999-12-21,119.67,2.0,-0.47,-0.0039,122.3,123.32,119.46,143515130.0,2934448000000.0,
1999-12-22,121.09,1.0,1.42,0.0118999999999999,120.45,121.12,117.81,157290890.0,2949321000000.0,
1999-12-23,122.31,1.0,1.22,0.0101,120.68,125.94,119.95,166015240.0,3291231000000.0,
1999-12-24,124.68,1.0,2.37,0.0194,124.16,126.28,122.56,140363660.0,2677980000000.0,
1999-12-27,126.74,1.0,2.06,0.0165,127.98,128.95,125.34,137268780.0,3112493000000.0,
1999-12-28,130.02,1.0,3.28,0.0259,127.55,131.57,126.68,149233040.0,3764452000000.0,
2000-01-04,133.66,1.0,3.64,0.0279999999999999,130.08,134.76,128.3,121258210.0,3067398000000.0,
2000-01-05,123.86,2.0,-9.8,-0.0733,126.65,132.3,123.55,153265190.0,3921476000000.0,
2000-01-06,120.8,2.0,-3.06,-0.0247,127.4,127.54,119.86,116957530.0,2988051000000.0,
2000-01-07,119.1,2.0,-1.7,-0.0141,119.18,121.97,116.66,130572330.0,3009494000000.0,
2000-01-10,124.11,1.0,5.01,0.0421,122.99,125.09,120.37,144169240.0,3028380000000.0,
2000-01-11,123.11,2.0,-1.0,-0.0081,124.59,126.77,123.08,143685580.0,3191206000000.0,
2000-01-12,119.81,2.0,-3.3,-0.0268,120.12,122.54,118.98,121365800.0,2353350000000.0,
2000-01-13,119.22,2.0,-0.59,-0.0049,119.55,120.52,117.61,133203460.0,2635958000000.0,
2000-01-14,118.95,2.0,-0.27,-0.0023,120.29,121.94,117.57,129884740.0,2580768000000.0,
2000-01-17,123.85,1.0,4.9,0.0412,120.39,124.24,119.24,129139060.0,2663204000000.0,
2000-01-18,123.82,2.0,-0.03,-0.0002,125.04,125.11,121.99,125247040.0,2704221000000.0,
2000-01-19,118.68,2.0,-5.14,-0.0415,122.27,123.45,118.55,144220910.0,2659697000000.0,
2000-01-20,120.04,1.0,1.36,0.0115,117.28,120.04,114.75,145600700.0,2601834000000.0,
2000-01-21,116.93,2.0,-3.11,-0.0259,117.77,119.53,115.49,171909790.0,2882790000000.0,
2000-01-24,117.17,1.0,0.24,0.0021,116.03,119.42,115.74,134987470.0,2252422000000.0,
2000-01-25,112.48,2.0,-4.69,-0.04,114.78,116.04,112.48,130046650.0,2072826000000.0,
2000-01-26,111.68,2.0,-0.8,-0.0070999999999999,113.08,113.84,110.39,132031080.0,2081637000000.0,
2000-01-27,114.47,1.0,2.79,0.025,111.96,114.94,110.67,191111430.0,2827742000000.0,
2000-01-28,118.92,1.0,4.45,0.0389,116.37,119.24,114.71,180615650.0,3038142000000.0,
2000-01-31,119.08,1.0,0.16,0.0013,116.79,119.76,116.5,165923510.0,2817784000000.0,
2000-02-01,116.75,2.0,-2.33,-0.0196,120.48,121.0,116.14,170545510.0,2942631000000.0,
2000-02-02,118.32,1.0,1.57,0.0134,116.81,119.24,115.83,185900240.0,3257249000000.0,
2000-02-03,119.0,1.0,0.68,0.0056999999999999,119.1,120.26,116.88,161125960.0,3285682000000.0,
2000-02-07,122.09,1.0,3.09,0.026,119.07,123.29,119.07,153432740.0,3320488000000.0,
2000-02-08,120.79,2.0,-1.3,-0.0106,122.67,123.3,120.69,134445390.0,2774690000000.0,
2000-02-09,122.93,1.0,2.14,0.0177,121.6,123.44,120.47,144806440.0,3013861000000.0,
2000-02-10,121.89,2.0,-1.04,-0.0085,121.75,125.35,120.51,158311500.0,3565469000000.0,
2000-02-11,120.4,2.0,-1.49,-0.0121999999999999,125.29,125.37,118.68,174351780.0,3412178000000.0,
2000-02-14,114.94,2.0,-5.46,-0.0453,117.77,119.83,114.57,147473070.0,2852038000000.0,
2000-02-15,110.62,2.0,-4.32,-0.0375999999999999,115.7,115.95,110.1,138879780.0,2600027000000.0,
2000-02-16,110.52,2.0,-0.1,-0.0009,111.02,111.45,105.65,128916230.0,2417312000000.0,
2000-02-17,112.79,1.0,2.27,0.0204999999999999,108.99,113.4,108.99,133959510.0,2597392000000.0,
2000-02-18,110.45,2.0,-2.34,-0.0207,113.36,115.71,110.45,167602340.0,3432556000000.0,
2000-02-21,106.45,2.0,-4.0,-0.0362,108.71,109.48,106.18,134421010.0,2107796000000.0,
2000-02-22,107.15,1.0,0.7,0.0066,106.31,109.43,105.4,156855180.0,2291769000000.0,
2000-02-23,110.64,1.0,3.49,0.0326,109.22,110.92,107.24,216599990.0,3071316000000.0,
2000-02-24,109.03,2.0,-1.61,-0.0146,109.79,111.75,107.8,151519420.0,2144593000000.0,
2000-02-25,108.43,2.0,-0.6,-0.0055,107.52,109.53,106.26,149687830.0,2118251000000.0,
2000-02-28,101.93,2.0,-6.5,-0.0599,106.7,107.22,101.93,147027590.0,2108949000000.0,
2000-02-29,103.17,1.0,1.24,0.0121999999999999,104.36,105.38,100.75,167625030.0,2490836000000.0,
2000-03-02,112.23,1.0,9.06,0.0877999999999999,109.37,112.99,107.05,197097060.0,3437393000000.0,
2000-03-03,112.48,1.0,0.25,0.0022,114.28,114.38,110.66,194278940.0,3668058000000.0,
2000-03-06,113.69,1.0,1.21,0.0108,114.15,114.85,112.86,206349090.0,2783361000000.0,
2000-03-07,113.41,2.0,-0.28,-0.0025,113.22,113.41,111.29,202912990.0,2615346000000.0,
2000-03-08,114.61,1.0,1.2,0.0106,112.04,115.0,110.34,170960510.0,2417152000000.0,
2000-03-09,109.81,2.0,-4.8,-0.0419,115.32,116.16,109.81,218382310.0,3288825000000.0,
2000-03-10,110.68,1.0,0.87,0.0079,112.07,113.67,109.99,173069410.0,2431311000000.0,
2000-03-13,105.14,2.0,-5.54,-0.0501,110.33,110.33,104.36,193944970.0,2491110000000.0,
2000-03-14,104.3,2.0,-0.84,-0.008,103.41,105.57,103.15,160960600.0,2021013000000.0,
2000-03-15,103.28,2.0,-1.02,-0.0098,103.43,103.8,100.82,150658400.0,2075947000000.0,
2000-03-16,104.19,1.0,0.91,0.0088,104.66,106.37,102.98,151424190.0,2049482000000.0,
2000-03-17,106.31,1.0,2.12,0.0203,107.32,107.99,105.5,157404780.0,2282802000000.0,
2000-03-20,105.75,2.0,-0.56,-0.0053,107.19,107.96,104.78,118185150.0,1707217000000.0,
2000-03-21,107.92,1.0,2.17,0.0204999999999999,105.88,107.93,104.17,114158600.0,1825674000000.0,
2000-03-22,110.21,1.0,2.29,0.0212,108.76,110.9,108.16,169295680.0,2777520000000.0,
2000-03-23,108.28,2.0,-1.93,-0.0175,111.13,111.7,107.65,148257710.0,2350000000000.0,
2000-03-24,111.15,1.0,2.87,0.0265,109.5,112.69,107.42,156228060.0,2652142000000.0,
2000-03-27,110.58,2.0,-0.57,-0.0051,111.66,111.66,109.26,158817540.0,2606665000000.0,
2000-03-28,111.18,1.0,0.6,0.0054,110.56,112.85,109.96,145692140.0,2671557000000.0,
2000-03-29,114.25,1.0,3.07,0.0276,110.64,114.78,109.94,165644950.0,3088844000000.0,
2000-03-30,112.06,2.0,-2.19,-0.0192,113.98,114.68,111.99,161102570.0,2886412000000.0,
2000-03-31,108.03,2.0,-4.03,-0.036,109.66,111.52,108.01,122091300.0,2099427000000.0,
2000-04-03,106.67,2.0,-1.36,-0.0126,108.87,110.35,105.4,121339730.0,2034708000000.0,
2000-04-04,104.81,2.0,-1.86,-0.0174,105.18,107.22,102.73,124327370.0,2035383000000.0,
2000-04-06,101.41,2.0,-3.4,-0.0324,104.56,104.64,101.41,102965320.0,1704963000000.0,
2000-04-07,105.83,1.0,4.42,0.0436,102.41,106.07,102.41,122821570.0,1923740000000.0,
2000-04-10,110.06,1.0,4.23,0.04,109.17,111.36,107.68,202040440.0,2745864000000.0,
2000-04-11,108.36,2.0,-1.7,-0.0154,109.22,109.22,106.23,159823740.0,1990069000000.0,
2000-04-12,105.71,2.0,-2.65,-0.0245,106.37,108.03,105.53,135104130.0,1827037000000.0,
2000-04-14,100.75,2.0,-4.96,-0.0469,101.86,102.82,99.9,158670020.0,2116706000000.0,
2000-04-17,88.95,2.0,-11.8,-0.1171,95.67,95.67,87.8,200316540.0,2501972000000.0,
2000-04-18,94.12,1.0,5.17,0.0581,93.05,97.22,91.04,171385630.0,2481183000000.0,
2000-04-19,95.02,1.0,0.9,0.0096,96.81,98.44,93.79,186198770.0,2356674000000.0,
2000-04-20,95.86,1.0,0.84,0.0088,94.54,96.34,94.28,126538410.0,1394272000000.0,
2000-04-21,96.43,1.0,0.57,0.0059,96.32,97.33,95.52,121301580.0,1312770000000.0,
2000-04-24,93.88,2.0,-2.55,-0.0264,96.39,97.02,93.68,108740020.0,1283621000000.0,
2000-04-25,92.5,2.0,-1.38,-0.0147,92.69,93.23,91.61,100699410.0,1211095000000.0,
2000-04-26,89.46,2.0,-3.04,-0.0329,94.49,95.62,89.37,166081870.0,2118915000000.0,
2000-04-27,86.75,2.0,-2.71,-0.0302999999999999,87.65,89.29,86.34,163701090.0,2210174000000.0,
2000-04-28,91.21,1.0,4.46,0.0513999999999999,87.63,91.51,87.63,155277490.0,2235651000000.0,
2000-05-02,94.88,1.0,3.67,0.0401999999999999,92.14,95.05,91.88,134227160.0,2281167000000.0,
2000-05-03,94.79,2.0,-0.09,-0.0009,94.63,95.2,93.55,119615220.0,1626086000000.0,
2000-05-04,94.51,2.0,-0.28,-0.003,94.79,95.87,93.69,121290110.0,1525236000000.0,
2000-05-08,97.09,1.0,2.58,0.0273,95.54,98.19,95.54,123130360.0,1702087000000.0,
2000-05-09,95.88,2.0,-1.21,-0.0125,96.78,97.29,95.56,114292810.0,1330294000000.0,
2000-05-10,95.72,2.0,-0.16,-0.0017,95.48,96.41,94.9,116612160.0,1215453000000.0,
2000-05-12,93.17,2.0,-2.55,-0.0266,96.23,96.25,92.76,113249430.0,1375423000000.0,
2000-05-15,92.09,2.0,-1.08,-0.0116,92.84,93.38,90.82,126084930.0,1357338000000.0,
2000-05-16,94.76,1.0,2.67,0.0289999999999999,92.21,94.76,91.55,110778510.0,1278453000000.0,
2000-05-17,92.55,2.0,-2.21,-0.0233,94.91,97.83,92.46,145728610.0,2045328000000.0,
2000-05-18,90.93,2.0,-1.62,-0.0175,89.67,91.73,89.12,131455280.0,1418666000000.0,
2000-05-19,93.36,1.0,2.43,0.0266999999999999,90.94,93.36,88.79,125685340.0,1597901000000.0,
2000-05-22,88.34,2.0,-5.02,-0.0538,91.33,91.72,87.89,112093680.0,1246558000000.0,
2000-05-23,86.79,2.0,-1.55,-0.0175,86.08,88.84,86.08,138415490.0,1450917000000.0,
2000-05-24,85.78,2.0,-1.01,-0.0116,85.33,87.89,81.93,190968490.0,1974802000000.0,
2000-05-25,88.57,1.0,2.79,0.0325,88.48,89.74,86.98,284692430.0,3332069000000.0,
2000-05-26,83.12,2.0,-5.45,-0.0615,87.39,87.76,83.12,245976160.0,2100860000000.0,
2000-05-29,82.79,2.0,-0.33,-0.004,79.23,83.92,79.03,216798590.0,1995719000000.0,
2000-05-30,87.33,1.0,4.54,0.0548,84.46,87.47,84.46,264851190.0,2344707000000.0,
2000-05-31,92.74,1.0,5.41,0.0619,89.55,94.38,89.55,344444850.0,3599541000000.0,
2000-06-01,93.9,1.0,1.16,0.0125,92.55,94.86,91.59,212137080.0,2364404000000.0,
2000-06-02,96.81,1.0,2.91,0.031,96.72,98.85,95.44,287153570.0,3119394000000.0,
2000-06-05,100.78,1.0,3.97,0.0409999999999999,99.11,101.52,99.11,279025480.0,3170623000000.0,
2000-06-07,104.33,1.0,3.55,0.0352,101.19,104.4,100.38,297323370.0,3957719000000.0,
2000-06-08,101.45,2.0,-2.88,-0.0276,104.59,106.79,100.97,446140940.0,4742507000000.0,
2000-06-09,106.54,1.0,5.09,0.0501999999999999,101.5,106.63,100.18,351752360.0,4115595000000.0,
2000-06-12,107.82,1.0,1.28,0.012,108.6,109.55,105.56,380119480.0,3799897000000.0,
2000-06-13,102.53,2.0,-5.29,-0.0491,106.2,106.35,101.93,315772920.0,2916320000000.0,
2000-06-14,104.66,1.0,2.13,0.0208,103.87,104.88,100.97,320312330.0,2953776000000.0,
2000-06-15,98.46,2.0,-6.2,-0.0592,104.0,104.03,98.42,282934290.0,2521376000000.0,
2000-06-16,96.89,2.0,-1.57,-0.0159,96.94,99.08,96.21,236844930.0,2081130000000.0,
2000-06-19,96.42,2.0,-0.47,-0.0049,95.53,99.35,95.02,183883140.0,1745456000000.0,
2000-06-20,100.19,1.0,3.77,0.0391,98.55,100.19,97.66,228766880.0,2117213000000.0,
2000-06-21,99.67,2.0,-0.52,-0.0052,101.27,101.89,99.51,365420780.0,2944460000000.0,
2000-06-22,99.66,2.0,-0.01,-0.0001,101.37,102.58,98.19,257139150.0,2531151000000.0,
2000-06-23,99.18,2.0,-0.48,-0.0048,98.28,99.18,97.78,176138160.0,1647518000000.0,
2000-06-26,100.75,1.0,1.57,0.0158,99.57,101.22,99.13,197239310.0,1892805000000.0,
2000-06-27,103.04,1.0,2.29,0.0227,101.74,103.17,101.27,330838530.0,2657630000000.0,
2000-06-28,104.24,1.0,1.2,0.0116,103.08,104.66,102.61,334386530.0,2676487000000.0,
2000-06-29,104.32,1.0,0.08,0.0008,105.5,105.91,102.9,232374530.0,2579375000000.0,
2000-06-30,104.43,1.0,0.11,0.0011,103.77,104.89,103.34,333668530.0,2333357000000.0,
2000-07-03,106.01,1.0,1.58,0.0151,104.87,106.27,104.87,303111470.0,2295703000000.0,
2000-07-04,103.72,2.0,-2.29,-0.0216,106.6,106.78,103.72,298322660.0,2592669000000.0,
2000-07-05,105.32,1.0,1.6,0.0154,103.74,105.34,102.83,377622710.0,2618655000000.0,
2000-07-06,106.13,1.0,0.81,0.0077,104.41,106.5,103.63,508265350.0,3960709000000.0,
2000-07-07,106.6,1.0,0.47,0.0044,106.58,107.93,106.07,401869730.0,3718962000000.0,
2000-07-10,107.8,1.0,1.2,0.0113,107.34,108.55,107.26,363092890.0,3334558000000.0,
2000-07-11,106.02,2.0,-1.78,-0.0165,108.44,109.4,106.02,607185740.0,4392609000000.0,
2000-07-12,106.49,1.0,0.47,0.0044,106.56,107.34,105.23,331964550.0,2697348000000.0,
2000-07-13,107.41,1.0,0.92,0.0086,106.61,107.72,105.61,332670810.0,2711844000000.0,
2000-07-14,105.18,2.0,-2.23,-0.0208,107.58,108.07,105.08,224239420.0,2154138000000.0,
2000-07-18,103.45,2.0,-1.73,-0.0163999999999999,104.57,105.45,102.76,205550360.0,1645507000000.0,
2000-07-19,101.41,2.0,-2.04,-0.0197,102.71,102.71,100.17,285086070.0,2156273000000.0,
2000-07-20,99.05,2.0,-2.36,-0.0233,99.94,100.63,98.46,271945450.0,2108546000000.0,
2000-07-21,99.51,1.0,0.46,0.0046,99.98,100.46,98.0,253299750.0,2178264000000.0,
2000-07-24,93.77,2.0,-5.74,-0.0576999999999999,97.25,97.72,93.56,278122710.0,1996897000000.0,
2000-07-25,93.63,2.0,-0.14,-0.0015,92.88,94.46,91.55,243091510.0,2047984000000.0,
2000-07-26,94.45,1.0,0.82,0.0088,94.27,95.07,91.68,239372970.0,1925403000000.0,
2000-07-27,92.26,2.0,-2.19,-0.0232,92.72,93.16,91.06,157828780.0,1406815000000.0,
2000-07-28,87.55,2.0,-4.71,-0.0511,89.36,90.19,87.35,159733230.0,1833347000000.0,
2000-07-31,89.35,1.0,1.8,0.0206,86.75,89.47,85.73,154178460.0,1412242000000.0,
2000-08-01,92.11,1.0,2.76,0.0308999999999999,89.75,92.17,88.59,212242260.0,1951772000000.0,
2000-08-02,92.25,1.0,0.14,0.0015,91.59,92.99,90.49,237123750.0,1639715000000.0,
2000-08-03,91.36,2.0,-0.89,-0.0096,93.07,93.27,90.94,179693360.0,1289781000000.0,
2000-08-04,89.74,2.0,-1.62,-0.0177,90.66,90.92,88.74,147732520.0,1174298000000.0,
2000-08-07,85.26,2.0,-4.48,-0.0499,87.51,87.65,85.26,127320230.0,1041747000000.0,
2000-08-08,83.98,2.0,-1.28,-0.015,85.34,86.74,83.91,131017580.0,1131643000000.0,
2000-08-09,89.88,1.0,5.9,0.0703,85.51,89.91,85.51,189345980.0,1660347000000.0,
2000-08-10,92.42,1.0,2.54,0.0283,89.88,92.42,87.9,165769820.0,1659631000000.0,
2000-08-11,91.32,2.0,-1.1,-0.0118999999999999,90.0,92.71,89.5,192146300.0,1607331000000.0,
2000-08-14,92.54,1.0,1.22,0.0134,93.79,94.34,92.31,195456010.0,1506480000000.0,
2000-08-16,94.99,1.0,2.45,0.0265,94.63,95.44,94.27,197930470.0,1883480000000.0,
2000-08-17,93.97,2.0,-1.02,-0.0107,95.03,95.39,93.45,175712000.0,1649010000000.0,
2000-08-18,91.95,2.0,-2.02,-0.0215,94.53,94.88,91.75,144896240.0,1294034000000.0,
2000-08-21,91.26,2.0,-0.69,-0.0075,90.97,92.38,90.88,107139180.0,995475000000.0,
2000-08-22,93.41,1.0,2.15,0.0236,91.3,93.47,91.3,153563140.0,1580358000000.0,
2000-08-23,90.87,2.0,-2.54,-0.0272,93.44,93.64,90.81,138608760.0,1218598000000.0,
2000-08-24,90.75,2.0,-0.12,-0.0013,91.09,92.08,89.05,143834340.0,1375484000000.0,
2000-08-25,92.26,1.0,1.51,0.0166,90.76,92.27,89.64,114248410.0,1011744000000.0,
2000-08-28,92.48,1.0,0.22,0.0024,92.11,92.99,91.76,115224700.0,924847000000.0,
2000-08-29,92.41,2.0,-0.07,-0.0008,92.71,93.5,91.22,125250470.0,1065278000000.0,
2000-08-30,90.62,2.0,-1.79,-0.0194,91.72,91.82,90.62,105621040.0,1020161000000.0,
2000-08-31,86.54,2.0,-4.08,-0.045,89.84,89.84,85.78,140430720.0,1785024000000.0,
2000-09-01,86.93,1.0,0.39,0.0045,86.73,87.78,86.08,99472580.0,985239000000.0,
2000-09-04,85.37,2.0,-1.56,-0.0179,86.74,87.07,84.85,108419500.0,847251000000.0,
2000-09-05,85.1,2.0,-0.27,-0.0032,84.86,85.88,83.6,106780810.0,1182097000000.0,
2000-09-06,84.7,2.0,-0.4,-0.0046999999999999,84.87,86.65,84.36,101276220.0,1119563000000.0,
2000-09-07,81.99,2.0,-2.71,-0.032,82.79,82.93,81.69,130653230.0,1493253000000.0,
2000-09-08,81.62,2.0,-0.37,-0.0045,82.24,83.02,80.87,176460370.0,1444269000000.0,
2000-09-14,81.02,2.0,-0.6,-0.0074,79.3,81.02,77.21,187481850.0,1878584000000.0,
2000-09-15,78.02,2.0,-3.0,-0.037,79.8,81.2,77.11,187743870.0,1802043000000.0,
2000-09-18,71.64,2.0,-6.38,-0.0818,73.01,73.66,68.35,173490510.0,1810275000000.0,
2000-09-19,70.76,2.0,-0.88,-0.0123,70.03,72.95,68.92,189973420.0,1785207000000.0,
2000-09-20,75.3,1.0,4.54,0.0642,73.8,75.53,73.8,190210800.0,1823493000000.0,
2000-09-21,74.08,2.0,-1.22,-0.0162,74.98,76.32,71.67,182294930.0,1598743000000.0,
2000-09-22,68.56,2.0,-5.52,-0.0745,71.32,71.63,68.24,171439400.0,1478230000000.0,
2000-09-25,72.59,1.0,4.03,0.0588,69.84,72.62,69.76,190891890.0,1397710000000.0,
2000-09-26,72.99,1.0,0.4,0.0055,71.55,73.8,71.21,237761240.0,1543558000000.0,
2000-09-27,74.52,1.0,1.53,0.021,72.88,74.73,72.68,205501180.0,1523378000000.0,
2000-09-28,75.45,1.0,0.93,0.0125,75.48,76.01,74.13,196144950.0,1486673000000.0,
2000-09-29,76.37,1.0,0.92,0.0121999999999999,76.24,77.32,74.6,191701800.0,1500367000000.0,
2000-10-02,73.17,2.0,-3.2,-0.0419,74.02,74.49,72.68,125076920.0,1065335000000.0,
2000-10-04,74.38,1.0,1.21,0.0165,71.7,74.38,70.77,176031120.0,1437174000000.0,
2000-10-05,75.45,1.0,1.07,0.0144,75.35,76.75,75.14,282330900.0,1971222000000.0,
2000-10-06,75.81,1.0,0.36,0.0048,74.75,75.99,74.66,231765930.0,1452033000000.0,
2000-10-09,73.14,2.0,-2.67,-0.0352,75.46,75.46,73.14,199772000.0,1303077000000.0,
2000-10-10,73.04,2.0,-0.1,-0.0014,73.1,74.02,71.67,153843760.0,1144801000000.0,
2000-10-11,68.92,2.0,-4.12,-0.0564,71.4,71.4,67.78,169623400.0,1429823000000.0,
2000-10-12,65.85,2.0,-3.07,-0.0445,68.06,69.83,65.85,148116000.0,1226987000000.0,
2000-10-13,64.64,2.0,-1.21,-0.0184,63.26,64.81,61.24,198032500.0,1460629000000.0,
2000-10-16,67.91,1.0,3.27,0.0506,68.93,70.08,66.99,201966430.0,1639217000000.0,
2000-10-17,63.07,2.0,-4.84,-0.0713,66.04,67.16,63.07,167119630.0,1125258000000.0,
2000-10-18,63.29,1.0,0.22,0.0034999999999999,61.48,63.98,59.45,256695440.0,1768867000000.0,
2000-10-19,63.43,1.0,0.14,0.0022,62.8,65.57,62.27,191228020.0,1472681000000.0,
2000-10-20,67.54,1.0,4.11,0.0648,66.84,68.73,66.82,237748060.0,2158299000000.0,
2000-10-23,65.26,2.0,-2.28,-0.0338,68.78,68.9,65.1,163213320.0,1344498000000.0,
2000-10-24,67.53,1.0,2.27,0.0348,65.08,68.17,64.5,191576210.0,1353659000000.0,
2000-10-25,67.23,2.0,-0.3,-0.0044,66.79,67.7,65.84,199713400.0,1248373000000.0,
2000-10-26,64.84,2.0,-2.39,-0.0355,65.35,65.69,64.06,108735820.0,1041456000000.0,
2000-10-27,63.77,2.0,-1.07,-0.0165,65.49,66.32,63.77,116882450.0,1062310000000.0,
2000-10-30,62.52,2.0,-1.25,-0.0196,63.77,64.41,62.52,174832700.0,930256000000.0,
2000-10-31,64.0,1.0,1.48,0.0237,61.59,64.0,59.84,225155550.0,1201672000000.0,
2000-11-01,68.54,1.0,4.54,0.0709,65.37,68.72,65.06,235209230.0,1779569000000.0,
2000-11-02,69.68,1.0,1.14,0.0166,67.92,70.5,67.48,327647090.0,2146462000000.0,
2000-11-03,69.94,1.0,0.26,0.0037,70.38,70.8,69.37,266886750.0,1710932000000.0,
2000-11-06,69.37,2.0,-0.57,-0.0081,69.57,72.77,69.26,304046930.0,1915470000000.0,
2000-11-07,69.02,2.0,-0.35,-0.005,69.92,70.43,68.61,219907610.0,1326015000000.0,
2000-11-08,69.77,1.0,0.75,0.0109,68.51,70.34,68.02,223510710.0,1387710000000.0,
2000-11-09,70.09,1.0,0.32,0.0046,68.58,70.36,68.4,206971010.0,1308377000000.0,
2000-11-10,70.64,1.0,0.55,0.0078,69.73,70.92,69.31,210046560.0,1290862000000.0,
2000-11-13,67.2,2.0,-3.44,-0.0487,68.92,68.92,66.84,184424660.0,1083807000000.0,
2000-11-14,68.99,1.0,1.79,0.0266,67.83,68.99,67.76,152723270.0,889891000000.0,
2000-11-15,69.55,1.0,0.56,0.0081,70.51,71.31,68.94,198826100.0,1533381000000.0,
2000-11-16,69.25,2.0,-0.3,-0.0043,69.59,70.09,68.68,205853030.0,1014704000000.0,
2000-11-17,68.73,2.0,-0.52,-0.0075,68.35,68.73,67.69,215461290.0,1159275000000.0,
2000-11-20,66.9,2.0,-1.83,-0.0266,67.73,68.25,66.87,198425920.0,857701000000.0,
2000-11-21,66.14,2.0,-0.76,-0.0113999999999999,65.87,66.14,64.05,176951730.0,1044255000000.0,
2000-11-22,64.93,2.0,-1.21,-0.0183,65.35,66.33,64.68,197463500.0,1014688000000.0,
2000-11-23,64.02,2.0,-0.91,-0.0139999999999999,64.16,64.99,63.71,187801910.0,1032852000000.0,
2000-11-24,66.24,1.0,2.22,0.0347,64.57,66.24,64.2,201416390.0,1065801000000.0,
2000-11-27,69.36,1.0,3.12,0.0471,67.64,69.36,67.64,268368220.0,1576101000000.0,
2000-11-28,67.12,2.0,-2.24,-0.0323,68.03,68.42,66.98,214090770.0,1152027000000.0,
2000-11-29,64.45,2.0,-2.67,-0.0398,65.25,65.25,63.81,170476730.0,891244000000.0,
2000-11-30,63.48,2.0,-0.97,-0.0151,64.74,64.74,62.25,198405680.0,1093715000000.0,
2000-12-01,64.23,1.0,0.75,0.0118,61.09,64.23,60.91,203812140.0,1260241000000.0,
2000-12-04,62.5,2.0,-1.73,-0.0269,64.99,65.0,62.24,136846200.0,853284000000.0,
2000-12-05,64.57,1.0,2.07,0.0331,62.97,64.57,62.67,126148950.0,943611000000.0,
2000-12-06,64.72,1.0,0.15,0.0023,67.01,67.74,64.72,230769490.0,1718901000000.0,
2000-12-07,65.58,1.0,0.86,0.0133,64.71,65.58,63.79,175599840.0,964404000000.0,
2000-12-08,67.06,1.0,1.48,0.0226,65.53,67.16,65.53,161829590.0,992974000000.0,
2000-12-11,69.76,1.0,2.7,0.0403,68.22,70.17,68.22,222806810.0,1487797000000.0,
2000-12-12,68.16,2.0,-1.6,-0.0229,69.95,70.25,68.02,188294320.0,1290153000000.0,
2000-12-13,70.15,1.0,1.99,0.0292,67.89,70.45,67.64,173171310.0,1494460000000.0,
2000-12-14,68.61,2.0,-1.54,-0.022,69.1,69.65,67.75,172898940.0,1510287000000.0,
2000-12-15,66.84,2.0,-1.77,-0.0258,68.2,69.2,66.81,153331960.0,1251436000000.0,
2000-12-18,67.56,1.0,0.72,0.0108,66.24,67.92,66.24,145618620.0,891520000000.0,
2000-12-19,66.47,2.0,-1.09,-0.0161,67.82,67.82,66.39,167486830.0,1028164000000.0,
2000-12-20,64.43,2.0,-2.04,-0.0306999999999999,65.01,65.91,64.29,182893940.0,1109222000000.0,
2000-12-21,64.24,2.0,-0.19,-0.0029,62.39,64.78,62.22,165281740.0,1129981000000.0,
2000-12-22,62.83,2.0,-1.41,-0.0219,64.54,65.19,62.8,172704300.0,1043099000000.0,
2000-12-26,63.35,1.0,0.52,0.0083,64.11,64.19,63.04,141885940.0,910183000000.0,
2001-01-02,65.41,1.0,2.06,0.0325,63.33,65.47,62.97,137321791.0,940543922700.0,
2001-01-03,65.38,2.0,-0.03,-0.0005,64.28,65.79,63.99,189396097.0,1204554062500.0,
2001-01-04,70.14,1.0,4.76,0.0728,69.19,71.37,69.19,275468410.0,2481399134750.0,
2001-01-05,73.15,1.0,3.01,0.0429,70.32,73.23,69.74,368498858.0,2892966668450.0,
2001-01-08,73.83,1.0,0.68,0.0093,72.12,74.01,71.98,393944170.0,2401711702450.0,
2001-01-09,74.2,1.0,0.37,0.005,73.41,74.2,71.96,367471166.0,2219117288500.0,
2001-01-10,70.49,2.0,-3.71,-0.05,73.77,74.66,70.49,411765531.0,2535881903600.0,
2001-01-11,70.38,2.0,-0.11,-0.0016,71.5,71.76,70.09,334951260.0,2100312674000.0,
2001-01-12,74.04,1.0,3.66,0.052,72.7,75.69,72.7,488632846.0,3190441222650.0,
2001-01-15,75.58,1.0,1.54,0.0208,74.97,76.75,74.24,407364701.0,2733791727500.0,
2001-01-16,76.16,1.0,0.58,0.0077,75.79,76.83,74.19,411370096.0,2688691264600.0,
2001-01-17,75.25,2.0,-0.91,-0.0118999999999999,75.78,77.07,74.08,315571941.0,2336615094750.0,
2001-01-18,76.39,1.0,1.14,0.0151,75.45,77.53,75.35,296015887.0,2413703171950.0,
2001-01-19,78.6,1.0,2.21,0.0289,78.86,78.93,77.7,297424807.0,2506227580500.0,
2001-01-22,79.47,1.0,0.87,0.0111,78.96,79.47,77.74,311936730.0,1989608994650.0,
2001-01-26,74.64,2.0,-4.83,-0.0608,78.87,78.93,74.64,309969479.0,2168762785900.0,
2001-01-29,75.16,1.0,0.52,0.0069999999999999,74.76,75.43,74.05,278484135.0,1856833402350.0,
2001-01-30,74.44,2.0,-0.72,-0.0096,75.76,76.68,74.44,316290395.0,1818842418950.0,
2001-01-31,77.98,1.0,3.54,0.0475999999999999,74.9,77.98,74.77,274027164.0,2034161117300.0,
2001-02-01,77.27,2.0,-0.71,-0.0091,76.45,78.39,76.32,236140200.0,1667514784600.0,
2001-02-02,76.7,2.0,-0.57,-0.0074,77.55,77.83,75.87,202659910.0,1308951324100.0,
2001-02-05,72.87,2.0,-3.83,-0.0499,74.9,74.98,72.4,205281569.0,1379729076750.0,
2001-02-06,73.81,1.0,0.94,0.0129,72.61,73.91,72.1,186748132.0,1133950188450.0,
2001-02-07,72.44,2.0,-1.37,-0.0186,73.58,73.58,72.15,186191884.0,1039719916000.0,
2001-02-08,74.5,1.0,2.06,0.0283999999999999,72.55,74.5,72.55,171632116.0,1260876422200.0,
2001-02-09,74.91,1.0,0.41,0.0055,74.06,75.39,73.09,197918172.0,1412262140150.0,
2001-02-12,75.4,1.0,0.49,0.0065,73.94,75.88,73.37,181557449.0,1391102685850.0,
2001-02-13,75.28,2.0,-0.12,-0.0016,75.89,76.17,74.71,196307201.0,1414439302100.0,
2001-02-14,75.9,1.0,0.62,0.0081999999999999,74.77,76.4,74.38,252972038.0,1592364365450.0,
2001-02-15,75.88,2.0,-0.02,-0.0003,76.92,77.04,75.77,229789515.0,1532690776550.0,
2001-02-16,76.08,1.0,0.2,0.0026,76.2,76.93,75.98,190462955.0,1352545167550.0,
2001-02-19,74.91,2.0,-1.17,-0.0154,74.82,75.06,73.86,185078183.0,1139572450000.0,
2001-02-20,76.36,1.0,1.45,0.0194,74.73,76.39,74.35,301762730.0,1904926570700.0,
2001-02-21,74.38,2.0,-1.98,-0.0259,75.88,75.88,74.36,256749503.0,1712426282050.0,
2001-02-22,72.93,2.0,-1.45,-0.0195,73.68,73.68,71.41,258796472.0,1723552977600.0,
2001-02-23,72.9,2.0,-0.03,-0.0004,72.45,73.84,72.34,222721444.0,1589189991550.0,
2001-02-26,73.09,1.0,0.19,0.0026,73.02,73.53,72.44,186494065.0,1176271535150.0,
2001-02-27,72.06,2.0,-1.03,-0.0141,73.68,74.64,71.93,239523235.0,1559957910950.0,
2001-02-28,72.14,1.0,0.08,0.0011,71.24,72.6,71.2,160343570.0,1053231714350.0,
2001-03-02,69.84,2.0,-2.3,-0.0319,71.68,71.68,69.56,186802724.0,1400396252900.0,
2001-03-05,70.76,1.0,0.92,0.0132,68.58,70.76,68.58,178169141.0,1081396764050.0,
2001-03-06,71.13,1.0,0.37,0.0052,71.29,72.01,70.49,252295922.0,1732990959150.0,
2001-03-07,71.12,2.0,-0.01,-0.0001,71.94,72.27,70.78,182026214.0,1269390678700.0,
2001-03-08,72.47,1.0,1.35,0.019,71.2,72.47,70.98,161368019.0,1076593743100.0,
2001-03-09,70.55,2.0,-1.92,-0.0265,71.46,71.65,70.14,129716151.0,926568039300.0,
2001-03-12,67.89,2.0,-2.66,-0.0377,69.04,69.39,67.87,205176625.0,1160206436200.0,
2001-03-13,65.82,2.0,-2.07,-0.0305,65.75,66.45,65.08,204588410.0,1215932148600.0,
2001-03-14,67.69,1.0,1.87,0.0283999999999999,67.55,67.98,67.2,229069550.0,1340414232700.0,
2001-03-15,67.57,2.0,-0.12,-0.0018,65.2,67.64,65.1,200584869.0,1170700788700.0,
2001-03-16,67.1,2.0,-0.47,-0.0069999999999999,67.45,67.74,66.85,197433901.0,1017291695950.0,
2001-03-19,66.51,2.0,-0.59,-0.0088,66.17,67.43,65.76,147154478.0,851233472150.0,
2001-03-20,66.12,2.0,-0.39,-0.0059,67.5,67.55,66.1,160747942.0,846614325750.0,
2001-03-21,66.26,1.0,0.14,0.0021,64.7,66.26,64.66,150418202.0,932708474550.0,
2001-03-22,65.47,2.0,-0.79,-0.0118999999999999,66.04,66.2,65.09,222068226.0,1162359245000.0,
2001-03-23,67.01,1.0,1.54,0.0235,66.12,67.15,66.04,183427731.0,1467491656250.0,
2001-03-26,68.04,1.0,1.03,0.0154,67.87,68.64,67.48,289132325.0,1460423373200.0,
2001-03-27,66.25,2.0,-1.79,-0.0263,68.07,68.07,66.25,272564970.0,1303372606750.0,
2001-03-28,65.77,2.0,-0.48,-0.0072,67.38,67.41,65.77,198249977.0,1126532417700.0,
2001-03-29,65.18,2.0,-0.59,-0.009,65.05,66.24,64.77,302570052.0,1180740983250.0,
2001-03-30,65.16,2.0,-0.02,-0.0003,65.32,65.84,64.38,260929949.0,1178083946300.0,
2001-04-02,64.12,2.0,-1.04,-0.016,64.78,65.01,63.74,121434625.0,809766690050.0,
2001-04-03,62.62,2.0,-1.5,-0.0233999999999999,62.9,63.23,62.01,154750581.0,1139567643600.0,
2001-04-04,61.42,2.0,-1.2,-0.0192,61.75,62.37,61.4,165314521.0,1143729240400.0,
2001-04-06,63.02,1.0,1.6,0.0260999999999999,64.64,64.66,62.8,184415398.0,1465503960000.0,
2001-04-09,61.81,2.0,-1.21,-0.0192,62.6,63.02,61.81,107538452.0,610847221400.0,
2001-04-10,60.96,2.0,-0.85,-0.0138,62.26,62.34,60.96,110690329.0,816429502900.0,
2001-04-11,63.19,1.0,2.23,0.0366,62.8,63.35,62.32,201461606.0,1350500881350.0,
2001-04-12,64.05,1.0,0.86,0.0136,64.46,64.85,63.77,176088827.0,1386240488100.0,
2001-04-13,64.25,1.0,0.2,0.0031,64.64,64.65,63.75,148630162.0,881958986100.0,
2001-04-16,63.15,2.0,-1.1,-0.0171,64.01,64.51,63.15,120311665.0,558857314350.0,
2001-04-17,63.92,1.0,0.77,0.0121999999999999,62.95,64.2,62.79,144105798.0,791747769100.0,
2001-04-18,67.39,1.0,3.47,0.0542999999999999,65.16,67.39,64.75,271290818.0,1541225736850.0,
2001-04-19,70.55,1.0,3.16,0.0469,71.03,72.97,69.94,319177018.0,2917423163550.0,
2001-04-20,69.62,2.0,-0.93,-0.0132,71.11,71.74,69.6,283483418.0,1702856487600.0,
2001-04-23,70.26,1.0,0.64,0.0092,69.99,71.0,69.62,217585073.0,1360845129800.0,
2001-04-24,69.57,2.0,-0.69,-0.0098,69.11,69.71,68.42,177154939.0,1176659883600.0,
2001-04-25,71.01,1.0,1.44,0.0207,69.17,71.01,68.94,221966156.0,1355783954400.0,
2001-04-26,70.37,2.0,-0.64,-0.009,71.43,71.61,70.23,165971919.0,1200470620100.0,
2001-04-27,69.67,2.0,-0.7,-0.0098999999999999,70.3,70.67,69.27,119780536.0,798894560150.0,
2001-04-30,72.45,1.0,2.78,0.0399,70.85,72.47,70.74,247692700.0,1602079531250.0,
2001-05-02,73.29,1.0,0.84,0.0116,73.63,73.74,72.83,257698159.0,1876680663350.0,
2001-05-03,73.37,1.0,0.08,0.0011,73.21,73.42,72.31,191191447.0,1346552169850.0,
2001-05-04,73.51,1.0,0.14,0.0019,72.19,73.51,72.19,172315329.0,1292290296050.0,
2001-05-07,74.86,1.0,1.35,0.0184,73.89,75.22,73.32,245636059.0,1564805838350.0,
2001-05-08,74.09,2.0,-0.77,-0.0103,74.59,75.02,74.06,237287983.0,1593400119400.0,
2001-05-09,72.53,2.0,-1.56,-0.0210999999999999,73.82,73.9,72.43,242516864.0,1596778779850.0,
2001-05-10,72.77,1.0,0.24,0.0033,72.54,73.22,72.02,180842220.0,1321833122650.0,
2001-05-11,72.95,1.0,0.18,0.0025,72.81,73.12,72.27,147657724.0,1131194077650.0,
2001-05-14,72.99,1.0,0.04,0.0005,73.19,73.61,72.56,219830245.0,1311928296900.0,
2001-05-15,72.61,2.0,-0.38,-0.0052,72.93,73.18,72.3,253135231.0,1438386008550.0,
2001-05-16,71.46,2.0,-1.15,-0.0158,72.22,73.2,71.44,247677561.0,1523849830750.0,
2001-05-17,74.72,1.0,3.26,0.0455999999999999,73.55,74.72,73.23,260899020.0,1723285985150.0,
2001-05-18,75.25,1.0,0.53,0.0070999999999999,74.48,75.25,74.05,282251760.0,1953264350550.0,
2001-05-21,77.51,1.0,2.26,0.03,76.03,77.76,75.97,379356904.0,2464444570300.0,
2001-05-22,77.37,2.0,-0.14,-0.0018,78.8,78.99,77.37,363046913.0,2597061623400.0,
2001-05-23,77.83,1.0,0.46,0.0059,77.6,78.35,77.12,282292773.0,1756807706400.0,
2001-05-24,77.66,2.0,-0.17,-0.0022,76.69,77.96,76.48,298307598.0,1964497944350.0,
2001-05-25,77.81,1.0,0.15,0.0019,78.2,79.02,77.68,346270474.0,2120516084950.0,
2001-05-28,77.05,2.0,-0.76,-0.0098,77.25,77.58,76.98,222823891.0,1294525457450.0,
2001-05-29,78.85,1.0,1.8,0.0233999999999999,76.8,78.86,76.62,295571696.0,1819945557750.0,
2001-05-30,78.33,2.0,-0.52,-0.0066,78.47,78.54,77.33,235764780.0,1635359543000.0,
2001-05-31,76.09,2.0,-2.24,-0.0286,76.26,76.84,75.66,203666166.0,1670453963750.0,
2001-06-01,75.34,2.0,-0.75,-0.0098999999999999,76.49,76.68,74.94,161777483.0,1294729373000.0,
2001-06-04,75.74,1.0,0.4,0.0053,75.59,76.13,75.17,141221589.0,983023138000.0,
2001-06-05,74.13,2.0,-1.61,-0.0213,75.91,76.23,74.13,154587829.0,1223467787350.0,
2001-06-07,74.57,1.0,0.44,0.0059,73.64,74.62,73.64,165206492.0,1197917429450.0,
2001-06-08,77.19,1.0,2.62,0.0351,75.55,77.22,75.52,269106832.0,1752673568550.0,
2001-06-11,75.27,2.0,-1.92,-0.0249,75.95,76.33,75.17,197160784.0,1274272057200.0,187964062768625.0
2001-06-12,75.08,2.0,-0.19,-0.0025,74.89,75.78,74.69,174177478.0,1063816676200.0,187535215442665.0
2001-06-13,75.9,1.0,0.82,0.0109,75.7,75.9,75.08,210673998.0,1328702777650.0,189565443504110.0
2001-06-14,75.69,2.0,-0.21,-0.0028,75.71,77.09,75.36,220885348.0,1546155671750.0,189110811907500.0
2001-06-15,76.35,1.0,0.66,0.0087,75.16,76.35,74.43,197624906.0,1499999323450.0,192468521937765.0
2001-06-18,74.85,2.0,-1.5,-0.0196,76.15,76.41,74.72,258379759.0,1509269651050.0,188677671110555.0
2001-06-19,74.91,1.0,0.06,0.0008,74.49,75.82,74.48,234467036.0,1553894445300.0,188794090877730.0
2001-06-20,73.19,2.0,-1.72,-0.023,74.18,74.3,72.98,223171700.0,1454749310450.0,184495981434285.0
2001-06-21,73.2,1.0,0.01,0.0001,73.42,73.71,72.43,221005048.0,1361737561900.0,184542819029505.0
2001-06-22,73.59,1.0,0.39,0.0053,73.45,74.1,72.86,175814943.0,1414466880750.0,185652255699065.0
2001-06-25,73.29,2.0,-0.3,-0.0040999999999999,73.36,73.98,72.88,147521642.0,1056900963800.0,184769103321260.0
2001-06-26,72.29,2.0,-1.0,-0.0136,73.23,73.39,71.96,171876488.0,1176330739950.0,182337643209240.0
2001-06-27,71.85,2.0,-0.44,-0.0060999999999999,72.13,72.58,71.35,204795911.0,1311676180500.0,182778314191005.0
2001-06-28,71.63,2.0,-0.22,-0.0031,72.0,72.65,71.59,131660085.0,1115195679850.0,182077991275425.0
2001-06-29,73.2,1.0,1.57,0.0219,73.07,73.2,72.42,117617791.0,1036860326050.0,186107772251270.0
2001-07-02,73.4,1.0,0.2,0.0027,72.87,73.61,72.84,103185370.0,852520430650.0,186636311985290.0
2001-07-03,73.1,2.0,-0.3,-0.0040999999999999,73.64,73.64,73.0,104122575.0,817016720950.0,185858784381145.0
2001-07-04,73.55,1.0,0.45,0.0062,72.67,73.55,72.09,106855311.0,813614395300.0,186995524566455.0
2001-07-05,73.08,2.0,-0.47,-0.0064,73.79,73.97,72.96,104993349.0,773320377250.0,185845385748540.0
2001-07-06,71.18,2.0,-1.9,-0.026,71.56,72.03,71.12,114266872.0,847334300350.0,181134532347635.0
2001-07-09,69.06,2.0,-2.12,-0.0298,69.5,69.93,68.54,143202330.0,1141061535700.0,175826998716140.0
2001-07-10,68.82,2.0,-0.24,-0.0034999999999999,69.45,69.75,68.68,132870991.0,795018642350.0,174604349284025.0
2001-07-11,68.24,2.0,-0.58,-0.0084,67.44,68.89,67.28,112323442.0,838997563750.0,173081482833210.0
2001-07-12,68.88,1.0,0.64,0.0093999999999999,69.26,69.8,68.88,199436492.0,1132415522900.0,174627822656435.0
2001-07-13,67.49,2.0,-1.39,-0.0202,70.35,70.35,67.27,161914858.0,1061574420550.0,171178206809320.0
2001-07-16,67.53,1.0,0.04,0.0006,67.87,68.26,67.0,141907179.0,672014625800.0,171321226525450.0
2001-07-18,66.49,2.0,-1.04,-0.0154,67.8,67.94,66.29,190353337.0,904928759950.0,168619952665235.0
2001-07-19,67.34,1.0,0.85,0.0128,65.72,67.34,65.72,176366659.0,903716571500.0,170747243003200.0
2001-07-20,66.31,2.0,-1.03,-0.0153,66.59,66.83,65.82,187661143.0,862712568050.0,168203521837975.0
2001-07-23,64.85,2.0,-1.46,-0.022,65.97,66.43,64.59,183876124.0,757692873000.0,164513276289930.0
2001-07-24,65.23,1.0,0.38,0.0059,64.27,65.37,63.63,396520837.0,1258498476400.0,165769018109010.0
2001-07-25,65.18,2.0,-0.05,-0.0008,64.35,65.4,63.91,299008763.0,995273983550.0,165533300998175.0
2001-07-26,65.46,1.0,0.28,0.0043,65.57,65.84,65.22,239212647.0,913109860150.0,166245044746505.0
2001-07-27,66.96,1.0,1.5,0.0229,66.45,67.18,66.17,309093201.0,1069447056250.0,170038922807880.0
2001-07-30,65.98,2.0,-0.98,-0.0146,67.09,67.09,65.9,210459849.0,751110730000.0,167483500614175.0
2001-07-31,66.98,1.0,1.0,0.0152,66.17,66.98,65.85,131250957.0,686192276200.0,170035381088795.0
2001-08-01,69.72,1.0,2.74,0.0409,67.59,69.86,66.97,344810021.0,1617018555000.0,176967179516530.0
2001-08-02,70.34,1.0,0.62,0.0089,70.08,70.92,69.0,329339963.0,1613374333050.0,178635104543345.0
2001-08-03,70.46,1.0,0.12,0.0017,70.92,70.92,69.81,175736396.0,971510700450.0,178887625829675.0
2001-08-06,70.46,3.0,0.0,0.0,69.95,71.05,69.77,283785410.0,1012338249550.0,178890672159900.0
2001-08-07,70.09,2.0,-0.37,-0.0053,69.5,70.27,69.3,254247564.0,1061222850950.0,177990456806310.0
2001-08-08,69.89,2.0,-0.2,-0.0029,70.12,70.21,69.24,189128690.0,849127995900.0,177515618799405.0
2001-08-09,67.73,2.0,-2.16,-0.0308999999999999,68.39,69.0,67.73,175763266.0,883966294250.0,172129805011080.0
2001-08-10,68.52,1.0,0.79,0.0116999999999999,68.57,68.87,68.08,159655748.0,694048001050.0,174134566335250.0
2001-08-13,69.26,1.0,0.74,0.0108,68.91,69.26,68.03,164604469.0,849973955800.0,175942891158405.0
2001-08-14,71.23,1.0,1.97,0.0283999999999999,69.66,71.24,69.62,324819173.0,1504604546000.0,180992283802275.0
2001-08-16,71.6,1.0,0.37,0.0052,70.41,71.85,70.12,325900556.0,1585398227100.0,182014798308610.0
2001-08-17,71.56,2.0,-0.04,-0.0006,71.8,72.13,71.05,256530491.0,1280716006050.0,181909371289560.0
2001-08-20,69.83,2.0,-1.73,-0.0242,70.01,70.6,69.73,201917992.0,879723647750.0,177561615644685.0
2001-08-21,69.93,1.0,0.1,0.0014,70.36,70.49,69.08,204520422.0,991500701850.0,177498629862970.0
2001-08-22,70.76,1.0,0.83,0.0118999999999999,68.88,70.76,68.88,285754630.0,1163633346250.0,179905651350395.0
2001-08-23,70.25,2.0,-0.51,-0.0072,71.2,71.44,70.04,283722373.0,1085260994900.0,178631438917620.0
2001-08-24,70.26,1.0,0.01,0.0001,70.54,70.72,69.6,282471732.0,1011270570550.0,178685842140685.0
2001-08-27,71.53,1.0,1.27,0.0181,71.32,72.35,70.95,317489202.0,1311530542250.0,181808146758600.0
2001-08-28,71.22,2.0,-0.31,-0.0043,71.44,71.48,70.79,334063037.0,983949397900.0,181009426076320.0
2001-08-29,70.07,2.0,-1.15,-0.0161,70.34,70.53,69.76,325361956.0,1109137574800.0,178058808153250.0
2001-08-30,69.81,2.0,-0.26,-0.0037,68.88,69.81,68.71,522414756.0,1059152816850.0,174016053477075.0
2001-08-31,67.42,2.0,-2.39,-0.0342,68.4,68.56,67.06,525532083.0,1248384153500.0,168051366451830.0
2001-09-03,67.05,2.0,-0.37,-0.0055,67.35,67.68,66.65,281771214.0,721242858400.0,167146526786045.0
2001-09-04,69.22,1.0,2.17,0.0324,67.17,69.22,66.8,356249076.0,930726815650.0,172590903158030.0
2001-09-05,68.24,2.0,-0.98,-0.0141999999999999,68.12,68.47,67.74,603753408.0,1180439268650.0,170135253577315.0
2001-09-06,68.23,2.0,-0.01,-0.0001,68.25,69.16,68.1,399080833.0,1004789377500.0,169898406381555.0
2001-09-07,68.5,1.0,0.27,0.004,67.48,68.56,67.19,289260202.0,892676811800.0,170403273716750.0
2001-09-10,67.84,2.0,-0.66,-0.0096,67.53,67.91,67.07,430004042.0,1028561969500.0,168788893946490.0
2001-09-11,66.55,2.0,-1.29,-0.019,67.8,68.17,66.44,441801686.0,1052503807150.0,168780969105225.0
2001-09-12,58.59,2.0,-7.96,-0.1196,60.15,61.97,58.48,140340761.0,1339179075700.0,148772011126620.0
2001-09-13,61.58,1.0,2.99,0.051,60.92,61.58,59.84,773405021.0,2037573980400.0,156362846940105.0
2001-09-14,59.73,2.0,-1.85,-0.03,61.3,61.3,58.53,786442765.0,1694224779150.0,151654541830140.0
2001-09-17,58.36,2.0,-1.37,-0.0229,58.77,58.94,57.78,557652898.0,1201564761650.0,148186792481335.0
2001-09-18,60.07,1.0,1.71,0.0293,59.88,60.24,59.29,425558616.0,1255650334850.0,152546962673540.0
2001-09-19,60.15,1.0,0.08,0.0013,59.91,60.78,59.39,534351591.0,1233684635350.0,152827063758460.0
2001-09-20,59.34,2.0,-0.81,-0.0135,59.6,59.6,58.48,426417628.0,1209570929150.0,150947918710470.0
2001-09-21,58.23,2.0,-1.11,-0.0187,57.56,58.23,57.17,350400018.0,1290616762250.0,148405451395825.0
2001-09-24,59.43,1.0,1.2,0.0206,58.32,59.43,58.12,339045131.0,1012357708350.0,151369589665270.0
2001-09-25,58.17,2.0,-1.26,-0.0212,60.55,60.58,57.95,421865097.0,1235351274450.0,148201242015150.0
2001-09-26,58.19,1.0,0.02,0.0003,58.26,58.5,57.6,262704513.0,738395695900.0,148193639002040.0
2001-09-27,58.03,2.0,-0.16,-0.0027,57.44,58.03,57.02,264261763.0,808588268100.0,147860825762145.0
2001-09-28,58.91,1.0,0.88,0.0152,58.44,59.43,58.02,239529501.0,1018060919000.0,150199699094465.0
2001-10-04,61.61,1.0,2.7,0.0458,61.35,61.68,60.83,380733041.0,1433579531900.0,157006616445340.0
2001-10-05,61.82,1.0,0.21,0.0034,61.52,61.82,61.08,608308511.0,1345130150600.0,157491483331095.0
2001-10-08,61.04,2.0,-0.78,-0.0126,61.3,61.74,60.76,545095020.0,1150793756300.0,155536692700155.0
2001-10-09,62.48,1.0,1.44,0.0236,61.65,62.71,61.65,484777196.0,1259111619650.0,159194613528980.0
2001-10-10,61.94,2.0,-0.54,-0.0086,61.84,62.14,61.5,339968580.0,874559042650.0,157830471363455.0
2001-10-11,63.71,1.0,1.77,0.0286,63.39,63.99,63.24,438574438.0,1499315020050.0,162234856182745.0
2001-10-12,63.59,2.0,-0.12,-0.0019,64.88,64.89,62.87,450993724.0,1316296348450.0,161887122115250.0
2001-10-15,63.2,2.0,-0.39,-0.0060999999999999,63.2,63.69,62.88,241713533.0,776013263750.0,160926809841990.0
2001-10-16,64.2,1.0,1.0,0.0158,63.24,64.26,63.18,256748095.0,983460688050.0,163535265852535.0
2001-10-17,64.99,1.0,0.79,0.0123,64.96,65.22,64.22,284534305.0,1158183791000.0,165490781158715.0
2001-10-18,64.54,2.0,-0.45,-0.0069,64.23,64.79,63.84,248879179.0,991985827600.0,164297354014180.0
2001-10-19,64.98,1.0,0.44,0.0068,64.32,65.28,64.1,492336062.0,1158971644200.0,165344712091785.0
2001-10-22,64.96,2.0,-0.02,-0.0003,65.46,65.46,64.36,238356947.0,753469203550.0,165354116056285.0
2001-10-23,65.27,1.0,0.31,0.0048,65.61,66.25,65.27,283296939.0,1040158167350.0,166081333038240.0
2001-10-24,66.81,1.0,1.54,0.0236,65.62,66.89,65.45,227004801.0,1361577501100.0,169848251285360.0
2001-10-25,66.89,1.0,0.08,0.0012,66.98,67.26,66.51,459070257.0,1258017151650.0,170094832920360.0
2001-10-26,67.09,1.0,0.2,0.003,67.28,67.55,66.61,221128089.0,1033752021650.0,170598990536070.0
2001-10-29,67.73,1.0,0.64,0.0095,67.76,68.1,67.19,300939832.0,873289255150.0,162157357457700.0
2001-10-30,65.98,2.0,-1.75,-0.0258,66.61,66.75,65.87,216761095.0,720381202950.0,157777525589510.0
2001-10-31,66.44,1.0,0.46,0.0069999999999999,65.57,66.44,65.45,477082197.0,978468707750.0,159047079617385.0
2001-11-01,67.24,1.0,0.8,0.012,66.81,67.51,66.19,340423101.0,955984399700.0,160978779829050.0
2001-11-02,68.09,1.0,0.85,0.0126,67.74,68.55,67.72,692019033.0,2369935818600.0,163098483716055.0
2001-11-05,69.53,1.0,1.44,0.0210999999999999,68.73,69.53,68.36,276645281.0,972361469900.0,166753551475165.0
2001-11-06,70.03,1.0,0.5,0.0072,70.25,70.62,70.03,329430249.0,1392322661550.0,167923737347685.0
2001-11-07,69.57,2.0,-0.46,-0.0066,70.22,70.34,69.41,296409793.0,1123576671400.0,166702215699810.0
2001-11-08,71.05,1.0,1.48,0.0213,69.96,71.31,69.95,365273280.0,1477386212450.0,170472953088755.0
2001-11-09,71.6,1.0,0.55,0.0077,71.36,71.95,70.61,662901763.0,1896586209250.0,172220446062770.0
2001-11-12,72.52,1.0,0.92,0.0128,72.25,72.52,71.41,591539081.0,1884824716750.0,187534506600790.0
2001-11-13,73.18,1.0,0.66,0.0091,72.05,73.29,71.63,705199491.0,2199013746850.0,189025041152790.0
2001-11-14,75.52,1.0,2.34,0.032,73.99,75.52,73.72,728216727.0,2897141923700.0,194894989597980.0
2001-11-15,75.54,1.0,0.02,0.0003,74.82,76.37,74.78,621892900.0,2425124800100.0,195065313313500.0
2001-11-16,76.11,1.0,0.57,0.0075,75.44,76.35,75.01,510783742.0,2038144621100.0,196582357287685.0
2001-11-19,78.13,1.0,2.02,0.0265,76.01,78.6,76.01,784629707.0,2810803379800.0,201709451437710.0
2001-11-20,76.64,2.0,-1.49,-0.0191,78.64,79.33,76.38,696999013.0,2689070662700.0,197896179410510.0
2001-11-21,76.55,2.0,-0.09,-0.0012,75.74,77.32,75.65,530654269.0,1945304884450.0,197718764074500.0
2001-11-22,77.78,1.0,1.23,0.0161,76.89,77.78,75.8,624714840.0,2119137839550.0,200875269844970.0
2001-11-23,80.55,1.0,2.77,0.0356,78.18,80.83,78.16,609667841.0,2926061804800.0,208464434933790.0
2001-11-26,84.2,1.0,3.65,0.0453,81.74,84.2,81.7,517479644.0,3547508892850.0,217939890165795.0
2001-11-27,83.65,2.0,-0.55,-0.0065,84.16,85.02,82.53,550560407.0,3403404157500.0,216481405347325.0
2001-11-28,78.77,2.0,-4.88,-0.0583,82.57,82.99,78.58,509323488.0,2661673458200.0,203852463622300.0
2001-11-29,78.07,2.0,-0.7,-0.0089,77.75,79.85,76.67,465534209.0,2646902705500.0,199899810343680.0
2001-11-30,80.03,1.0,1.96,0.0250999999999999,80.37,80.78,79.61,624900369.0,2957298172200.0,204825658287720.0
2001-12-03,80.83,1.0,0.8,0.01,79.96,81.28,78.32,741614419.0,2978154343600.0,209297035556610.0
2001-12-04,80.78,2.0,-0.05,-0.0006,80.56,81.59,79.72,688822194.0,3047897267100.0,209091104143260.0
2001-12-05,86.14,1.0,5.36,0.0664,82.54,87.26,82.54,619798766.0,4126785990000.0,222656898196165.0
2001-12-06,85.84,2.0,-0.3,-0.0034999999999999,88.59,89.8,84.85,652989391.0,4874675097900.0,221660407652515.0
2001-12-07,88.25,1.0,2.41,0.0281,86.49,88.84,85.39,498870768.0,3174901169100.0,227911548426545.0
2001-12-10,83.41,2.0,-4.84,-0.0548,87.78,87.9,83.02,492714539.0,2918947130650.0,215549525593725.0
2001-12-11,83.64,1.0,0.23,0.0028,82.26,83.82,81.71,425679374.0,2378036282950.0,216278548027640.0
2001-12-12,85.2,1.0,1.56,0.0187,83.22,85.45,81.96,393985626.0,2421183828150.0,220092530365155.0
2001-12-13,84.36,2.0,-0.84,-0.0098999999999999,85.37,85.6,83.31,437656813.0,3179300957500.0,218063564529265.0
2001-12-14,82.7,2.0,-1.66,-0.0197,83.1,84.31,82.19,335040955.0,2216958488900.0,213977954836760.0
2001-12-17,80.56,2.0,-2.14,-0.0259,82.15,82.26,80.2,398269763.0,2167069106300.0,208488163519700.0
2001-12-18,80.18,2.0,-0.38,-0.0046999999999999,81.58,82.55,79.59,449387648.0,2402827159300.0,207340705201740.0
2001-12-19,80.79,1.0,0.61,0.0076,81.44,81.64,80.22,482264770.0,2064086959100.0,208783648820465.0
2001-12-20,83.04,1.0,2.25,0.0278,81.1,83.35,80.16,362848999.0,1977471310350.0,214735358384195.0
2001-12-21,80.43,2.0,-2.61,-0.0314,81.41,81.61,80.0,232387974.0,1652836186100.0,208257667356415.0
2001-12-24,80.7,1.0,0.27,0.0034,80.82,81.85,80.12,286605952.0,1389039901250.0,208924409022260.0
2001-12-26,81.76,1.0,1.06,0.0131,81.22,81.92,81.06,424468664.0,1863225006550.0,211611379292915.0
2001-12-27,83.71,1.0,1.95,0.0239,81.29,84.28,80.74,400643438.0,2160091189100.0,215303921168635.0
2001-12-28,86.97,1.0,3.26,0.0389,85.3,87.29,85.3,370484291.0,2227686148750.0,223654467980860.0
2002-01-02,91.18,1.0,4.21,0.0484,87.5,91.2,86.47,481269525.0,4729738837800.0,234802726071665.0
2002-01-03,91.52,1.0,0.34,0.0037,91.42,92.61,90.83,556679355.0,3292667106275.0,235749078504915.0
2002-01-04,94.24,1.0,2.72,0.0297,93.81,94.7,93.16,446391293.0,3174418360610.0,242487478795795.0
2002-01-07,94.57,1.0,0.33,0.0034999999999999,94.25,95.43,92.43,536009222.0,3671110371415.0,243298257286020.0
2002-01-08,92.21,2.0,-2.36,-0.025,93.98,94.34,92.21,522234970.0,3188187325885.0,237272717050290.0
2002-01-09,94.44,1.0,2.23,0.0242,91.84,94.44,91.45,708375845.0,4052579095630.0,242989338363145.0
2002-01-10,90.97,2.0,-3.47,-0.0366999999999999,93.87,94.26,90.97,789732139.0,4750640742920.0,234210209305290.0
2002-01-11,90.96,2.0,-0.01,-0.0001,92.23,92.94,89.82,539637488.0,3264403936480.0,234119821875780.0
2002-01-14,93.35,1.0,2.39,0.0263,90.18,93.35,90.18,553192277.0,3154993008040.0,240055831202570.0
2002-01-15,89.98,2.0,-3.37,-0.0361,91.83,91.83,89.62,541586311.0,3596615513000.0,231474957942385.0
2002-01-16,88.99,2.0,-0.99,-0.011,89.93,90.69,88.99,401500806.0,2642411071200.0,229009504989900.0
2002-01-17,89.27,1.0,0.28,0.0031,88.02,89.65,87.37,567974269.0,3241530506215.0,229762396018535.0
2002-01-18,88.63,2.0,-0.64,-0.0072,89.18,89.9,88.19,402222425.0,2790600795860.0,228184496665150.0
2002-01-21,89.72,1.0,1.09,0.0123,88.13,89.72,87.63,369696736.0,2162091206065.0,231122498254925.0
2002-01-22,90.64,1.0,0.92,0.0103,90.25,91.51,89.71,532760124.0,2913241682695.0,233336875609100.0
2002-01-23,92.9,1.0,2.26,0.0249,89.46,92.93,89.3,386850088.0,2627163333430.0,239115578282960.0
2002-01-24,94.88,1.0,1.98,0.0213,93.81,95.63,93.6,471278371.0,3589631557950.0,244153696885630.0
2002-01-25,97.06,1.0,2.18,0.023,96.38,98.4,95.95,516162117.0,4185766620700.0,249666899237300.0
2002-01-28,97.42,1.0,0.36,0.0037,98.69,98.69,96.64,462819546.0,3250640583570.0,250576653889500.0
2002-01-29,96.48,2.0,-0.94,-0.0096,97.35,97.82,95.95,409439263.0,2774366341435.0,248166088181280.0
2002-01-30,93.34,2.0,-3.14,-0.0325,93.2,94.57,92.84,530505954.0,2854260806315.0,240250998597120.0
2002-01-31,92.99,2.0,-0.35,-0.0037,94.77,94.9,92.31,458777422.0,3157006599860.0,239316156404900.0
2002-02-01,92.46,2.0,-0.53,-0.0056999999999999,94.24,94.82,91.99,472515733.0,2634118184175.0,237816228701795.0
2002-02-04,91.01,2.0,-1.45,-0.0157,92.32,93.15,90.81,349586667.0,1946629775995.0,233964066582115.0
2002-02-05,92.34,1.0,1.33,0.0146,89.81,92.34,89.6,335031890.0,2236654897815.0,237248495532335.0
2002-02-06,92.47,1.0,0.13,0.0014,91.83,92.98,91.76,340409369.0,2145584725265.0,237679878659470.0
2002-02-07,90.74,2.0,-1.73,-0.0187,91.82,93.19,90.33,297490593.0,2150770056765.0,233190718825405.0
2002-02-08,92.26,1.0,1.52,0.0168,91.15,92.26,90.0,330999268.0,2018912940245.0,237094743718710.0
2002-02-14,99.99,1.0,7.73,0.0838,95.53,99.99,95.31,570525088.0,4090412767725.0,257097995966080.0
2002-02-15,98.0,2.0,-1.99,-0.0199,97.96,99.46,97.74,525663258.0,3315754976045.0,252312233470255.0
2002-02-18,98.82,1.0,0.82,0.0084,97.99,99.53,97.86,661885461.0,3255770596560.0,254920575488660.0
2002-02-19,97.81,2.0,-1.01,-0.0102,99.3,99.76,97.49,469906058.0,2976265116320.0,252211753142285.0
2002-02-20,97.11,2.0,-0.7,-0.0072,96.76,97.62,96.17,406858022.0,2529354614085.0,250946298177705.0
2002-02-21,98.52,1.0,1.41,0.0144999999999999,98.65,98.75,96.47,441220874.0,2871688490225.0,254274049034870.0
2002-02-22,99.11,1.0,0.59,0.006,96.79,99.19,96.59,479246636.0,2585850563890.0,255645829328635.0
2002-02-25,99.0,2.0,-0.11,-0.0011,99.64,100.34,98.27,297559015.0,1963944421750.0,255389850373275.0
2002-02-26,100.23,1.0,1.23,0.0124,100.96,101.56,99.48,399163879.0,2808560910830.0,258615843941710.0
2002-02-27,102.97,1.0,2.74,0.0273,100.11,102.97,100.11,457580507.0,3300788331760.0,265740250450890.0
2002-02-28,102.62,2.0,-0.35,-0.0034,103.3,103.5,102.0,444135341.0,3350096506935.0,264858426094575.0
2002-03-04,104.41,1.0,1.79,0.0174,105.51,106.18,104.41,392269603.0,3713010259705.0,269565827118830.0
2002-03-05,105.51,1.0,1.1,0.0105,106.21,106.21,104.58,546237712.0,3684810842645.0,272238413312870.0
2002-03-06,105.57,1.0,0.06,0.0006,105.24,106.62,104.74,674157481.0,3445534266790.0,272376432238075.0
2002-03-07,103.65,2.0,-1.92,-0.0182,106.14,106.4,103.21,502677004.0,3055138786035.0,267411003030200.0
2002-03-08,103.04,2.0,-0.61,-0.0059,103.61,104.22,101.81,428336869.0,2808733870225.0,266149568595205.0
2002-03-11,103.09,1.0,0.05,0.0005,103.4,103.67,102.03,339277402.0,2290846508275.0,266418370065480.0
2002-03-12,105.57,1.0,2.48,0.0241,102.69,105.57,102.69,421985728.0,2972034384525.0,272699074020495.0
2002-03-13,105.94,1.0,0.37,0.0034999999999999,105.01,106.67,104.61,343532891.0,2829227359340.0,273726104498660.0
2002-03-14,106.92,1.0,0.98,0.0093,105.51,106.92,103.09,421139407.0,3643142183985.0,276281747027995.0
2002-03-15,107.06,1.0,0.14,0.0013,105.5,108.05,105.17,433397417.0,3943865934885.0,276986154486265.0
2002-03-18,107.99,1.0,0.93,0.0087,109.08,109.23,107.21,451421761.0,3690259746765.0,279622843152850.0
2002-03-19,110.6,1.0,2.61,0.0242,108.34,110.68,107.95,392318600.0,3974486651320.0,286204268645020.0
2002-03-20,110.31,2.0,-0.29,-0.0026,111.25,112.39,109.61,417388514.0,3819991844495.0,285310234286560.0
2002-03-21,110.09,2.0,-0.22,-0.002,108.72,110.81,108.72,363392239.0,2985860557995.0,285018332577575.0
2002-03-22,111.79,1.0,1.7,0.0154,110.72,113.34,109.86,385117686.0,3509096512590.0,289582414101050.0
2002-03-25,109.43,2.0,-2.36,-0.0210999999999999,112.4,112.66,109.43,316625508.0,3114470207695.0,283541967377175.0
2002-03-26,109.85,1.0,0.42,0.0038,108.49,110.15,108.47,250575245.0,2746979954380.0,284718397338145.0
2002-03-27,112.68,1.0,2.83,0.0258,110.68,112.9,110.18,355062688.0,3324131374455.0,292161671690975.0
2002-03-28,111.39,2.0,-1.29,-0.0113999999999999,112.99,114.33,111.39,409536098.0,3085598788735.0,288930050427180.0
2002-03-29,111.84,1.0,0.45,0.004,112.73,113.2,111.57,248440871.0,2249576183360.0,290408355519190.0
2002-04-01,109.28,2.0,-2.56,-0.0229,112.53,112.53,109.14,239350019.0,2854196391870.0,284192755607285.0
2002-04-02,113.24,1.0,3.96,0.0362,109.68,113.24,108.64,274863726.0,3141648474005.0,294260181725185.0
2002-04-03,114.79,1.0,1.55,0.0137,112.41,115.01,112.14,292446100.0,3520392695465.0,298053283960490.0
2002-04-04,114.53,2.0,-0.26,-0.0023,113.9,114.91,113.35,267542276.0,3049854836850.0,298373203423865.0
2002-04-08,112.08,2.0,-2.45,-0.0214,114.67,115.44,112.05,293349904.0,3321639176660.0,292211600845075.0
2002-04-09,110.7,2.0,-1.38,-0.0123,112.37,112.56,110.11,239780676.0,2227745397115.0,288514458059265.0
2002-04-10,106.67,2.0,-4.03,-0.0364,109.89,109.89,106.59,264234093.0,2380882143495.0,278045120019245.0
2002-04-11,107.5,1.0,0.83,0.0078,107.05,109.0,106.31,231192885.0,3159390990695.0,280476263260285.0
2002-04-12,109.51,1.0,2.01,0.0187,106.78,109.55,106.59,445876557.0,2833821666795.0,285584043736030.0
2002-04-15,112.04,1.0,2.53,0.0231,110.01,112.46,109.81,376752770.0,2432998773215.0,292246109831975.0
2002-04-16,112.97,1.0,0.93,0.0083,112.32,113.42,111.53,263405387.0,2349851142500.0,294517557960975.0
2002-04-17,116.9,1.0,3.93,0.0348,115.32,117.23,115.18,338554993.0,3915321387605.0,304670172391905.0
2002-04-18,117.66,1.0,0.76,0.0065,116.31,118.23,116.02,284862409.0,3080906537885.0,306548550265535.0
2002-04-19,115.75,2.0,-1.91,-0.0162,117.49,118.01,115.54,294847159.0,3475003732220.0,301425545968140.0
2002-04-22,115.63,2.0,-0.12,-0.001,116.61,118.61,114.58,340063503.0,3331369503685.0,296036824311030.0
2002-04-23,116.66,1.0,1.03,0.0089,115.33,116.9,114.17,368215570.0,2975695471460.0,298643020181895.0
2002-04-24,115.7,2.0,-0.96,-0.0081999999999999,116.12,116.88,114.31,381670489.0,2457028046505.0,296111902811135.0
2002-04-25,110.37,2.0,-5.33,-0.0461,113.48,114.14,110.37,282894821.0,2530718722735.0,282350652906140.0
2002-04-26,109.55,2.0,-0.82,-0.0074,110.19,111.03,108.98,282581376.0,2281433217280.0,280514182513250.0
2002-04-29,105.61,2.0,-3.94,-0.036,106.84,108.76,104.98,216722192.0,2144891992880.0,270435729379065.0
2002-04-30,106.39,1.0,0.78,0.0074,105.98,106.82,104.55,724752618.0,2504502388785.0,272402057831830.0
2002-05-02,108.15,1.0,1.76,0.0165,107.96,108.33,106.26,399832404.0,2740663543605.0,277075027551870.0
2002-05-03,107.55,2.0,-0.6,-0.0055,107.07,107.94,104.89,356609851.0,2531009737530.0,275706920244565.0
2002-05-06,103.5,2.0,-4.05,-0.0377,105.42,105.65,103.5,242981654.0,1768378732175.0,265210791312445.0
2002-05-07,103.68,1.0,0.18,0.0017,101.86,103.68,101.53,280626191.0,2249032714500.0,265799651101335.0
2002-05-08,106.02,1.0,2.34,0.0226,105.34,106.91,105.07,369967530.0,2353480891900.0,272016013457555.0
2002-05-09,104.92,2.0,-1.1,-0.0104,108.67,109.29,104.92,494045226.0,3124769864965.0,269325139672855.0
2002-05-10,102.23,2.0,-2.69,-0.0256,104.51,105.54,101.56,215798224.0,2299701314020.0,262637775580245.0
2002-05-13,102.83,1.0,0.6,0.0059,101.07,103.62,100.57,201286167.0,1941794825775.0,264088281264770.0
2002-05-14,105.31,1.0,2.48,0.0241,104.54,105.31,103.84,435916993.0,2482077193425.0,270162682299870.0
2002-05-15,108.65,1.0,3.34,0.0317,107.02,109.16,107.02,364706519.0,2752924160150.0,278478093124865.0
2002-05-16,108.05,2.0,-0.6,-0.0055,108.5,109.26,107.76,633269233.0,2085657844195.0,277066366881225.0
2002-05-17,110.36,1.0,2.31,0.0214,109.3,110.79,109.2,469914639.0,2511573353715.0,282905827916860.0
2002-05-20,108.91,2.0,-1.45,-0.0131,110.46,110.73,108.77,290843623.0,1882532159145.0,279286050107230.0
2002-05-21,105.19,2.0,-3.72,-0.0342,107.9,108.58,105.0,305429273.0,2039283303430.0,269831542320760.0
2002-05-22,108.76,1.0,3.57,0.0339,105.21,108.76,104.13,217651932.0,1946635869560.0,278952814348500.0
2002-05-23,106.39,2.0,-2.37,-0.0218,108.1,108.68,106.08,266585895.0,1987680830165.0,272912397101225.0
2002-05-24,107.84,1.0,1.45,0.0136,107.51,108.55,107.37,267041266.0,3054847881140.0,276624368644990.0
2002-05-27,106.06,2.0,-1.78,-0.0165,107.28,108.71,105.47,241979422.0,1365799358900.0,272013927256520.0
2002-05-28,107.36,1.0,1.3,0.0123,106.8,107.46,105.39,204435378.0,1404604817305.0,275252562206345.0
2002-05-29,105.65,2.0,-1.71,-0.0159,106.06,106.13,103.77,305275314.0,1803445729935.0,271074616381515.0
2002-05-30,103.28,2.0,-2.37,-0.0224,104.42,105.21,102.78,238615746.0,1624064860715.0,264904771938000.0
2002-05-31,100.8,2.0,-2.48,-0.024,103.18,103.92,100.61,269695754.0,1701752945740.0,258728390358650.0
2002-06-03,101.93,1.0,1.13,0.0112,100.54,102.31,99.63,237245700.0,1413873590205.0,261547927490570.0
2002-06-04,102.07,1.0,0.14,0.0014,99.91,102.19,99.39,266955703.0,1288902611700.0,261907715319880.0
2002-06-05,102.29,1.0,0.22,0.0022,102.95,103.52,102.12,470514330.0,1634568799970.0,262458377264495.0
2002-06-07,100.37,2.0,-1.92,-0.0187999999999999,100.16,100.81,99.37,629325740.0,1669923929210.0,259452521996635.0
2002-06-10,102.4,1.0,2.03,0.0202,101.38,102.85,101.23,896184950.0,1392288130815.0,264741500599940.0
2002-06-11,102.66,1.0,0.26,0.0025,102.14,102.81,101.08,685869410.0,1361450316180.0,265458031075295.0
2002-06-12,103.14,1.0,0.48,0.0046999999999999,101.86,103.14,101.54,394439365.0,1779543788490.0,266733202920000.0
2002-06-14,103.05,2.0,-0.09,-0.0009,102.8,104.38,102.78,411951219.0,1580701921510.0,283484383801565.0
2002-06-17,101.39,2.0,-1.66,-0.0161,103.34,103.88,101.39,427982371.0,1233562883620.0,278896347750050.0
2002-06-18,101.48,1.0,0.09,0.0009,103.41,103.86,101.46,428002510.0,1521439899435.0,279147749394065.0
2002-06-19,97.43,2.0,-4.05,-0.0399,101.12,102.2,96.66,418539503.0,1970607115540.0,268028159793315.0
2002-06-20,97.47,1.0,0.04,0.0004,96.63,97.9,95.92,623268988.0,1596714031505.0,268111936005390.0
2002-06-21,97.72,1.0,0.25,0.0026,96.23,98.37,95.11,546941312.0,1589376416090.0,268851482348295.0
2002-06-24,96.58,2.0,-1.14,-0.0116999999999999,96.36,97.18,94.89,397747330.0,1816249251230.0,265708802768355.0
2002-06-25,95.29,2.0,-1.29,-0.0134,97.36,98.01,95.0,429094525.0,1530442615405.0,262183622992590.0
2002-06-26,88.61,2.0,-6.68,-0.0701,92.69,92.69,88.24,335366535.0,1993218545055.0,243804148882995.0
2002-06-27,89.72,1.0,1.11,0.0125,90.74,91.26,88.81,658333445.0,1797961377650.0,247074586845290.0
2002-06-28,93.69,1.0,3.97,0.0441999999999999,91.44,94.39,91.28,392443454.0,1884852731725.0,258033791135230.0
2002-07-02,94.08,1.0,0.39,0.0042,91.16,94.64,90.94,204224702.0,1677973410465.0,259099407855950.0
2002-07-03,94.87,1.0,0.79,0.0084,93.33,95.15,92.35,151771459.0,1460832535275.0,261266898884510.0
2002-07-04,96.82,1.0,1.95,0.0206,95.98,96.82,94.94,1162483146.0,1975837611130.0,266656025023665.0
2002-07-05,99.34,1.0,2.52,0.026,96.77,100.56,96.77,715206710.0,2594475194125.0,273603924169990.0
2002-07-08,98.66,2.0,-0.68,-0.0068,101.78,101.82,98.11,673582773.0,2488415732495.0,271738325304675.0
2002-07-09,101.05,1.0,2.39,0.0242,99.3,101.05,98.78,1172022462.0,2297685583910.0,278314747728985.0
2002-07-10,99.86,2.0,-1.19,-0.0118,100.1,101.07,99.4,350240224.0,1866030920080.0,275047817021435.0
2002-07-11,95.91,2.0,-3.95,-0.0395999999999999,98.26,98.27,95.91,700086066.0,2118313921310.0,264156990686600.0
2002-07-12,99.7,1.0,3.79,0.0395,97.99,99.79,97.48,1494638167.0,2666584371160.0,274610700907305.0
2002-07-15,98.51,2.0,-1.19,-0.0118999999999999,99.02,100.66,98.05,1442002709.0,2794405278035.0,271318058241585.0
2002-07-16,97.03,2.0,-1.48,-0.015,98.79,99.72,96.57,1676226822.0,2791764812510.0,267273936150190.0
2002-07-18,97.36,1.0,0.33,0.0034,97.34,98.16,96.85,1502659617.0,2417263176275.0,268191880199620.0
2002-07-19,94.9,2.0,-2.46,-0.0253,95.48,95.86,93.59,1772271076.0,2792939472310.0,261425456779365.0
2002-07-22,90.71,2.0,-4.19,-0.0441999999999999,91.15,92.64,90.49,1099519108.0,2139387267175.0,249894497482170.0
2002-07-23,93.56,1.0,2.85,0.0314,90.06,93.56,89.19,2002136704.0,2764713731385.0,257749764677445.0
2002-07-24,90.78,2.0,-2.78,-0.0297,91.0,91.3,89.84,1622177129.0,2393810693250.0,250075610187745.0
2002-07-25,90.84,1.0,0.06,0.0007,94.77,94.77,90.84,957681733.0,2470652636065.0,250262922675765.0
2002-07-26,87.38,2.0,-3.46,-0.0381,89.92,90.73,86.19,624137591.0,2010337300970.0,240707436829400.0
2002-07-29,87.8,1.0,0.42,0.0048,88.18,88.72,87.05,1673446650.0,1972563786265.0,241888053480585.0
2002-07-30,90.95,1.0,3.15,0.0359,90.78,91.87,90.73,1045131331.0,2266856606635.0,250543170265465.0
2002-07-31,90.16,2.0,-0.79,-0.0087,91.1,91.4,90.05,1595637005.0,2164577891235.0,248495872829870.0
2002-08-01,88.77,2.0,-1.39,-0.0154,90.56,90.56,88.06,1062833573.0,1479772763300.0,244676041928880.0
2002-08-02,87.81,2.0,-0.96,-0.0108,86.95,88.31,86.32,1339951058.0,1842832808265.0,242026335817560.0
2002-08-05,84.58,2.0,-3.23,-0.0368,86.46,86.66,84.13,1384317804.0,1952520578325.0,233093062743295.0
2002-08-06,84.42,2.0,-0.16,-0.0019,82.65,84.55,82.65,1147002569.0,2378691917530.0,232636533012615.0
2002-08-07,85.0,1.0,0.58,0.0069,85.83,86.35,84.76,712235583.0,1610882025985.0,234232413493110.0
2002-08-08,85.58,1.0,0.58,0.0068,85.63,86.01,84.68,654793893.0,1732977416920.0,235828446080810.0
2002-08-09,86.6,1.0,1.02,0.0118999999999999,87.46,88.32,86.51,1164683022.0,1885667677070.0,238710882026300.0
2002-08-12,86.92,1.0,0.32,0.0037,86.79,87.95,86.53,586224837.0,1455710306180.0,239607488740590.0
2002-08-13,88.8,1.0,1.88,0.0216,86.85,88.81,86.63,514918958.0,1243421223455.0,244773667746440.0
2002-08-14,89.19,1.0,0.39,0.0044,87.57,89.59,87.38,585758304.0,1523201637570.0,245859351699280.0
2002-08-16,90.21,1.0,1.02,0.0113999999999999,90.94,91.59,89.84,558095002.0,1910961292055.0,248600012437010.0
2002-08-19,90.17,2.0,-0.04,-0.0004,90.88,91.74,89.57,890956085.0,1786618754370.0,248491479694710.0
2002-08-20,92.72,1.0,2.55,0.0283,92.16,93.22,91.9,1346863675.0,2532114998505.0,255748649500480.0
2002-08-21,93.84,1.0,1.12,0.0121,92.42,94.05,91.99,1132583577.0,2235127243990.0,258831493475300.0
2002-08-22,93.86,1.0,0.02,0.0002,94.34,94.68,93.52,985427945.0,2224818522200.0,258874701609815.0
2002-08-23,93.22,2.0,-0.64,-0.0068,94.16,94.9,92.97,524016378.0,1528790726130.0,257111237433780.0
2002-08-26,92.4,2.0,-0.82,-0.0088,92.05,92.75,91.86,474913380.0,1230323151055.0,254866688622835.0
2002-08-27,90.92,2.0,-1.48,-0.016,92.68,92.73,90.82,436136024.0,1419176679640.0,250766303841325.0
2002-08-28,90.89,2.0,-0.03,-0.0003,90.16,91.93,90.16,349704810.0,1282354616850.0,250700911763560.0
2002-08-29,91.06,1.0,0.17,0.0019,90.49,91.06,89.96,831892627.0,1453843633745.0,251153642997290.0
2002-08-30,92.55,1.0,1.49,0.0163999999999999,91.2,92.55,90.47,526937307.0,1774348709985.0,255301663362115.0
2002-09-02,94.54,1.0,1.99,0.0215,92.98,94.54,92.74,415829211.0,1790285848205.0,260791004414800.0
2002-09-03,93.01,2.0,-1.53,-0.0162,94.63,94.98,92.99,485001207.0,1654460222795.0,256559826627060.0
2002-09-04,90.67,2.0,-2.34,-0.0252,91.2,91.48,89.89,332094728.0,1544052324950.0,250104527237985.0
2002-09-05,90.25,2.0,-0.42,-0.0046,91.67,91.68,90.19,311616932.0,1184478286240.0,248956182116705.0
2002-09-06,88.76,2.0,-1.49,-0.0165,89.6,90.15,88.47,385584593.0,1452639568655.0,244819230939765.0
2002-09-09,87.58,2.0,-1.18,-0.0133,89.56,89.83,87.33,651319054.0,1304940508120.0,241569524020120.0
2002-09-10,89.67,1.0,2.09,0.0239,88.08,89.67,88.08,354771980.0,1117357194010.0,247368432045360.0
2002-09-11,91.14,1.0,1.47,0.0163999999999999,90.3,91.39,90.0,315234359.0,1155885298280.0,251409180829140.0
2002-09-12,93.13,1.0,1.99,0.0218,91.22,93.13,90.86,404613527.0,1731417632430.0,256907133642760.0
2002-09-13,90.3,2.0,-2.83,-0.0304,91.4,91.57,90.08,999390325.0,1551702501370.0,253996269359350.0
2002-09-16,88.43,2.0,-1.87,-0.0207,90.72,90.73,87.94,636514023.0,1410786896610.0,248713038389015.0
2002-09-17,91.37,1.0,2.94,0.0332,89.84,91.38,89.09,353425129.0,1593834688630.0,256986617594090.0
2002-09-18,88.4,2.0,-2.97,-0.0325,88.87,89.16,87.81,331149214.0,1436492941095.0,248650487932865.0
2002-09-19,88.41,1.0,0.01,0.0001,88.55,89.89,88.14,263786331.0,1161537585210.0,248675771165120.0
2002-09-23,85.18,2.0,-3.23,-0.0365,86.83,86.96,84.89,285255818.0,1330430245485.0,239428860501355.0
2002-09-24,84.39,2.0,-0.79,-0.0093,83.62,85.01,83.5,378646594.0,1423940551720.0,237181260500915.0
2002-09-25,82.6,2.0,-1.79,-0.0212,84.01,84.05,81.86,311293050.0,1431593945110.0,232176671209925.0
2002-09-26,83.24,1.0,0.64,0.0077,84.55,84.98,82.8,457831441.0,1534153447990.0,233952397563675.0
2002-09-27,83.43,1.0,0.19,0.0023,83.57,84.53,83.05,916118933.0,1488875329565.0,235709660670105.0
2002-09-30,81.37,2.0,-2.06,-0.0247,81.09,81.6,80.43,345089552.0,1136761900165.0,229876427093075.0
2002-10-01,82.03,1.0,0.66,0.0081,80.31,82.06,80.2,325403080.0,1207199128865.0,231757011669890.0
2002-10-02,81.5,2.0,-0.53,-0.0065,83.9,83.93,81.25,581209363.0,1345543338465.0,230246043116940.0
2002-10-04,81.91,1.0,0.41,0.005,80.8,82.43,80.17,640661798.0,1249603017370.0,231404089354120.0
2002-10-07,78.83,2.0,-3.08,-0.0375999999999999,81.03,81.03,78.8,465534604.0,1117217782410.0,222656774724565.0
2002-10-08,79.89,1.0,1.06,0.0134,78.74,79.89,78.37,384914564.0,1315979707075.0,225648169562990.0
2002-10-09,78.02,2.0,-1.87,-0.0233999999999999,80.15,80.15,77.84,363747137.0,1329643232265.0,220358706955040.0
2002-10-10,73.35,2.0,-4.67,-0.0599,76.86,77.31,73.35,485560444.0,1888613006480.0,207166227163255.0
2002-10-11,73.86,1.0,0.51,0.0069999999999999,75.83,76.04,72.38,502257045.0,1678546321975.0,208617832150430.0
2002-10-14,77.27,1.0,3.41,0.0462,76.09,77.67,75.96,393651263.0,1423317095915.0,218247400272475.0
2002-10-15,79.21,1.0,1.94,0.0250999999999999,78.11,79.85,77.05,559540456.0,1763477229645.0,223724490661145.0
2002-10-16,80.1,1.0,0.89,0.0112,80.68,80.7,79.34,906869006.0,2155829479565.0,226233824853265.0
2002-10-17,81.16,1.0,1.06,0.0132,79.75,81.59,78.73,1004777807.0,2293233581370.0,229225946437485.0
2002-10-18,84.5,1.0,3.34,0.0412,83.23,84.97,82.73,855942709.0,2861654000690.0,238593080209920.0
2002-10-21,82.11,2.0,-2.39,-0.0283,83.9,84.16,82.11,1390463035.0,2053594721225.0,231685495299935.0
2002-10-22,80.34,2.0,-1.77,-0.0216,83.78,83.82,79.48,836641534.0,1981764402430.0,226680034358735.0
2002-10-23,82.77,1.0,2.43,0.0302,80.53,82.78,79.24,1256422316.0,2374882437645.0,233544287943435.0
2002-10-24,82.48,2.0,-0.29,-0.0034999999999999,83.31,83.94,81.88,1402284032.0,2637700564185.0,232747076463575.0
2002-10-25,82.65,1.0,0.17,0.0021,81.35,83.51,81.34,740731883.0,1632226287955.0,233206938050750.0
2002-10-28,85.61,1.0,2.96,0.0358,84.1,85.89,83.77,934469600.0,2404430680220.0,241556873329915.0
2002-10-29,84.93,2.0,-0.68,-0.0079,85.21,86.23,84.82,1320995548.0,2361323036390.0,239631751586835.0
2002-10-30,82.97,2.0,-1.96,-0.0231,84.81,84.86,82.17,1077279827.0,1962387566685.0,234105480884790.0
2002-10-31,83.1,1.0,0.13,0.0016,83.79,84.57,82.32,760997130.0,1658290871840.0,234463068843410.0
2002-11-01,81.65,2.0,-1.45,-0.0174,82.21,82.9,81.43,637269660.0,1344816685715.0,230259078826125.0
2002-11-04,85.04,1.0,3.39,0.0415,83.51,85.04,83.05,1489768890.0,2587883707580.0,239838010480365.0
2002-11-05,84.01,2.0,-1.03,-0.0121,85.03,85.29,83.47,979550072.0,2068689029990.0,236921708974885.0
2002-11-06,86.4,1.0,2.39,0.0283999999999999,85.21,86.51,85.02,998574422.0,2200401533190.0,243647469487325.0
2002-11-07,86.25,2.0,-0.15,-0.0017,85.83,87.21,85.23,588826497.0,2007998699755.0,243221528609350.0
2002-11-08,85.45,2.0,-0.8,-0.0093,84.47,85.45,83.96,476913314.0,1510037822420.0,240972128451485.0
2002-11-11,83.15,2.0,-2.3,-0.0269,84.71,84.71,82.71,430564314.0,1295277664745.0,234507952047550.0
2002-11-12,82.74,2.0,-0.41,-0.0049,81.42,83.05,81.25,646181568.0,1401556714715.0,233363942879005.0
2002-11-13,82.65,2.0,-0.09,-0.0011,82.94,83.27,81.69,466657912.0,1416281544025.0,233101874301060.0
2002-11-14,82.42,2.0,-0.23,-0.0028,82.97,83.4,82.19,374198230.0,1388241068675.0,232436090157860.0
2002-11-15,85.26,1.0,2.84,0.0345,84.7,85.34,84.19,833229579.0,2230584250425.0,240444932348325.0
2002-11-18,84.48,2.0,-0.78,-0.0091,85.25,85.94,84.25,453937228.0,1254095769945.0,238267489478740.0
2002-11-19,85.06,1.0,0.58,0.0069,83.97,85.24,83.94,1301852138.0,1565419095405.0,239905049680060.0
2002-11-20,86.5,1.0,1.44,0.0169,84.75,86.64,84.41,867898404.0,1822134748960.0,243951903190565.0
2002-11-21,87.65,1.0,1.15,0.0133,88.28,88.85,87.57,580545054.0,2211671227985.0,247212678894050.0
2002-11-22,87.97,1.0,0.32,0.0037,89.47,89.51,87.92,474368403.0,2110962611625.0,248088107987175.0
2002-11-25,89.68,1.0,1.71,0.0194,88.3,89.82,88.23,1203560200.0,2099486066080.0,252420916109710.0
2002-11-26,89.11,2.0,-0.57,-0.0064,89.63,89.79,88.47,1159269835.0,2340567924705.0,250833215888975.0
2002-11-27,89.87,1.0,0.76,0.0085,88.08,90.02,88.05,447275668.0,1755631333740.0,252656681301995.0
2002-11-28,90.72,1.0,0.85,0.0095,91.33,92.2,90.61,531560914.0,2575309637805.0,255036008974625.0
2002-11-29,92.05,1.0,1.33,0.0147,91.39,92.05,90.51,389199348.0,1817428950615.0,258763142851945.0
2002-12-02,92.67,1.0,0.62,0.0067,92.01,92.85,91.31,474902401.0,1513946441770.0,260505100473525.0
2002-12-03,93.52,1.0,0.85,0.0092,92.71,93.68,92.22,631415008.0,1995427228895.0,262912205274600.0
2002-12-04,90.62,2.0,-2.9,-0.031,91.92,92.01,90.44,390125075.0,1723525089655.0,254753566117580.0
2002-12-05,91.68,1.0,1.06,0.0116999999999999,90.76,91.69,89.77,325944889.0,1611196459930.0,257739008309195.0
2002-12-06,91.03,2.0,-0.65,-0.0070999999999999,90.8,91.71,90.28,417517390.0,1352446579865.0,256392963054945.0
2002-12-09,89.84,2.0,-1.19,-0.0131,91.3,91.59,89.36,673953665.0,1531759076840.0,253042550965805.0
2002-12-10,89.02,2.0,-0.82,-0.0091,88.18,89.4,88.0,450209706.0,1289774489695.0,250732811028860.0
2002-12-11,88.51,2.0,-0.51,-0.0056999999999999,89.37,89.67,88.14,562188569.0,1281182537815.0,249342037239435.0
2002-12-12,90.81,1.0,2.3,0.026,89.12,90.81,88.92,908564314.0,2137251569970.0,255813404234670.0
2002-12-13,89.81,2.0,-1.0,-0.011,90.04,90.26,88.9,338771372.0,1479844827875.0,250673071083070.0
2002-12-16,87.72,2.0,-2.09,-0.0233,88.51,88.76,87.5,656613875.0,1420688036940.0,248455754650075.0
2002-12-17,89.37,1.0,1.65,0.0187999999999999,89.22,89.51,88.97,914916408.0,1656929447720.0,253108350828560.0
2002-12-18,90.05,1.0,0.68,0.0076,88.6,90.42,88.16,981172321.0,1657371329485.0,255043028744050.0
2002-12-20,90.19,1.0,0.14,0.0016,89.46,90.59,89.22,708205975.0,1465771222690.0,255437509492235.0
2002-12-23,87.97,2.0,-2.22,-0.0246,90.53,90.72,87.79,483312423.0,1484671243415.0,249164234219815.0
2002-12-24,86.31,2.0,-1.66,-0.0189,87.62,88.15,85.82,420872458.0,1068917088885.0,244458841462655.0
2002-12-26,85.59,2.0,-0.72,-0.0083,85.92,86.59,84.91,544777065.0,1086049267580.0,242425372963620.0
2002-12-27,83.72,2.0,-1.87,-0.0218,83.84,85.15,83.54,532850430.0,972827758545.0,237064048526365.0
2002-12-30,79.87,2.0,-3.85,-0.046,83.2,83.2,78.1,374704407.0,3027232543040.0,226154698045125.0
2003-01-02,80.72,1.0,0.85,0.0106,80.59,81.0,79.29,399567354.0,977082146585.0,228546963073530.0
2003-01-03,84.15,1.0,3.43,0.0425,82.86,84.32,82.57,635491280.0,1760453868865.0,238255069162475.0
2003-01-06,84.92,1.0,0.77,0.0092,84.65,85.07,83.69,332845840.0,1079725969645.0,240210175722385.0
2003-01-07,83.03,2.0,-1.89,-0.0223,86.55,86.6,83.01,322814615.0,1357947751170.0,234866464485220.0
2003-01-08,82.97,2.0,-0.06,-0.0007,83.57,84.15,82.83,249660591.0,977314608055.0,234681156193825.0
2003-01-09,80.04,2.0,-2.93,-0.0353,81.88,82.0,80.04,283744951.0,1711173057555.0,225623192583345.0
2003-01-10,79.93,2.0,-0.11,-0.0014,81.79,81.96,78.61,355937783.0,3429861860345.0,225306632353155.0
2003-01-13,82.58,1.0,2.65,0.0332,79.76,82.58,79.39,569887410.0,1299429551840.0,232781810691185.0
2003-01-14,82.79,1.0,0.21,0.0025,82.24,83.15,81.46,409649785.0,1204581707065.0,233437687977390.0
2003-01-15,82.52,2.0,-0.27,-0.0033,83.62,84.0,81.86,315200761.0,1371873089055.0,231715838404195.0
2003-01-16,82.58,1.0,0.06,0.0007,81.35,82.7,80.83,243869030.0,1222843891870.0,231904688315260.0
2003-01-17,80.96,2.0,-1.62,-0.0196,81.45,82.67,80.96,198172876.0,969157055815.0,227344215599135.0
2003-01-20,80.72,2.0,-0.24,-0.003,79.82,80.76,79.63,241041165.0,764204121890.0,226668940637040.0
2003-01-21,80.5,2.0,-0.22,-0.0027,80.88,80.93,79.35,198638174.0,949397538290.0,226071660273440.0
2003-01-22,79.23,2.0,-1.27,-0.0158,79.74,80.37,78.52,296211836.0,1064239343105.0,222498761307830.0
2003-01-23,79.57,1.0,0.34,0.0043,79.21,79.83,78.22,297813930.0,1670214302245.0,223449945999300.0
2003-01-24,77.54,2.0,-2.03,-0.0255,79.63,80.22,76.94,208235629.0,1260282172360.0,218013049204280.0
2003-01-27,75.45,2.0,-2.09,-0.027,76.07,76.07,74.73,171945782.0,1077186719070.0,212121749170280.0
2003-01-28,76.46,1.0,1.01,0.0134,75.14,76.46,74.97,148618102.0,804368631685.0,214976593735250.0
2003-01-29,74.15,2.0,-2.31,-0.0302,76.52,76.65,73.83,325876305.0,1201097112225.0,208480106525460.0
2003-01-30,75.22,1.0,1.07,0.0144,74.92,75.49,74.44,260592472.0,919904269605.0,211475938554905.0
2003-02-03,76.3,1.0,1.08,0.0144,75.25,76.66,74.46,179220803.0,812208761855.0,214526696572785.0
2003-02-04,76.7,1.0,0.4,0.0052,76.5,76.93,75.74,392084227.0,1106400100380.0,215645281703160.0
2003-02-05,76.23,2.0,-0.47,-0.0060999999999999,75.96,77.08,75.56,451453952.0,813165577220.0,214346246814525.0
2003-02-06,74.74,2.0,-1.49,-0.0195,76.37,76.57,74.32,217996821.0,1046393554355.0,210156103591945.0
2003-02-07,73.17,2.0,-1.57,-0.021,74.49,74.5,72.3,203997206.0,1134471240520.0,205737765669225.0
2003-02-10,73.16,2.0,-0.01,-0.0001,72.6,73.48,72.44,205352339.0,999609740210.0,205708440106940.0
2003-02-11,73.01,2.0,-0.15,-0.0021,73.85,74.26,71.09,262900345.0,1285696453655.0,205277131021620.0
2003-02-12,74.02,1.0,1.01,0.0138,72.62,74.02,72.55,156759681.0,937919832525.0,208127831853340.0
2003-02-13,72.92,2.0,-1.1,-0.0149,74.27,74.33,72.5,182260706.0,1129504113955.0,205021456229235.0
2003-02-14,72.86,2.0,-0.06,-0.0008,72.82,73.11,71.79,260338617.0,955029935430.0,204852768482365.0
2003-02-17,76.32,1.0,3.46,0.0475,74.84,76.4,74.54,363321288.0,1458254097150.0,214582343096050.0
2003-02-18,76.55,1.0,0.23,0.003,76.39,76.93,75.24,274579929.0,1138519339695.0,215226465398530.0
2003-02-19,76.22,2.0,-0.33,-0.0043,77.8,78.35,76.16,260226475.0,1410008088460.0,214315110453405.0
2003-02-20,76.89,1.0,0.67,0.0088,76.32,77.0,75.88,657452197.0,1224058145520.0,216178648081355.0
2003-02-21,76.61,2.0,-0.28,-0.0036,76.84,76.84,75.73,545104519.0,1010293171230.0,215403217369315.0
2003-02-24,78.32,1.0,1.71,0.0223,77.31,78.77,77.31,309014539.0,1217565526325.0,220212213546895.0
2003-02-25,75.13,2.0,-3.19,-0.0407,76.76,76.85,75.13,259841791.0,1087220402810.0,211238874123395.0
2003-02-26,74.83,2.0,-0.3,-0.004,75.4,75.83,74.65,317724498.0,934489199690.0,210393012010250.0
2003-02-27,73.8,2.0,-1.03,-0.0138,73.6,74.21,72.93,221374917.0,991230815790.0,206522767133025.0
2003-02-28,72.85,2.0,-0.95,-0.0129,74.28,74.51,72.56,254962259.0,858847568555.0,203861292819725.0
2003-03-03,74.87,1.0,2.02,0.0277,73.32,74.92,73.18,252266390.0,1062506086340.0,209508977853380.0
2003-03-04,73.07,2.0,-1.8,-0.024,73.65,73.73,72.6,198999767.0,737163284420.0,204481267780805.0
2003-03-05,70.95,2.0,-2.12,-0.0289999999999999,71.83,71.87,70.61,323420544.0,1088838782150.0,198537304204035.0
2003-03-06,70.37,2.0,-0.58,-0.0081999999999999,71.57,71.58,69.88,250314975.0,932542134905.0,196909024655740.0
2003-03-07,69.33,2.0,-1.04,-0.0148,69.45,70.57,68.98,224799640.0,1038206057550.0,194001847102150.0
2003-03-10,69.26,2.0,-0.07,-0.001,69.32,69.7,68.82,241520317.0,787261799070.0,193812486174840.0
2003-03-11,67.79,2.0,-1.47,-0.0212,67.67,68.62,67.54,260594194.0,1176146448825.0,190852377869035.0
2003-03-12,67.65,2.0,-0.14,-0.0021,67.65,68.06,66.76,363780610.0,1733732223105.0,190472276411955.0
2003-03-13,67.84,1.0,0.19,0.0028,67.53,67.84,65.42,293060214.0,1948435074015.0,190994912254005.0
2003-03-14,68.51,1.0,0.67,0.0098999999999999,69.81,69.95,68.08,381556283.0,1939113449085.0,192909051079410.0
2003-03-17,65.64,2.0,-2.87,-0.0419,68.28,68.28,65.25,292694220.0,1427049370400.0,184828517036880.0
2003-03-18,68.49,1.0,2.85,0.0434,68.5,68.77,67.12,273180112.0,1640321624855.0,192863323010365.0
2003-03-19,69.05,1.0,0.56,0.0081999999999999,68.16,69.71,68.12,261902822.0,1435862931010.0,194422154531555.0
2003-03-20,72.4,1.0,3.35,0.0484999999999999,70.63,72.43,69.87,601409044.0,2291792797110.0,203880207854090.0
2003-03-21,73.37,1.0,0.97,0.0134,72.52,73.51,71.98,416326253.0,1841282091220.0,206607145584460.0
2003-03-24,72.58,2.0,-0.79,-0.0108,73.76,73.76,72.33,415694611.0,1755256160460.0,204362032665765.0
2003-03-25,70.7,2.0,-1.88,-0.0259,70.14,71.16,70.08,376553508.0,1566670783980.0,199066075752665.0
2003-03-26,70.58,2.0,-0.12,-0.0017,71.6,72.0,70.13,488569101.0,1593366446715.0,198720437990755.0
2003-03-27,69.82,2.0,-0.76,-0.0108,70.0,70.17,69.46,161181998.0,1039644207955.0,196578334659810.0
2003-03-28,70.77,1.0,0.95,0.0136,70.22,70.77,69.21,169640245.0,1185988759610.0,199255876202985.0
2003-03-31,68.05,2.0,-2.72,-0.0384,69.63,69.86,67.89,141772022.0,1181392955625.0,191530089600625.0
2003-04-01,68.4,1.0,0.35,0.0051,67.19,68.41,66.66,177268082.0,1367093546645.0,192438418173840.0
2003-04-02,69.0,1.0,0.6,0.0088,68.72,69.09,67.65,277658093.0,1711278940330.0,194129924266290.0
2003-04-03,69.28,1.0,0.28,0.0040999999999999,70.7,70.77,69.06,230604898.0,1677647456540.0,194927644218205.0
2003-04-04,70.99,1.0,1.71,0.0247,68.62,71.12,68.12,252601758.0,1917699946110.0,199736652684255.0
2003-04-07,74.63,1.0,3.64,0.0513,72.16,75.11,71.64,274520810.0,2339699835125.0,209972657813625.0
2003-04-08,74.83,1.0,0.2,0.0027,73.36,75.63,73.06,379707573.0,2435944785355.0,210549422073355.0
2003-04-09,72.45,2.0,-2.38,-0.0318,74.0,74.17,72.44,295274188.0,1965017856005.0,203846670737480.0
2003-04-10,73.56,1.0,1.11,0.0153,72.46,73.67,71.95,288372286.0,2095846473825.0,206976400855210.0
2003-04-11,74.22,1.0,0.66,0.009,73.45,76.12,73.04,405450715.0,2705142388205.0,208837905338820.0
2003-04-14,75.75,1.0,1.53,0.0206,75.14,76.99,74.99,292160857.0,2066742630065.0,213138032770295.0
2003-04-15,77.13,1.0,1.38,0.0182,77.33,77.56,76.34,270683736.0,2049780457615.0,217107568849105.0
2003-04-16,79.26,1.0,2.13,0.0276,78.63,79.79,78.36,417527591.0,3006759522875.0,223058548884500.0
2003-04-17,78.11,2.0,-1.15,-0.0144999999999999,78.35,79.04,77.99,375910134.0,2254617761150.0,219822968788660.0
2003-04-18,79.67,1.0,1.56,0.02,79.49,79.74,78.54,419929559.0,2471878549785.0,224213786115305.0
2003-04-21,79.06,2.0,-0.61,-0.0077,79.54,80.04,78.44,270135746.0,1612190541705.0,223446565053030.0
2003-04-22,76.71,2.0,-2.35,-0.0297,78.26,78.26,76.5,321268684.0,1819115507830.0,216805012519085.0
2003-04-23,76.06,2.0,-0.65,-0.0085,77.48,77.87,76.04,305946135.0,1735412968885.0,214683108430235.0
2003-04-24,74.79,2.0,-1.27,-0.0167,76.09,76.47,74.26,218474261.0,1508004663190.0,211075615650570.0
2003-04-25,72.07,2.0,-2.72,-0.0364,73.47,73.47,71.29,255981977.0,1785702986925.0,203399004884050.0
2003-04-28,72.41,1.0,0.34,0.0046999999999999,71.14,72.96,70.74,228582761.0,1372993117750.0,204354856165030.0
2003-04-29,76.15,1.0,3.74,0.0516999999999999,73.92,76.39,73.71,227189740.0,1726995061295.0,214919929733125.0
2003-04-30,76.45,1.0,0.3,0.0039,76.11,77.08,75.57,204538681.0,1521214663375.0,215786479539295.0
2003-05-02,76.12,2.0,-0.33,-0.0043,76.57,76.87,74.15,172650915.0,1487581621050.0,214857686509730.0
2003-05-06,77.01,1.0,0.89,0.0116999999999999,76.86,77.76,76.71,246122402.0,1741498067500.0,217358664052985.0
2003-05-07,78.85,1.0,1.84,0.0239,77.87,78.9,77.3,213406481.0,2062626566360.0,222560588007245.0
2003-05-09,78.9,1.0,0.05,0.0006,78.04,78.94,77.53,299780717.0,1857586846005.0,221700264719570.0
2003-05-12,80.45,1.0,1.55,0.0196,80.58,81.33,80.33,315641669.0,2428696402485.0,226069772832895.0
2003-05-13,78.19,2.0,-2.26,-0.0281,80.5,80.84,78.07,264525367.0,1866426326475.0,219732826479925.0
2003-05-14,77.57,2.0,-0.62,-0.0079,77.7,78.52,77.04,193302615.0,1412983463450.0,217991892708450.0
2003-05-15,78.8,1.0,1.23,0.0159,78.05,78.97,76.97,325499342.0,1850726270295.0,221443263543410.0
2003-05-16,77.56,2.0,-1.24,-0.0157,78.73,79.17,77.16,207192294.0,1539179912250.0,217998840111385.0
2003-05-19,75.63,2.0,-1.93,-0.0249,76.61,76.61,75.14,158981394.0,1306217427130.0,212587954368355.0
2003-05-20,76.4,1.0,0.77,0.0102,74.27,76.41,74.09,184137408.0,1360416264215.0,214751780029200.0
2003-05-21,76.16,2.0,-0.24,-0.0031,76.06,76.52,75.58,189905318.0,1320836952870.0,214066284646335.0
2003-05-22,75.43,2.0,-0.73,-0.0096,75.92,77.13,74.9,174835745.0,1459033072010.0,211788322211730.0
2003-05-23,77.56,1.0,2.13,0.0282,76.38,77.65,76.16,192735237.0,1448275057250.0,217838505900850.0
2003-05-26,78.39,1.0,0.83,0.0107,77.47,78.96,77.03,224189508.0,1688855886715.0,220169297305830.0
2003-05-27,77.94,2.0,-0.45,-0.0056999999999999,78.66,78.68,77.24,207127976.0,1332196621285.0,218867062074900.0
2003-05-28,79.82,1.0,1.88,0.0241,79.91,80.15,79.02,293067986.0,2312974028275.0,224081260820980.0
2003-05-29,80.4,1.0,0.58,0.0073,79.25,80.9,79.13,211523031.0,1887251557165.0,225684531513570.0
2003-05-30,80.53,1.0,0.13,0.0016,80.34,80.85,79.61,195138408.0,1737189598810.0,226043481419765.0
2003-06-02,82.55,1.0,2.02,0.0250999999999999,81.92,82.67,81.73,271327359.0,2342241282970.0,231721265579920.0
2003-06-03,80.95,2.0,-1.6,-0.0194,81.57,81.83,80.5,207354980.0,1807086475755.0,227222954790370.0
2003-06-04,81.4,1.0,0.45,0.0056,81.63,81.68,80.32,189972576.0,1458330890520.0,228505203783400.0
2003-06-05,81.74,1.0,0.34,0.0042,82.38,82.46,81.62,214105779.0,1781771098150.0,229495049558415.0
2003-06-09,82.86,1.0,1.12,0.0137,81.5,83.0,81.21,147512748.0,1479204645445.0,232670086463920.0
2003-06-10,82.77,2.0,-0.09,-0.0011,82.2,83.21,82.02,148777934.0,1397489661130.0,232419485152610.0
2003-06-11,82.93,1.0,0.16,0.0019,83.03,83.86,82.79,171717547.0,1683391681250.0,232837669360915.0
2003-06-12,83.82,1.0,0.89,0.0107,83.86,84.36,83.24,308009482.0,2510425951230.0,235306500571065.0
2003-06-13,84.79,1.0,0.97,0.0116,84.49,85.48,83.54,271039306.0,2334454693925.0,241008336868645.0
2003-06-16,83.72,2.0,-1.07,-0.0126,84.28,84.57,83.44,211225957.0,1682207350320.0,237979250394455.0
2003-06-17,85.92,1.0,2.2,0.0263,85.82,86.29,85.39,384264525.0,3190946046435.0,244169750995985.0
2003-06-18,86.04,1.0,0.12,0.0014,85.76,86.8,85.59,289365116.0,2366148864570.0,244519124517625.0
2003-06-19,88.11,1.0,2.07,0.0241,86.75,88.12,86.52,310864496.0,2762801313430.0,250452680967070.0
2003-06-20,87.55,2.0,-0.56,-0.0064,87.27,88.16,87.22,295841474.0,2552165151870.0,248870720718490.0
2003-06-23,86.06,2.0,-1.49,-0.017,87.5,87.58,85.84,209954530.0,1840356203485.0,244635817878745.0
2003-06-24,84.67,2.0,-1.39,-0.0162,84.71,84.9,84.12,182916833.0,1567930228475.0,240692580012715.0
2003-06-25,86.04,1.0,1.37,0.0162,84.99,86.16,84.92,219599795.0,1674481775465.0,244530860116335.0
2003-06-26,86.37,1.0,0.33,0.0038,85.32,86.88,85.23,194011184.0,1502781269835.0,245335631776035.0
2003-06-27,86.53,1.0,0.16,0.0019,87.22,87.77,86.31,163677496.0,1588205867505.0,245824831030445.0
2003-06-30,85.47,2.0,-1.06,-0.0123,86.04,86.2,85.1,130954814.0,1121083611770.0,242856281367465.0
2003-07-01,86.15,1.0,0.68,0.008,84.99,86.15,84.56,117532597.0,1028781649345.0,244765537520010.0
2003-07-02,87.61,1.0,1.46,0.0169,87.25,87.78,86.93,235004496.0,1941783943355.0,248916948859345.0
2003-07-03,87.73,1.0,0.12,0.0014,89.03,89.44,87.47,281580564.0,2644630814045.0,250227813719150.0
2003-07-04,88.59,1.0,0.86,0.0098,87.75,88.7,87.43,162844192.0,1439120933900.0,252675772013620.0
2003-07-07,90.07,1.0,1.48,0.0167,89.4,90.08,89.06,208444488.0,1971818839380.0,256900059556845.0
2003-07-08,90.69,1.0,0.62,0.0069,91.58,91.58,90.36,270498117.0,2961753781235.0,258571422972780.0
2003-07-09,90.28,2.0,-0.41,-0.0045,90.66,90.91,90.12,163408717.0,1721005816675.0,257417428640485.0
2003-07-10,89.61,2.0,-0.67,-0.0074,89.74,90.93,89.61,217149085.0,1815540553805.0,255508498815140.0
2003-07-11,90.15,1.0,0.54,0.006,88.79,90.21,88.42,182271202.0,1555258936540.0,257034799819795.0
2003-07-14,92.32,1.0,2.17,0.0241,90.81,92.39,90.29,230045251.0,2365874401425.0,263223225368690.0
2003-07-15,91.41,2.0,-0.91,-0.0098999999999999,92.65,92.84,91.23,288437387.0,2491111354185.0,260771422702280.0
2003-07-16,91.9,1.0,0.49,0.0054,92.4,92.65,90.9,204052334.0,2108128254675.0,262184051685295.0
2003-07-18,89.63,2.0,-2.27,-0.0247,89.75,90.69,89.41,188372781.0,1741620681200.0,255494577324765.0
2003-07-21,88.88,2.0,-0.75,-0.0084,89.6,90.07,88.68,275960436.0,1507617264025.0,253364801019495.0
2003-07-22,89.8,1.0,0.92,0.0104,88.63,89.88,88.63,230606310.0,1725027843305.0,255989309967840.0
2003-07-23,89.21,2.0,-0.59,-0.0066,90.2,90.34,88.85,202917807.0,1667710440600.0,254304660694090.0
2003-07-24,90.11,1.0,0.9,0.0101,88.84,90.47,88.45,205977258.0,1648320057045.0,256846396357430.0
2003-07-25,90.34,1.0,0.23,0.0026,89.5,90.41,89.22,185053701.0,1550467342840.0,257515315146540.0
2003-07-28,92.06,1.0,1.72,0.019,91.7,92.22,91.55,194846992.0,1766784475635.0,262420648047880.0
2003-07-29,92.73,1.0,0.67,0.0073,92.12,92.75,91.72,191984084.0,1696016687280.0,264328244310380.0
2003-07-30,91.56,2.0,-1.17,-0.0126,92.59,92.94,91.55,170083756.0,1516887501240.0,260982348056560.0
2003-07-31,91.52,2.0,-0.04,-0.0004,91.91,92.19,91.05,130721923.0,1198880526780.0,260860591008265.0
2003-08-01,93.46,1.0,1.94,0.0212,92.23,93.63,92.15,222871601.0,1888430909735.0,266401182982625.0
2003-08-04,92.31,2.0,-1.15,-0.0123,92.45,93.08,92.14,171027652.0,1298651539000.0,263135496848015.0
2003-08-05,92.76,1.0,0.45,0.0049,92.94,93.38,92.61,187055197.0,1662850756470.0,264410157516210.0
2003-08-06,90.84,2.0,-1.92,-0.0207,91.27,91.6,90.57,188165399.0,1630446758695.0,258939122245565.0
2003-08-07,91.06,1.0,0.22,0.0024,91.05,91.08,90.18,165877159.0,1422689219995.0,259560618731860.0
2003-08-08,90.24,2.0,-0.82,-0.009,91.12,91.35,90.24,175132510.0,1279016704815.0,257210910594570.0
2003-08-11,90.39,1.0,0.15,0.0017,89.73,90.39,88.84,164569745.0,1280531204515.0,257601156992385.0
2003-08-12,89.92,2.0,-0.47,-0.0052,90.71,90.86,89.73,172242558.0,1411105493890.0,256267805428850.0
2003-08-13,91.46,1.0,1.54,0.0171,90.5,91.57,90.38,166965725.0,1512701393495.0,260681041630800.0
2003-08-14,93.38,1.0,1.92,0.021,91.58,93.38,91.48,224659577.0,2046820839530.0,266143781551860.0
2003-08-18,93.73,1.0,0.35,0.0037,93.58,94.39,93.38,210549215.0,1980033048960.0,267131532874840.0
2003-08-19,95.2,1.0,1.47,0.0157,95.81,95.83,94.9,240198356.0,2489333880810.0,271313052264380.0
2003-08-20,94.87,2.0,-0.33,-0.0034999999999999,95.23,95.88,94.79,214606634.0,2219517040625.0,270377145190520.0
2003-08-21,97.18,1.0,2.31,0.0243,95.48,97.18,95.48,254569140.0,2611443771995.0,276974882091870.0
2003-08-22,97.23,1.0,0.05,0.0005,97.22,97.81,96.79,234982522.0,2509134392730.0,277111871959945.0
2003-08-25,97.45,1.0,0.22,0.0023,97.13,98.02,96.87,180139833.0,1683484848575.0,277243257585440.0
2003-08-26,96.91,2.0,-0.54,-0.0055,97.1,97.26,96.38,156982869.0,1487453517130.0,275736817942060.0
2003-08-27,97.64,1.0,0.73,0.0075,97.53,98.32,97.28,219282629.0,2069868469050.0,277809273533620.0
2003-08-28,96.71,2.0,-0.93,-0.0095,98.23,98.47,96.27,201099543.0,1951006435415.0,275155548958885.0
2003-08-29,97.59,1.0,0.88,0.0091,97.22,97.68,95.91,158789612.0,1807893868735.0,277673680171385.0
2003-09-01,98.23,1.0,0.64,0.0066,98.07,98.4,97.55,173895614.0,1731804277660.0,279473827768490.0
2003-09-02,98.54,1.0,0.31,0.0032,98.8,98.86,98.12,239486753.0,2327547862725.0,280375849442755.0
2003-09-03,98.53,2.0,-0.01,-0.0001,99.1,99.21,98.1,186667608.0,2159998069750.0,280300818063080.0
2003-09-04,98.26,2.0,-0.27,-0.0027,98.75,99.02,98.22,159444954.0,1763828742160.0,279538922811245.0
2003-09-05,97.93,2.0,-0.33,-0.0034,98.58,98.94,97.69,156957483.0,1654616056190.0,278583379211955.0
2003-09-08,97.89,2.0,-0.04,-0.0004,97.7,98.06,97.24,108898945.0,1257797410205.0,278458296899735.0
2003-09-09,98.87,1.0,0.98,0.01,98.35,100.06,98.35,158566989.0,2242255491165.0,281263140707180.0
2003-09-15,96.94,2.0,-1.93,-0.0195,98.52,98.85,96.94,134070694.0,1622259954690.0,275780640186185.0
2003-09-16,98.25,1.0,1.31,0.0135,96.71,98.32,96.65,125011500.0,1426233505390.0,279499578152920.0
2003-09-17,98.7,1.0,0.45,0.0046,99.32,99.45,98.39,139303141.0,1772371899495.0,280792897527530.0
2003-09-18,97.53,2.0,-1.17,-0.0118999999999999,98.94,99.02,97.33,132663099.0,1531921793605.0,277459137475175.0
2003-09-19,96.13,2.0,-1.4,-0.0144,98.57,98.68,95.72,137021748.0,1785361375290.0,273488384493045.0
2003-09-22,91.78,2.0,-4.35,-0.0453,95.24,95.27,91.75,142584494.0,1802006465135.0,261103409680515.0
2003-09-23,92.3,1.0,0.52,0.0056999999999999,91.7,92.44,90.2,149434270.0,1936142596025.0,262588848645680.0
2003-09-24,93.09,1.0,0.79,0.0086,92.61,93.2,91.86,132647556.0,1801115901230.0,264855894891355.0
2003-09-25,91.66,2.0,-1.43,-0.0154,90.84,91.8,89.73,169333515.0,1781346777630.0,260795971839550.0
2003-09-26,89.51,2.0,-2.15,-0.0235,90.34,91.36,89.46,159538775.0,1627542976970.0,254654346512270.0
2003-09-29,89.37,2.0,-0.14,-0.0016,89.47,89.73,88.25,124741166.0,1393217949890.0,254251014415455.0
2003-09-30,89.55,1.0,0.18,0.002,90.15,91.13,89.55,154985141.0,1660470022855.0,254780163222595.0
2003-10-01,90.63,1.0,1.08,0.0121,88.65,90.63,88.38,187217372.0,1558100047825.0,257856804116225.0
2003-10-02,92.05,1.0,1.42,0.0157,92.22,92.46,91.03,214687749.0,1893367752760.0,261975845569270.0
2003-10-06,93.06,1.0,1.01,0.011,93.17,93.57,92.54,159077645.0,1871113842570.0,264879588927200.0
2003-10-07,93.65,1.0,0.59,0.0063,93.32,93.69,92.96,146157299.0,1410292301710.0,266554447490005.0
2003-10-08,93.1,2.0,-0.55,-0.0059,94.19,94.24,92.89,108696109.0,1404704742700.0,264980369063410.0
2003-10-09,94.99,1.0,1.89,0.0203,93.16,94.99,93.11,301031851.0,2080175080630.0,270366192072205.0
2003-10-10,97.98,1.0,2.99,0.0315,94.81,98.24,94.81,222881588.0,2474774377715.0,278870396481760.0
2003-10-13,97.79,2.0,-0.19,-0.0019,97.52,98.83,96.48,222109314.0,1927589260365.0,278391832877110.0
2003-10-14,99.11,1.0,1.32,0.0135,98.65,99.86,98.63,232464359.0,2159408834975.0,282132432292405.0
2003-10-15,98.79,2.0,-0.32,-0.0032,99.74,99.98,98.2,208642750.0,1812983141440.0,281565181275080.0
2003-10-16,100.56,1.0,1.77,0.0179,98.07,100.56,97.91,269861823.0,2546048598395.0,286605464873380.0
2003-10-17,99.33,2.0,-1.23,-0.0121999999999999,100.56,101.44,99.33,295151087.0,2395840042610.0,283104401596785.0
2003-10-20,100.58,1.0,1.25,0.0126,99.17,100.81,99.01,211186604.0,1732162452310.0,286676833553530.0
2003-10-21,101.04,1.0,0.46,0.0046,101.12,101.74,100.05,184195592.0,1991169584049.0,287981284018920.0
2003-10-22,100.99,2.0,-0.05,-0.0005,101.11,101.66,100.09,194194397.0,2091074960490.0,287802356984530.0
2003-10-23,97.59,2.0,-3.4,-0.0337,98.94,99.47,97.03,179031561.0,1940231181935.0,278152755833420.0
2003-10-24,96.74,2.0,-0.85,-0.0087,97.31,98.28,96.09,137904521.0,1507084623505.0,275740576955855.0
2003-10-27,98.62,1.0,1.88,0.0194,97.41,98.62,97.07,138704316.0,1378773711690.0,280857760747070.0
2003-10-28,100.53,1.0,1.91,0.0194,98.47,101.52,98.32,207535601.0,2277741119320.0,286298161942125.0
2003-10-29,101.1,1.0,0.57,0.0056999999999999,102.2,103.02,101.1,219206627.0,2345272785405.0,287899698026645.0
2003-10-30,101.98,1.0,0.88,0.0087,101.79,102.25,100.92,174797909.0,1642354149665.0,290416688177545.0
2003-10-31,101.44,2.0,-0.54,-0.0053,102.25,102.48,100.51,166236930.0,1822506965975.0,288883975974830.0
2003-11-03,102.74,1.0,1.3,0.0128,101.55,102.97,100.83,173940008.0,1704561736835.0,293901471916415.0
2003-11-04,103.29,1.0,0.55,0.0054,103.81,104.13,102.62,245136351.0,2825837068530.0,295482721768520.0
2003-11-05,104.56,1.0,1.27,0.0123,103.29,104.74,102.99,219372972.0,2859714195230.0,299135195481600.0
2003-11-06,102.36,2.0,-2.2,-0.021,105.09,105.37,102.36,315067450.0,3153327896965.0,292859008195505.0
2003-11-07,104.23,1.0,1.87,0.0183,103.22,104.23,102.32,219278794.0,2070640778430.0,298226891349345.0
2003-11-10,103.16,2.0,-1.07,-0.0103,103.81,103.99,102.09,238403874.0,2143220907180.0,295180033004890.0
2003-11-11,102.02,2.0,-1.14,-0.0111,102.1,102.34,101.22,228960207.0,2120223332820.0,291915661436240.0
2003-11-12,103.41,1.0,1.39,0.0136,102.08,103.6,101.8,235376996.0,1838915430950.0,295881918051025.0
2003-11-13,105.89,1.0,2.48,0.024,104.72,105.89,104.5,206841641.0,2267267701505.0,302993430893340.0
2003-11-14,105.35,2.0,-0.54,-0.0051,105.45,106.54,105.16,236712723.0,2160072905230.0,301286812233295.0
2003-11-17,103.21,2.0,-2.14,-0.0203,104.46,104.49,102.6,163219666.0,1741973447990.0,295198121978205.0
2003-11-18,104.11,1.0,0.9,0.0087,103.22,104.15,102.27,300376060.0,1898966796360.0,298637123437835.0
2003-11-19,100.17,2.0,-3.94,-0.0378,102.0,102.0,99.83,234177451.0,2469703909170.0,287344527912175.0
2003-11-20,99.8,2.0,-0.37,-0.0037,100.6,100.98,99.0,217286704.0,2002712263510.0,286311696707665.0
2003-11-21,99.94,1.0,0.14,0.0014,99.08,100.99,98.8,215278131.0,1913034837620.0,286713934360310.0
2003-11-24,97.61,2.0,-2.33,-0.0233,99.3,99.85,97.48,217847389.0,1645702589450.0,280048859157445.0
2003-11-25,99.71,1.0,2.1,0.0215,99.6,99.99,98.83,205012721.0,1633710375995.0,286114080501130.0
2003-11-26,101.6,1.0,1.89,0.019,99.95,101.78,99.85,218440288.0,1750028612790.0,291577777455725.0
2003-11-27,101.6,3.0,0.0,0.0,101.63,101.93,100.81,201170205.0,1567016073730.0,291591936993815.0
2003-11-28,103.61,1.0,2.01,0.0197999999999999,101.9,103.66,101.9,292398933.0,2057331986595.0,297333766315155.0
2003-12-01,104.9,1.0,1.29,0.0125,103.58,105.52,102.79,270754513.0,2044701136300.0,300956095739600.0
2003-12-02,104.86,2.0,-0.04,-0.0004,105.67,105.72,104.63,228789604.0,1899466150405.0,300825158288570.0
2003-12-03,104.79,2.0,-0.07,-0.0007,104.7,105.87,103.85,201798908.0,1959320912820.0,300628066340060.0
2003-12-04,103.99,2.0,-0.8,-0.0076,104.28,104.88,103.61,235573239.0,1865455066500.0,298334887564410.0
2003-12-05,101.87,2.0,-2.12,-0.0204,103.55,103.58,101.87,184035800.0,1700889077625.0,292201551533000.0
2003-12-08,101.3,2.0,-0.57,-0.0056,100.55,102.26,100.17,140828330.0,1452735981745.0,290607113530050.0
2003-12-09,101.64,1.0,0.34,0.0034,102.04,102.39,101.29,176490075.0,1295720162005.0,291574406201925.0
2003-12-10,102.69,1.0,1.05,0.0103,99.91,102.69,99.83,192066915.0,2211219322215.0,294571144765915.0
2003-12-11,102.12,2.0,-0.57,-0.0056,103.0,104.25,102.12,217990028.0,2769503365980.0,292921405072715.0
2003-12-12,104.32,1.0,2.2,0.0215,104.2,104.83,103.54,220426466.0,2317464320440.0,299255402684930.0
2003-12-15,106.48,1.0,2.16,0.0207,106.37,106.83,105.56,192345393.0,2095309960350.0,305222488895960.0
2003-12-16,104.76,2.0,-1.72,-0.0162,104.41,105.72,104.04,265809237.0,2492845801615.0,300338673453500.0
2003-12-17,103.05,2.0,-1.71,-0.0163,105.56,105.6,103.05,276801965.0,3538314350885.0,295444695098075.0
2003-12-18,104.45,1.0,1.4,0.0136,103.5,104.49,102.81,223929791.0,2312526340670.0,299459469093695.0
2003-12-19,105.04,1.0,0.59,0.0056,105.51,105.82,104.74,229496889.0,2180144252645.0,301139087500555.0
2003-12-22,104.16,2.0,-0.88,-0.0084,104.85,105.57,104.16,142356461.0,1597027589995.0,298631780848295.0
2003-12-23,103.89,2.0,-0.27,-0.0026,104.89,105.31,103.87,175212135.0,1628285195430.0,297887396434700.0
2003-12-24,102.77,2.0,-1.12,-0.0108,104.8,104.83,102.75,257921382.0,2113294502765.0,295448038595840.0
2003-12-26,102.43,2.0,-0.34,-0.0033,102.72,103.17,102.03,225459034.0,1592808676377.0,294628848706170.0
2003-12-29,102.79,1.0,0.36,0.0034999999999999,101.23,102.94,101.22,122536815.0,1216535356120.0,295448597160015.0
2003-12-30,105.21,1.0,2.42,0.0235,104.19,105.45,103.78,184155542.0,1634161262985.0,302572264817810.0
2004-01-02,106.65,1.0,1.44,0.0137,105.9,106.77,105.63,154333277.0,1560869013200.0,306663838027855.0
2004-01-05,107.07,1.0,0.42,0.0039,106.01,107.23,105.96,158919569.0,1705932369455.0,307857626280335.0
2004-01-06,106.9,2.0,-0.17,-0.0016,108.02,108.02,106.41,224619538.0,2102077908490.0,307383557911790.0
2004-01-07,107.54,1.0,0.64,0.006,107.29,108.02,107.15,183344843.0,1774275824745.0,309268428294125.0
2004-01-08,107.2,2.0,-0.34,-0.0032,108.14,109.31,107.2,236557460.0,2909535033405.0,308272728413075.0
2004-01-09,110.26,1.0,3.06,0.0285,108.79,110.89,108.75,298060862.0,3535352562610.0,317098471720050.0
2004-01-12,111.1,1.0,0.84,0.0076,110.05,111.54,109.6,244771343.0,2600539225350.0,319522044659180.0
2004-01-13,110.71,2.0,-0.39,-0.0034999999999999,111.69,111.69,110.18,144120706.0,1960607944230.0,318400689882985.0
2004-01-14,110.98,1.0,0.27,0.0024,110.56,111.73,110.14,154740035.0,2131607051670.0,319125875808710.0
2004-01-15,110.34,2.0,-0.64,-0.0058,110.85,111.24,109.82,128530218.0,2006285568655.0,317460142360510.0
2004-01-16,110.63,1.0,0.29,0.0026,111.48,111.58,110.25,120597814.0,1789440909550.0,318394553182790.0
2004-01-19,111.96,1.0,1.33,0.012,111.56,112.29,111.13,162940218.0,1738683062825.0,322246615166365.0
2004-01-20,112.63,1.0,0.67,0.006,111.57,113.08,111.49,125031558.0,1794117349250.0,324165649784375.0
2004-01-26,113.68,1.0,1.05,0.0093,113.51,114.12,112.73,304741154.0,2863175598525.0,327214299798955.0
2004-01-27,113.02,2.0,-0.66,-0.0058,114.27,114.27,112.68,213784609.0,2340283093330.0,325295968881640.0
2004-01-28,112.59,2.0,-0.43,-0.0038,112.58,113.9,112.44,201674731.0,2467422380120.0,324081037897480.0
2004-01-29,111.66,2.0,-0.93,-0.0083,111.46,111.84,110.93,148935527.0,1953921609915.0,321466488415285.0
2004-01-30,110.89,2.0,-0.77,-0.0069,111.72,112.41,110.54,131806522.0,1945942314880.0,319260965669410.0
2004-02-02,111.68,1.0,0.79,0.0070999999999999,111.16,111.73,110.76,146902385.0,1420720531205.0,321523373500775.0
2004-02-03,109.61,2.0,-2.07,-0.0185,111.37,111.37,109.32,193340604.0,2083125205225.0,315632961407310.0
2004-02-04,108.96,2.0,-0.65,-0.0059,109.48,109.96,108.83,145549071.0,1721622153280.0,313771688449580.0
2004-02-05,109.77,1.0,0.81,0.0074,108.97,109.89,108.81,332627972.0,2108360193240.0,316107893257295.0
2004-02-06,111.16,1.0,1.39,0.0127,109.98,111.61,109.57,304826666.0,2397987485965.0,320105321410480.0
2004-02-09,113.18,1.0,2.02,0.0182,112.62,113.51,112.47,211108697.0,2051334586055.0,325784786798990.0
2004-02-10,113.46,1.0,0.28,0.0025,113.33,113.84,112.9,194958736.0,1900398479935.0,326607103592990.0
2004-02-11,114.92,1.0,1.46,0.0129,113.98,115.12,113.92,219902713.0,2388235212695.0,330805987005950.0
2004-02-12,115.2,1.0,0.28,0.0024,115.67,115.72,114.39,204307923.0,2370077466740.0,330421182001090.0
2004-02-13,115.75,1.0,0.55,0.0048,114.91,115.95,114.07,140214821.0,1926865754990.0,331987995888865.0
2004-02-16,115.63,2.0,-0.12,-0.001,115.29,116.22,114.94,184303575.0,2008189421835.0,331638552451585.0
2004-02-17,116.03,1.0,0.4,0.0034999999999999,115.99,116.65,115.5,153437198.0,1793188020705.0,332809925316995.0
2004-02-18,114.87,2.0,-1.16,-0.01,116.67,116.85,114.87,123895669.0,1783986081700.0,329470674611115.0
2004-02-19,115.65,1.0,0.78,0.0068,115.33,116.03,114.61,304929013.0,2276915698205.0,332141570022320.0
2004-02-20,115.03,2.0,-0.62,-0.0054,114.83,115.32,114.35,155647500.0,1615583987990.0,330352451101530.0
2004-02-23,115.05,1.0,0.02,0.0002,114.67,115.62,113.7,125663818.0,1685133125735.0,330428435838900.0
2004-02-24,113.32,2.0,-1.73,-0.015,114.33,115.0,113.29,212197799.0,1886132577320.0,325458270057295.0
2004-02-25,113.63,1.0,0.31,0.0027,113.41,114.08,113.09,156967858.0,1724333357583.0,326323664980665.0
2004-02-26,113.44,2.0,-0.19,-0.0017,114.09,114.49,112.97,266311013.0,1715396876120.0,325794187563400.0
2004-02-27,115.92,1.0,2.48,0.0219,113.5,115.92,112.96,203252102.0,2049832012509.0,333121490482705.0
2004-03-02,118.07,1.0,2.15,0.0185,117.22,118.21,117.2,207200117.0,2704132254025.0,339299624116675.0
2004-03-03,117.57,2.0,-0.5,-0.0042,117.8,118.28,117.57,245136647.0,2699352124870.0,337858819950770.0
2004-03-04,119.28,1.0,1.71,0.0144999999999999,117.89,119.46,117.72,284004763.0,2675314617250.0,342761067983640.0
2004-03-05,118.88,2.0,-0.4,-0.0034,119.19,119.47,118.76,238420756.0,2523246190120.0,341612451140225.0
2004-03-08,118.1,2.0,-0.78,-0.0066,119.37,119.64,117.98,198194983.0,2130688944135.0,339393100747780.0
2004-03-09,116.82,2.0,-1.28,-0.0108,116.86,117.23,116.48,177734935.0,1733463912955.0,335694912831970.0
2004-03-10,114.74,2.0,-2.08,-0.0178,116.23,116.63,114.5,181394889.0,1885072482880.0,329738607986220.0
2004-03-11,113.87,2.0,-0.87,-0.0076,113.86,115.11,113.41,247425564.0,3001053544190.0,327233093533725.0
2004-03-12,111.23,2.0,-2.64,-0.0232,113.48,113.57,107.87,247394239.0,3113578775750.0,319627021702840.0
2004-03-15,111.63,1.0,0.4,0.0036,112.23,112.53,111.15,135234911.0,1521439480000.0,320773869914870.0
2004-03-16,111.49,2.0,-0.14,-0.0013,110.64,111.49,109.82,149267929.0,1665975215740.0,320440575477395.0
2004-03-17,114.55,1.0,3.06,0.0274,112.54,114.61,112.41,173780364.0,1916655364865.0,329226878321240.0
2004-03-18,114.55,3.0,0.0,0.0,115.45,115.5,113.98,175540685.0,1878616538970.0,329246899206390.0
2004-03-19,116.02,1.0,1.47,0.0128,114.76,116.02,113.99,137657548.0,1558101042975.0,333469143160765.0
2004-03-22,113.31,2.0,-2.71,-0.0233999999999999,115.37,115.7,113.14,128374418.0,1619556035920.0,325688790747995.0
2004-03-23,113.72,1.0,0.41,0.0036,112.14,114.15,111.43,120503075.0,1610841342730.0,326847153710070.0
2004-03-24,113.18,2.0,-0.54,-0.0046999999999999,112.89,113.88,112.33,113891042.0,1364934966510.0,325298662344875.0
2004-03-25,112.16,2.0,-1.02,-0.009,113.29,114.19,111.58,133823505.0,1762215250925.0,322390567047190.0
2004-03-26,113.64,1.0,1.48,0.0132,113.89,114.93,113.28,117960811.0,2054518829471.0,326636381114690.0
2004-03-29,115.1,1.0,1.46,0.0128,114.2,115.64,114.06,108511379.0,1489934654490.0,331051878255690.0
2004-03-30,114.98,2.0,-0.12,-0.001,115.78,115.78,114.64,98697960.0,1465135532705.0,330711584013165.0
2004-03-31,115.98,1.0,1.0,0.0087,116.21,116.48,114.28,154565377.0,1844485079530.0,331702600043600.0
2004-04-01,116.34,1.0,0.36,0.0031,115.75,116.43,115.27,131652754.0,1665653303920.0,332741329142470.0
2004-04-02,116.35,1.0,0.01,0.0001,116.8,117.33,116.32,131222769.0,1793634327815.0,332788097789595.0
2004-04-06,119.57,1.0,3.22,0.0277,118.58,119.59,118.39,188406870.0,2881758978085.0,341991282221390.0
2004-04-07,120.05,1.0,0.48,0.004,119.61,120.84,119.13,217189716.0,2415531137789.0,343943283893145.0
2004-04-08,121.04,1.0,0.99,0.0081999999999999,120.53,121.04,119.77,170215190.0,2110610585175.0,346782924489870.0
2004-04-09,119.27,2.0,-1.77,-0.0146,120.1,120.1,118.66,139053813.0,1539642329805.0,341710958491950.0
2004-04-12,120.99,1.0,1.72,0.0144,119.19,122.04,119.19,130675676.0,1769833157335.0,346514923347715.0
2004-04-13,120.65,2.0,-0.34,-0.0028,121.79,122.11,120.47,154416944.0,2090657935420.0,345544790396170.0
2004-04-14,120.59,2.0,-0.06,-0.0005,119.56,120.86,119.2,129787296.0,2130719187085.0,345368285739880.0
2004-04-16,117.97,2.0,-2.62,-0.0217,118.8,119.32,117.82,164336394.0,3459779618715.0,337861719417050.0
2004-04-19,118.49,1.0,0.52,0.0044,118.22,118.49,116.89,117880199.0,1928696591960.0,339404195517750.0
2004-04-20,120.6,1.0,2.11,0.0178,119.57,120.64,118.49,140985674.0,2216702699695.0,345459434102535.0
2004-04-21,121.93,1.0,1.33,0.011,119.35,122.13,119.35,136347187.0,2530185237250.0,349246857450490.0
2004-04-22,120.76,2.0,-1.17,-0.0096,122.01,122.19,120.46,197331641.0,2527802712990.0,345930838368675.0
2004-04-23,122.44,1.0,1.68,0.0139,122.52,122.66,121.26,175587190.0,2535980904985.0,350765083383950.0
2004-04-26,120.3,2.0,-2.14,-0.0175,122.17,122.2,120.23,153797437.0,2099644814630.0,344810175751185.0
2004-04-27,119.7,2.0,-0.6,-0.005,120.11,120.62,119.3,129072338.0,1982754692860.0,343135852906980.0
2004-04-28,117.48,2.0,-2.22,-0.0185,119.95,120.26,117.48,131893958.0,2037472364060.0,336755680624040.0
2004-04-29,114.01,2.0,-3.47,-0.0295,115.91,116.74,113.7,159773069.0,2778315545415.0,326785861054725.0
2004-04-30,112.4,2.0,-1.61,-0.0141,113.05,113.92,110.95,160031708.0,3058807407465.0,322162787407170.0
2004-05-03,112.84,1.0,0.44,0.0039,112.47,113.13,111.59,114226685.0,1755265200565.0,323425119844200.0
2004-05-04,112.92,1.0,0.08,0.0007,113.47,114.2,112.66,144189768.0,2230378674755.0,323664512679495.0
2004-05-06,108.97,2.0,-3.95,-0.035,112.44,112.53,108.84,147491384.0,2507640334575.0,312332492285100.0
2004-05-07,109.38,1.0,0.41,0.0038,109.03,109.98,106.72,152505855.0,2500980325225.0,313502212567845.0
2004-05-10,102.94,2.0,-6.44,-0.0588999999999999,108.47,108.49,100.31,166455043.0,2515844190235.0,294894263251245.0
2004-05-11,102.73,2.0,-0.21,-0.002,102.85,104.39,101.03,145676676.0,2268428393234.0,294304047268490.0
2004-05-12,106.05,1.0,3.32,0.0323,104.11,106.59,103.79,146947443.0,2259173795300.0,303812937457365.0
2004-05-13,102.14,2.0,-3.91,-0.0369,105.58,105.76,102.14,137258850.0,2084741238630.0,292551006049905.0
2004-05-14,99.11,2.0,-3.03,-0.0297,103.29,103.79,97.97,155605171.0,2500883219695.0,283892469038650.0
2004-05-17,94.05,2.0,-5.06,-0.0511,98.91,99.9,93.53,165898793.0,2371218795760.0,267945964813535.0
2004-05-18,96.09,1.0,2.04,0.0217,93.58,96.89,92.63,160820678.0,2377338148030.0,273764063311030.0
2004-05-19,100.92,1.0,4.83,0.0503,97.44,101.9,97.29,165409946.0,2270791071755.0,287555371883235.0
2004-05-20,99.66,2.0,-1.26,-0.0125,99.3,101.67,98.22,152774111.0,2200553859735.0,283964111540515.0
2004-05-21,102.13,1.0,2.47,0.0248,101.41,102.13,99.64,112409606.0,1532578750820.0,291000541828905.0
2004-05-24,103.68,1.0,1.55,0.0152,103.42,104.02,102.48,127831876.0,1605895143510.0,295432947796040.0
2004-05-25,101.64,2.0,-2.04,-0.0197,102.44,102.5,100.62,128857071.0,1537693724010.0,289625786854350.0
2004-05-27,104.09,1.0,2.45,0.0241,104.11,105.26,103.43,116786841.0,1790530483375.0,296592313326425.0
2004-05-28,105.82,1.0,1.73,0.0166,105.38,106.03,104.63,130430848.0,1901617254370.0,301511344773590.0
2004-05-31,104.14,2.0,-1.68,-0.0159,105.24,105.25,102.7,89126454.0,1309459602190.0,296734932681170.0
2004-06-01,105.74,1.0,1.6,0.0154,104.72,105.96,104.21,107926870.0,1271985192145.0,301299677944945.0
2004-06-02,104.06,2.0,-1.68,-0.0159,104.72,105.07,103.11,107173778.0,1396543586855.0,296398970288910.0
2004-06-03,99.51,2.0,-4.55,-0.0437,104.93,105.17,99.51,157668767.0,2043768237390.0,283439254712275.0
2004-06-04,100.95,1.0,1.44,0.0144999999999999,99.91,101.14,98.83,145301633.0,1639233508875.0,287546148090785.0
2004-06-07,105.02,1.0,4.07,0.0403,101.99,105.02,101.97,127861571.0,1715786047705.0,299112343572400.0
2004-06-08,104.73,2.0,-0.29,-0.0028,106.02,106.52,104.16,136423241.0,1427012831835.0,298295977104165.0
2004-06-09,102.59,2.0,-2.14,-0.0204,105.81,106.36,102.53,138450402.0,1654238715585.0,292191241034580.0
2004-06-10,100.58,2.0,-2.01,-0.0196,101.34,102.41,100.0,147333185.0,2257339122970.0,286477246412890.0
2004-06-11,96.39,2.0,-4.19,-0.0417,100.28,100.29,95.93,244028876.0,2313581200425.0,289629955904520.0
2004-06-14,94.9,2.0,-1.49,-0.0155,95.43,97.87,94.7,187290622.0,1721762719245.0,285351106379215.0
2004-06-15,96.78,1.0,1.88,0.0197999999999999,96.19,96.82,93.52,274269826.0,1762081536765.0,290981076876125.0
2004-06-16,96.84,1.0,0.06,0.0006,97.4,99.23,96.04,196521890.0,1611872600365.0,291157027593345.0
2004-06-17,98.02,1.0,1.18,0.0121999999999999,97.52,98.02,95.6,197999033.0,1620560820695.0,294706963357695.0
2004-06-18,95.74,2.0,-2.28,-0.0233,96.89,97.21,94.46,216533104.0,1500446831590.0,287866358079210.0
2004-06-21,96.8,1.0,1.06,0.0111,96.24,98.01,96.02,195566601.0,1419274254705.0,291044959765755.0
2004-06-22,96.48,2.0,-0.32,-0.0033,96.12,96.86,94.53,167683365.0,1243075290725.0,290099759870015.0
2004-06-23,95.56,2.0,-0.92,-0.0095,97.48,97.81,95.32,183501490.0,1608741383275.0,287335721482440.0
2004-06-24,98.85,1.0,3.29,0.0344,97.5,98.88,96.8,201958542.0,1777437138110.0,297226603238890.0
2004-06-25,101.08,1.0,2.23,0.0226,98.88,101.21,98.52,176164368.0,1958452360945.0,303932654173965.0
2004-06-28,99.85,2.0,-1.23,-0.0121999999999999,100.88,101.22,98.91,116356206.0,1317655145940.0,300231750979070.0
2004-06-29,100.81,1.0,0.96,0.0096,99.29,101.05,98.82,140545386.0,1261284666745.0,302802788217210.0
2004-06-30,101.85,1.0,1.04,0.0103,101.37,102.1,100.7,192649212.0,1566818069535.0,305949271107170.0
2004-07-01,100.8,2.0,-1.05,-0.0103,101.68,102.81,100.55,116624056.0,1442865973720.0,302774566665500.0
2004-07-02,97.75,2.0,-3.05,-0.0302999999999999,98.97,99.0,97.59,252290509.0,1378617485255.0,293929493893985.0
2004-07-05,97.91,1.0,0.16,0.0016,97.68,98.23,96.24,228395036.0,1030353693080.0,294412130614735.0
2004-07-06,98.19,1.0,0.28,0.0029,97.43,98.92,97.15,233016418.0,975701373625.0,295234321625090.0
2004-07-07,98.46,1.0,0.27,0.0027,95.96,98.47,95.06,227332997.0,1271067282155.0,296059267253780.0
2004-07-08,95.78,2.0,-2.68,-0.0272,97.32,97.99,95.78,179123709.0,1708250357610.0,287930435455505.0
2004-07-09,96.51,1.0,0.73,0.0076,96.1,97.09,95.47,159439640.0,1219567244030.0,290136817778910.0
2004-07-12,96.45,2.0,-0.06,-0.0006,97.25,98.04,95.68,161204324.0,1224394319335.0,289952750608860.0
2004-07-13,97.11,1.0,0.66,0.0068,97.4,97.44,95.59,126995401.0,1230015378870.0,291926137004865.0
2004-07-14,95.09,2.0,-2.02,-0.0208,96.33,97.18,94.88,140608791.0,1239540820770.0,285860012577390.0
2004-07-15,94.64,2.0,-0.45,-0.0046999999999999,95.0,95.47,93.0,133376429.0,1441789460420.0,284519973588480.0
2004-07-16,95.6,1.0,0.96,0.0101,94.05,95.81,92.62,118108193.0,1512623964335.0,287384416227595.0
2004-07-19,97.11,1.0,1.51,0.0158,94.4,97.11,94.26,104359542.0,1017900259165.0,291925770225065.0
2004-07-20,95.29,2.0,-1.82,-0.0187,95.97,96.42,95.29,93327066.0,1007414964940.0,286472616606810.0
2004-07-21,97.51,1.0,2.22,0.0233,97.16,97.93,96.75,125547801.0,1298138036205.0,293147901624395.0
2004-07-22,96.08,2.0,-1.43,-0.0147,95.55,96.34,94.79,214676198.0,1193086012575.0,288847580130135.0
2004-07-23,95.38,2.0,-0.7,-0.0073,96.07,96.18,94.83,137754169.0,1084190885630.0,286730947704620.0
2004-07-26,95.22,2.0,-0.16,-0.0017,94.36,95.62,94.3,109202049.0,795763353300.0,286239795323245.0
2004-07-27,95.66,1.0,0.44,0.0046,95.12,95.87,94.14,97772706.0,911477759576.0,287585944165785.0
2004-07-28,96.55,1.0,0.89,0.0093,96.82,97.11,95.93,164535337.0,1130543216305.0,290265113436300.0
2004-07-29,94.59,2.0,-1.96,-0.0203,96.32,96.32,94.57,116617820.0,922964751170.0,284375423043325.0
2004-07-30,95.27,1.0,0.68,0.0072,95.59,96.05,95.05,128464510.0,1130088986425.0,286401029400310.0
2004-08-02,93.19,2.0,-2.08,-0.0218,94.66,94.66,93.19,86749234.0,1026538203860.0,280146545242080.0
2004-08-03,94.21,1.0,1.02,0.0109,94.26,94.42,93.7,104109036.0,954779775820.0,283213372820110.0
2004-08-04,94.59,1.0,0.38,0.004,93.27,94.59,92.49,93749477.0,1110741056625.0,284353433752835.0
2004-08-05,96.31,1.0,1.72,0.0182,94.68,96.31,94.13,125483193.0,1289075643800.0,287892946535120.0
2004-08-06,94.84,2.0,-1.47,-0.0153,94.93,96.37,94.84,93905444.0,1092503427425.0,283500719287855.0
2004-08-09,96.08,1.0,1.24,0.0131,94.14,96.12,93.6,90206012.0,954072650805.0,287212012691385.0
2004-08-10,96.72,1.0,0.64,0.0067,95.54,96.77,95.45,116881650.0,1233216701980.0,289139619537960.0
2004-08-11,97.23,1.0,0.51,0.0053,97.29,98.08,97.1,163468275.0,1416262886360.0,290682582090200.0
2004-08-12,99.05,1.0,1.82,0.0187,97.53,99.06,97.25,127825742.0,1479834742240.0,296132661362965.0
2004-08-13,100.15,1.0,1.1,0.0111,98.47,100.4,98.22,156526217.0,1772020945195.0,299413509092400.0
2004-08-16,99.72,2.0,-0.43,-0.0043,99.9,100.36,98.76,126108094.0,1167960366140.0,298137639272185.0
2004-08-17,98.97,2.0,-0.75,-0.0075,100.72,100.8,98.64,101831118.0,1089521535550.0,295886108038760.0
2004-08-18,99.48,1.0,0.51,0.0052,99.22,99.82,98.73,101696498.0,1001192256540.0,297379337885145.0
2004-08-19,101.18,1.0,1.7,0.0171,100.39,101.48,100.39,151877714.0,1364762456950.0,302458567116660.0
2004-08-20,100.86,2.0,-0.32,-0.0032,100.68,101.17,100.46,118540372.0,900072139670.0,301508448848660.0
2004-08-23,100.92,1.0,0.06,0.0006,101.52,102.21,100.27,84829833.0,995491855030.0,301664714676385.0
2004-08-24,101.5,1.0,0.58,0.0056999999999999,101.44,101.64,100.11,88042995.0,1058423254795.0,303939139881290.0
2004-08-25,102.87,1.0,1.37,0.0135,101.24,103.0,101.12,94178490.0,1259728496150.0,308051481695555.0
2004-08-26,103.25,1.0,0.38,0.0037,103.32,103.88,103.04,123686911.0,1439268842765.0,309196622989490.0
2004-08-27,103.38,1.0,0.13,0.0013,103.58,103.78,102.72,110927457.0,1315273156435.0,309564081006820.0
2004-08-30,103.07,2.0,-0.31,-0.003,103.51,104.05,102.82,87532072.0,947224353115.0,308639600415500.0
2004-08-31,102.89,2.0,-0.18,-0.0017,102.33,102.94,102.17,84791269.0,1156995998535.0,308095932366420.0
2004-09-01,104.69,1.0,1.8,0.0175,102.83,104.75,102.67,110255319.0,1404112411620.0,313500040368860.0
2004-09-02,105.66,1.0,0.97,0.0093,104.83,105.66,104.48,129939438.0,1597480027450.0,316399351535570.0
2004-09-03,104.84,2.0,-0.82,-0.0078,105.83,105.97,104.2,133968803.0,1650623413125.0,313930994944120.0
2004-09-06,105.52,1.0,0.68,0.0065,105.13,105.66,104.45,108959872.0,1328346336750.0,315961919095260.0
2004-09-07,104.97,2.0,-0.55,-0.0052,105.18,105.66,104.61,89567442.0,1051478175750.0,314297415221425.0
2004-09-08,104.44,2.0,-0.53,-0.005,105.11,106.04,104.41,101447422.0,1177063522540.0,312726404464205.0
2004-09-09,105.39,1.0,0.95,0.0091,104.47,105.54,103.49,190309748.0,2710191353075.0,315560814310535.0
2004-09-10,107.32,1.0,1.93,0.0183,105.88,107.48,104.59,148229844.0,1903452020745.0,321366906464860.0
2004-09-13,109.56,1.0,2.24,0.0209,108.15,109.6,108.06,134191488.0,2008339018400.0,328073621286925.0
2004-09-14,109.27,2.0,-0.29,-0.0026,110.28,110.46,108.91,160707558.0,1838983318200.0,327202623700565.0
2004-09-15,109.27,3.0,0.0,0.0,109.21,110.04,108.96,231212827.0,1674603820495.0,327194058639615.0
2004-09-16,110.2,1.0,0.93,0.0085,108.67,111.25,108.42,154644040.0,1735992193335.0,329993648048460.0
2004-09-17,109.32,2.0,-0.88,-0.008,109.92,110.75,108.92,125679476.0,1636283512485.0,327358026750595.0
2004-09-20,110.38,1.0,1.06,0.0097,109.49,111.26,109.48,145411677.0,1721674589160.0,330520611035175.0
2004-09-21,110.42,1.0,0.04,0.0004,110.72,111.0,109.96,129326756.0,1595560863950.0,330652410084730.0
2004-09-22,107.53,2.0,-2.89,-0.0262,111.08,111.24,107.53,134389085.0,1530947324445.0,322001511144065.0
2004-09-23,106.94,2.0,-0.59,-0.0055,106.75,107.46,106.22,110475182.0,1361114533510.0,320222178236495.0
2004-09-24,107.33,1.0,0.39,0.0036,106.74,107.68,105.94,87242384.0,1263140347676.0,321353994777355.0
2004-09-30,107.69,1.0,0.36,0.0034,107.06,108.19,106.81,99699441.0,1511631868620.0,322435039381075.0
2004-10-01,109.42,1.0,1.73,0.0161,107.96,109.42,107.87,110920974.0,1499157172710.0,327615681391815.0
2004-10-04,114.02,1.0,4.6,0.042,111.14,114.02,111.08,150472465.0,2241874065800.0,341394220726750.0
2004-10-05,114.04,1.0,0.02,0.0002,114.21,114.4,113.32,127956494.0,1873156673570.0,341353347541340.0
2004-10-06,114.44,1.0,0.4,0.0034999999999999,114.1,115.69,113.33,170138690.0,2345330618145.0,342510705515685.0
2004-10-07,114.17,2.0,-0.27,-0.0024,114.48,115.02,113.37,136426149.0,1866432330340.0,341722160188300.0
2004-10-08,113.82,2.0,-0.35,-0.0031,113.24,115.2,113.23,234413777.0,2745188711640.0,340666635323020.0
2004-10-11,113.82,3.0,0.0,0.0,113.16,113.96,112.76,153893868.0,1977494222430.0,340677431733610.0
2004-10-12,110.47,2.0,-3.35,-0.0294,113.5,113.5,110.47,162691945.0,2506531871755.0,330663688989775.0
2004-10-13,110.42,2.0,-0.05,-0.0005,111.23,111.59,109.86,155439294.0,2068218514240.0,330524670634460.0
2004-10-14,109.17,2.0,-1.25,-0.0113,109.36,109.73,108.03,118634766.0,2039035944390.0,326770865001090.0
2004-10-15,108.42,2.0,-0.75,-0.0069,107.97,109.48,107.21,130749494.0,2034012477910.0,324657437294935.0
2004-10-18,109.24,1.0,0.82,0.0076,108.79,109.8,108.24,143654565.0,1719988054420.0,327118013200370.0
2004-10-19,110.24,1.0,1.0,0.0092,110.88,111.26,109.65,128795629.0,1718038433625.0,330395805153050.0
2004-10-20,106.93,2.0,-3.31,-0.03,109.59,109.92,106.78,179445321.0,1840861487835.0,320480765888650.0
2004-10-21,105.78,2.0,-1.15,-0.0108,107.2,107.51,104.94,146756426.0,1917634288610.0,317024532927090.0
2004-10-22,106.8,1.0,1.02,0.0096,106.25,107.29,106.04,113770685.0,1492516476740.0,320081553774665.0
2004-10-25,104.13,2.0,-2.67,-0.025,105.24,105.33,103.25,127817068.0,1661986450415.0,312109744966515.0
2004-10-26,104.98,1.0,0.85,0.0081999999999999,104.73,105.46,104.43,106617525.0,1447135678335.0,314804204679110.0
2004-10-27,104.63,2.0,-0.35,-0.0033,105.98,106.2,103.64,108751412.0,1566253839680.0,313769760162030.0
2004-10-28,107.77,1.0,3.14,0.03,106.81,107.77,106.18,116262873.0,1668266248460.0,323183334218165.0
2004-10-29,107.99,1.0,0.22,0.002,106.82,108.01,106.19,108320301.0,1622361575970.0,323849011865980.0
2004-11-01,108.17,1.0,0.18,0.0017,107.69,108.87,107.53,90203089.0,1074624255235.0,324293128048455.0
2004-11-02,109.67,1.0,1.5,0.0139,108.67,110.1,108.49,126805236.0,1487578227785.0,328788210534515.0
2004-11-03,111.58,1.0,1.91,0.0174,109.98,111.59,109.3,118228122.0,1765722886895.0,334492502593180.0
2004-11-04,110.3,2.0,-1.28,-0.0115,111.41,111.41,110.3,89695022.0,1387376462180.0,330666824331255.0
2004-11-05,111.52,1.0,1.22,0.0111,111.76,112.13,111.04,118181268.0,1760968193825.0,333995629939645.0
2004-11-08,109.34,2.0,-2.18,-0.0195,112.17,112.19,109.32,108671765.0,1431888591725.0,327476577255240.0
2004-11-09,109.04,2.0,-0.3,-0.0027,109.27,109.97,108.51,117272290.0,1431062537567.0,326605679893580.0
2004-11-10,111.19,1.0,2.15,0.0197,109.53,111.19,109.53,118804590.0,1828232911725.0,332994770955300.0
2004-11-11,111.24,1.0,0.05,0.0004,110.67,112.1,110.51,119399121.0,1855146393520.0,333144109745005.0
2004-11-12,113.41,1.0,2.17,0.0195,113.21,114.21,112.58,133846478.0,1970650102770.0,339655394852425.0
2004-11-15,114.09,1.0,0.68,0.006,113.78,115.38,113.35,122439368.0,1599580648905.0,341700093684695.0
2004-11-16,113.3,2.0,-0.79,-0.0069,114.16,114.53,113.17,113137462.0,1438924959770.0,339350025731495.0
2004-11-17,114.61,1.0,1.31,0.0116,114.12,115.17,113.7,120909453.0,1536082973690.0,343251449786250.0
2004-11-18,113.33,2.0,-1.28,-0.0112,114.64,114.94,113.25,133177375.0,1742989119460.0,339441275954820.0
2004-11-19,112.07,2.0,-1.26,-0.0111,113.81,114.23,111.62,163526244.0,1473598323575.0,335658079178375.0
2004-11-22,109.83,2.0,-2.24,-0.02,110.8,110.88,108.9,101163469.0,1542765523730.0,328951752479850.0
2004-11-23,111.18,1.0,1.35,0.0123,110.85,111.41,109.87,106376469.0,1390696115360.0,332979127105095.0
2004-11-24,112.74,1.0,1.56,0.0139999999999999,110.97,112.86,110.39,145118099.0,1558303026455.0,337670933355265.0
2004-11-25,112.59,2.0,-0.15,-0.0013,112.84,113.63,112.36,104618064.0,1446335761795.0,337211939694200.0
2004-11-26,110.68,2.0,-1.91,-0.017,113.31,114.24,110.47,144801080.0,1994767138570.0,331492029636635.0
2004-11-29,111.62,1.0,0.94,0.0085,111.08,111.97,110.34,144750541.0,1591159658260.0,334319099688370.0
2004-11-30,113.4,1.0,1.78,0.0159,111.55,113.4,110.52,159499009.0,1858196918135.0,339647681672895.0
2004-12-01,113.09,2.0,-0.31,-0.0027,112.88,113.51,112.37,135826680.0,1459133527145.0,338717212015160.0
2004-12-02,114.06,1.0,0.97,0.0086,115.03,115.38,113.79,120116403.0,1861324028705.0,341628783852625.0
2004-12-03,113.96,2.0,-0.1,-0.0009,114.97,115.38,113.2,127287440.0,2044834043305.0,341318567798445.0
2004-12-06,112.37,2.0,-1.59,-0.0139999999999999,112.92,113.04,111.83,97715512.0,1282642563965.0,336558073714400.0
2004-12-07,111.01,2.0,-1.36,-0.0121,112.04,112.62,111.01,117033847.0,1471256018000.0,332487354261135.0
2004-12-08,112.16,1.0,1.15,0.0104,110.24,112.16,110.19,106379749.0,1573332740960.0,335927457416705.0
2004-12-09,110.88,2.0,-1.28,-0.0113999999999999,112.03,112.28,110.14,118232887.0,2267388201930.0,332124044698880.0
2004-12-10,108.57,2.0,-2.31,-0.0208,111.01,111.09,108.15,97135723.0,2102430672280.0,336500965866035.0
2004-12-13,108.36,2.0,-0.21,-0.0019,108.09,108.88,107.61,87387847.0,1341760150800.0,335747749825525.0
2004-12-14,109.38,1.0,1.02,0.0093999999999999,108.63,109.5,108.27,83960777.0,1423908931940.0,339158403776650.0
2004-12-15,111.87,1.0,2.49,0.0227999999999999,110.13,111.91,109.83,111628358.0,1696377834440.0,347181866034625.0
2004-12-16,112.51,1.0,0.64,0.0056999999999999,112.04,113.29,111.92,142964618.0,1789457051405.0,349307872738215.0
2004-12-17,112.63,1.0,0.12,0.0011,112.62,113.47,111.81,234009170.0,2753481294005.0,349712450567155.0
2004-12-20,113.45,1.0,0.82,0.0073,112.2,113.46,111.97,136257828.0,1420269911690.0,352446078944370.0
2004-12-21,113.51,1.0,0.06,0.0005,113.22,114.05,112.59,105300564.0,1453574103400.0,352587860400675.0
2004-12-22,113.66,1.0,0.15,0.0013,114.28,114.57,113.22,128608989.0,1588781088570.0,353378191614585.0
2004-12-23,112.54,2.0,-1.12,-0.0098999999999999,114.46,114.46,112.15,97737445.0,1384411003145.0,349697400397570.0
2004-12-24,113.15,1.0,0.61,0.0054,112.69,113.15,112.14,88930188.0,1172976672715.0,351706680175155.0
2004-12-27,113.0,2.0,-0.15,-0.0013,113.5,113.61,112.44,87488010.0,1181547032565.0,351412084579660.0
2004-12-28,113.25,1.0,0.25,0.0022,112.8,113.46,112.48,88019480.0,1216672542920.0,352156911064630.0
2004-12-29,113.84,1.0,0.59,0.0052,111.96,113.84,111.75,98020929.0,1368539409295.0,354290493753915.0
2004-12-30,115.25,1.0,1.41,0.0124,114.07,115.32,113.92,91312481.0,1352240343560.0,358823165925980.0
2005-01-03,115.36,1.0,0.11,0.001,115.65,115.9,114.99,102682442.0,1170594524785.0,358618172374640.0
2005-01-04,114.77,2.0,-0.59,-0.0051,115.0,115.8,114.5,121647428.0,1424929348925.0,356392034463875.0
2005-01-05,114.65,2.0,-0.12,-0.001,113.41,114.65,113.17,144508174.0,1677591150206.0,356077541654140.0
2005-01-06,112.94,2.0,-1.71,-0.0149,113.88,114.97,112.94,149958588.0,1873567392122.0,350819530504870.0
2005-01-07,112.71,2.0,-0.23,-0.002,113.61,113.94,112.18,120132387.0,1591171245995.0,350350443420800.0
2005-01-10,113.27,1.0,0.56,0.005,113.01,113.36,112.07,100523067.0,1284713354477.0,352010600230390.0
2005-01-11,114.66,1.0,1.39,0.0123,113.33,114.66,112.73,135599341.0,1813792862560.0,356833605582035.0
2005-01-12,114.09,2.0,-0.57,-0.005,114.71,114.94,113.79,132518506.0,1641276805080.0,354949273695455.0
2005-01-13,115.01,1.0,0.92,0.0081,114.26,115.08,113.69,108118502.0,1685767629705.0,357706963163655.0
2005-01-14,117.82,1.0,2.81,0.0243999999999999,114.23,117.82,113.91,154375330.0,2629695007124.0,366736851475615.0
2005-01-17,119.91,1.0,2.09,0.0177,118.96,120.28,118.7,199169636.0,2796170270850.0,374595023312070.0
2005-01-18,119.5,2.0,-0.41,-0.0034,119.91,120.42,119.49,174875664.0,2195407263280.0,373103265920810.0
2005-01-19,118.9,2.0,-0.6,-0.005,119.85,120.4,118.66,181301538.0,1957063711970.0,371137318258465.0
2005-01-20,118.02,2.0,-0.88,-0.0074,118.05,118.74,117.72,168125066.0,1672047748615.0,368316673279590.0
2005-01-21,119.4,1.0,1.38,0.0116999999999999,118.14,119.41,117.62,156223074.0,1717792200230.0,372892907165080.0
2005-01-24,119.83,1.0,0.43,0.0036,119.19,120.66,118.34,216671238.0,1797209359705.0,374235292629580.0
2005-01-25,118.91,2.0,-0.92,-0.0077,118.92,119.25,118.35,192384311.0,1708417670850.0,370711728777900.0
2005-01-26,120.51,1.0,1.6,0.0135,119.36,120.95,119.16,197414956.0,2178386634478.0,375680645798840.0
2005-01-27,120.16,2.0,-0.35,-0.0029,120.65,121.0,119.61,187374006.0,2144513870045.0,374569522400905.0
2005-01-28,119.65,2.0,-0.51,-0.0042,120.14,120.25,118.98,159889779.0,1526084180575.0,373025008527005.0
2005-01-31,121.06,1.0,1.41,0.0118,119.45,121.21,119.45,144201075.0,1669528045605.0,377784122521295.0
2005-02-01,120.0,2.0,-1.06,-0.0088,120.74,120.97,119.91,134431518.0,1678323219495.0,374579171907085.0
2005-02-02,119.74,2.0,-0.26,-0.0022,120.3,120.37,119.41,156748898.0,1608425996405.0,373823431009515.0
2005-02-03,120.64,1.0,0.9,0.0075,119.88,120.8,119.71,168900688.0,1645289181550.0,376397815415910.0
2005-02-04,121.3,1.0,0.66,0.0055,120.5,121.65,120.18,158891791.0,1822081428075.0,378242052196975.0
2005-02-07,123.2,1.0,1.9,0.0157,122.41,123.27,122.25,144273828.0,2116282048795.0,384248944378680.0
2005-02-11,122.84,2.0,-0.36,-0.0029,122.6,122.99,121.39,142137994.0,1922590833987.0,383022508995895.0
2005-02-14,124.94,1.0,2.1,0.0171,124.06,125.44,123.65,238015639.0,2742805049560.0,389904315775550.0
2005-02-15,125.48,1.0,0.54,0.0043,124.99,125.49,124.37,240948980.0,2617600679832.0,391386640317155.0
2005-02-16,125.85,1.0,0.37,0.0029,126.08,126.82,125.13,220910428.0,2504790151788.0,392676527163345.0
2005-02-17,125.93,1.0,0.08,0.0006,126.04,126.22,125.4,223743900.0,2375948765445.0,392542133110265.0
2005-02-18,127.43,1.0,1.5,0.0118999999999999,125.47,127.43,125.14,184273187.0,2537115107470.0,396917581489450.0
2005-02-21,128.09,1.0,0.66,0.0052,128.44,128.44,127.29,253184793.0,3476657275534.0,398605365111360.0
2005-02-22,126.74,2.0,-1.35,-0.0105,127.97,128.21,126.43,198959532.0,2620936141025.0,394690106262555.0
2005-02-23,125.53,2.0,-1.21,-0.0095,125.49,126.04,124.97,166252677.0,2343473763510.0,390581358164580.0
2005-02-24,127.81,1.0,2.28,0.0182,126.13,128.05,125.76,264984728.0,2390732457435.0,397633082504140.0
2005-02-25,129.13,1.0,1.32,0.0103,128.66,129.68,128.25,205360585.0,2590944328277.0,401870205302885.0
2005-02-28,130.85,1.0,1.72,0.0133,129.88,130.9,129.16,215543810.0,2861513757415.0,407178443831855.0
2005-03-02,130.14,2.0,-0.71,-0.0054,131.21,131.29,129.65,294053128.0,3526483912165.0,404878456890965.0
2005-03-03,130.61,1.0,0.47,0.0036,130.24,131.27,129.37,237748268.0,2689816908400.0,405993313261450.0
2005-03-04,130.61,3.0,0.0,0.0,130.95,131.15,130.05,229760813.0,2778831352118.0,406026066185785.0
2005-03-07,130.11,2.0,-0.5,-0.0038,131.77,132.22,128.93,250718013.0,3073805041223.0,404153560764445.0
2005-03-08,129.21,2.0,-0.9,-0.0069,130.54,130.77,128.83,212310599.0,2521104789086.0,401248351025125.0
2005-03-09,130.26,1.0,1.05,0.0081,128.83,130.26,127.92,158616613.0,2540254927000.0,404467839172110.0
2005-03-10,128.76,2.0,-1.5,-0.0115,130.07,130.79,128.76,209321415.0,3016254407755.0,399896399547025.0
2005-03-11,131.97,1.0,3.21,0.0249,129.84,131.98,129.79,187757623.0,2728944728131.0,410361491221685.0
2005-03-14,131.47,2.0,-0.5,-0.0038,131.34,131.67,130.92,142426039.0,2036389654420.0,408844623358415.0
2005-03-15,127.95,2.0,-3.52,-0.0268,131.96,131.99,127.86,196549638.0,2608823919520.0,397825250492945.0
2005-03-16,128.17,1.0,0.22,0.0017,127.64,128.71,126.76,181833950.0,2415831066667.0,398489287381260.0
2005-03-17,126.68,2.0,-1.49,-0.0116,126.92,127.65,125.59,174680822.0,2249167494404.0,393775062414600.0
2005-03-18,126.82,1.0,0.14,0.0011,126.88,127.89,126.52,168595549.0,1944930815310.0,394289347257115.0
2005-03-21,126.84,1.0,0.02,0.0002,126.77,127.92,125.46,124747827.0,1786154601178.0,394316842290305.0
2005-03-22,126.87,1.0,0.03,0.0002,126.69,127.59,125.9,123555168.0,1491726362610.0,394797655819290.0
2005-03-23,125.16,2.0,-1.71,-0.0135,126.08,126.95,124.77,143939052.0,1645879586414.0,389736900268380.0
2005-03-24,123.8,2.0,-1.36,-0.0109,125.54,125.84,123.06,136310978.0,1893244681595.0,385872497706410.0
2005-03-25,125.07,1.0,1.27,0.0103,124.38,125.09,123.88,174695989.0,1103236731410.0,389657548039270.0
2005-03-28,126.72,1.0,1.65,0.0132,125.61,127.17,125.61,153785679.0,1341507415305.0,394504444468530.0
2005-03-29,124.13,2.0,-2.59,-0.0204,126.65,126.72,123.73,142100815.0,1473294642837.0,386400506441320.0
2005-03-30,123.49,2.0,-0.64,-0.0052,123.26,123.87,122.51,107620710.0,1372115462275.0,384622466922705.0
2005-03-31,124.78,1.0,1.29,0.0104,125.31,125.4,124.26,103051988.0,1401451088460.0,388946691449320.0
2005-04-01,126.88,1.0,2.1,0.0168,124.65,127.07,124.61,113871723.0,1808101999864.0,395396616092445.0
2005-04-04,127.22,1.0,0.34,0.0027,126.77,127.29,126.15,96769139.0,1452836192890.0,396166493502325.0
2005-04-06,127.85,1.0,0.63,0.005,127.61,128.2,126.18,94421776.0,1847887493743.0,398209200192275.0
2005-04-07,127.92,1.0,0.07,0.0005,128.23,128.42,127.46,123686383.0,1928081128849.0,398684055164965.0
2005-04-08,128.44,1.0,0.52,0.0040999999999999,128.86,129.01,128.12,106491736.0,1728711927820.0,400066546556475.0
2005-04-11,127.59,2.0,-0.85,-0.0066,127.95,127.96,127.09,72783993.0,1205828066810.0,397490037934760.0
2005-04-12,127.24,2.0,-0.35,-0.0027,127.23,127.72,126.86,107693753.0,1309410635638.0,396000572500960.0
2005-04-13,127.28,1.0,0.04,0.0003,127.84,127.98,126.98,79187963.0,1263609213905.0,395873166883550.0
2005-04-14,123.29,2.0,-3.99,-0.0313,126.17,126.26,123.29,115517625.0,1983822030310.0,384018792946975.0
2005-04-15,122.41,2.0,-0.88,-0.0070999999999999,123.49,123.61,121.49,93971462.0,1887531279225.0,381538160840625.0
2005-04-18,119.76,2.0,-2.65,-0.0216,120.27,120.82,118.79,88790691.0,1643385259515.0,373270718903495.0
2005-04-19,120.5,1.0,0.74,0.0062,120.64,121.18,120.17,85396909.0,1486719586996.0,375893756276275.0
2005-04-20,121.05,1.0,0.55,0.0046,121.58,122.68,120.12,91968395.0,1613995208812.0,377458089191475.0
2005-04-21,121.31,1.0,0.26,0.0021,119.44,121.66,118.33,90043916.0,1536448405450.0,378424152816080.0
2005-04-22,121.36,1.0,0.05,0.0004,123.03,123.05,121.36,78988641.0,1196403291045.0,378855905622385.0
2005-04-25,122.08,1.0,0.72,0.0059,120.79,122.24,120.27,90353203.0,1143634459585.0,381311521743810.0
2005-04-26,121.92,2.0,-0.16,-0.0013,122.21,122.56,121.82,105559059.0,1202949902895.0,380557424988175.0
2005-04-27,119.96,2.0,-1.96,-0.0161,120.85,120.85,119.23,108969472.0,1284145870310.0,374521984686075.0
2005-04-28,118.36,2.0,-1.6,-0.0133,120.1,120.19,118.36,100076926.0,1444581365953.0,369457591626075.0
2005-04-29,117.58,2.0,-0.78,-0.0066,117.06,118.0,116.54,100338398.0,1648444802505.0,367271326753465.0
2005-05-02,118.46,1.0,0.88,0.0075,118.29,118.48,117.68,68339570.0,886017951345.0,370077961173895.0
2005-05-03,117.89,2.0,-0.57,-0.0048,118.81,119.12,117.47,85328098.0,1009598051039.0,368271812159155.0
2005-05-04,119.95,1.0,2.06,0.0175,118.15,120.19,118.15,87069575.0,1313664991067.0,374766016974490.0
2005-05-06,121.26,1.0,1.31,0.0109,120.4,121.54,120.37,87959866.0,1596483302784.0,379328405110265.0
2005-05-09,120.48,2.0,-0.78,-0.0064,121.41,121.45,119.36,90724125.0,1445902469400.0,377283296472885.0
2005-05-10,120.4,2.0,-0.08,-0.0007,121.01,121.26,120.3,76548557.0,1201818198715.0,376798819911925.0
2005-05-11,119.02,2.0,-1.38,-0.0115,119.48,119.66,118.66,75411096.0,1245601833656.0,372361595459550.0
2005-05-12,118.69,2.0,-0.33,-0.0028,119.0,119.74,118.69,69041008.0,1217548070669.0,371544289172200.0
2005-05-13,118.87,1.0,0.18,0.0015,118.38,119.1,117.2,82376881.0,1330300942965.0,372556114616490.0
2005-05-16,119.65,1.0,0.78,0.0066,119.13,120.5,119.1,92966619.0,1309265525585.0,374937916637980.0
2005-05-17,119.51,2.0,-0.14,-0.0012,120.9,121.25,118.75,91250079.0,1266156202805.0,374170739096365.0
2005-05-18,120.08,1.0,0.57,0.0048,120.6,120.84,119.55,101052586.0,1350519790423.0,375752921553145.0
2005-05-19,123.04,1.0,2.96,0.0247,121.53,123.13,121.53,112390704.0,1877276915133.0,385094951419615.0
2005-05-20,123.02,2.0,-0.02,-0.0002,123.35,123.57,122.47,83329154.0,1213371867848.0,384965255227815.0
2005-05-23,122.87,2.0,-0.15,-0.0012,123.38,123.38,122.24,62039179.0,938559976815.0,384382457258545.0
2005-05-24,122.91,1.0,0.04,0.0003,123.34,123.43,122.36,81236268.0,1156101077612.0,385164632622485.0
2005-05-25,121.37,2.0,-1.54,-0.0125,122.82,123.39,121.18,90619894.0,1505341377550.0,380557414258270.0
2005-05-26,121.7,1.0,0.33,0.0027,121.24,121.7,121.05,70314180.0,1067843646205.0,381536294590845.0
2005-05-27,123.89,1.0,2.19,0.018,123.03,124.22,122.58,90814943.0,1566243973436.0,388312277351825.0
2005-05-30,124.64,1.0,0.75,0.0060999999999999,124.02,124.65,123.78,67296066.0,1141370889910.0,391156862782685.0
2005-05-31,124.84,1.0,0.2,0.0016,124.66,125.12,123.56,76320685.0,1337598513665.0,391655457654195.0
2005-06-01,124.9,1.0,0.06,0.0005,124.06,125.2,124.0,76725285.0,1235998630211.0,391440253570495.0
2005-06-02,125.04,1.0,0.14,0.0011,125.87,126.19,125.04,113845333.0,1518749758712.0,391738791044990.0
2005-06-03,125.7,1.0,0.66,0.0053,125.2,125.7,124.89,104658250.0,1374156245145.0,393881556673175.0
2005-06-07,124.79,2.0,-0.91,-0.0072,125.62,125.62,124.56,91648916.0,1490015574101.0,391494447467400.0
2005-06-08,125.62,1.0,0.83,0.0067,124.48,125.76,124.46,104511470.0,1813198241267.0,393848308570150.0
2005-06-09,127.22,1.0,1.6,0.0127,125.12,127.22,124.89,129652547.0,2371449425011.0,398676112575570.0
2005-06-10,127.68,1.0,0.46,0.0036,127.04,128.2,126.67,129732281.0,1949199059602.0,403765515502530.0
2005-06-13,127.65,2.0,-0.03,-0.0002,127.93,128.8,127.49,100345020.0,1483515143320.0,403497756032505.0
2005-06-14,126.9,2.0,-0.75,-0.0059,127.51,128.15,126.72,103235295.0,1564101721870.0,400925141266995.0
2005-06-15,129.27,1.0,2.37,0.0187,127.0,129.27,126.6,129197260.0,2008813067660.0,408397623571340.0
2005-06-16,129.27,3.0,0.0,0.0,129.04,129.73,128.87,136712711.0,2023533587175.0,408275246662235.0
2005-06-17,129.33,1.0,0.06,0.0005,129.69,129.78,128.49,120661609.0,1817770844430.0,408688288933305.0
2005-06-20,128.17,2.0,-1.16,-0.009,129.38,129.43,127.76,113404219.0,1530072037150.0,404701633884780.0
2005-06-21,127.66,2.0,-0.51,-0.004,127.86,128.63,127.15,108267424.0,1752008052385.0,402793829264990.0
2005-06-22,129.24,1.0,1.58,0.0124,127.46,129.38,127.13,177308981.0,2070575130133.0,407681958198835.0
2005-06-23,130.39,1.0,1.15,0.0089,129.26,130.41,129.02,142473727.0,2184408695985.0,410949372691055.0
2005-06-24,129.08,2.0,-1.31,-0.01,129.17,129.91,128.17,136735936.0,1976630315602.0,406901022817100.0
2005-06-27,127.45,2.0,-1.63,-0.0126,128.32,128.46,126.78,124695931.0,1753130231895.0,401747801746230.0
2005-06-28,127.92,1.0,0.47,0.0037,127.23,127.99,126.99,127122163.0,1822693184916.0,403413960261085.0
2005-06-29,128.41,1.0,0.49,0.0038,128.57,129.39,127.77,116213958.0,1700578872110.0,404960914853440.0
2005-06-30,129.43,1.0,1.02,0.0079,128.2,129.72,128.2,125478190.0,1762553563304.0,408298594068380.0
2005-07-01,130.59,1.0,1.16,0.009,128.8,130.6,128.56,116055191.0,1789410976095.0,412091891248575.0
2005-07-04,130.95,1.0,0.36,0.0028,131.16,131.39,130.62,139345335.0,1881544077681.0,413245042725625.0
2005-07-05,130.54,2.0,-0.41,-0.0031,131.12,131.47,130.37,132088312.0,1822867964560.0,411838266815870.0
2005-07-06,130.65,1.0,0.11,0.0008,131.15,131.36,130.29,164605510.0,2220647023295.0,411806791114975.0
2005-07-07,131.72,1.0,1.07,0.0081999999999999,130.24,132.05,130.15,137716816.0,2127753501535.0,415148771253680.0
2005-07-08,131.28,2.0,-0.44,-0.0033,131.85,132.19,131.09,133509362.0,1898777773461.0,413471991935230.0
2005-07-11,133.88,1.0,2.6,0.0197999999999999,132.99,134.29,132.87,205636498.0,2739113002573.0,421281396976960.0
2005-07-12,134.26,1.0,0.38,0.0028,134.88,135.19,134.08,187324378.0,2882156397005.0,422857401200165.0
2005-07-13,135.25,1.0,0.99,0.0074,134.79,135.36,134.03,162699805.0,2223372068910.0,425719302459220.0
2005-07-14,136.98,1.0,1.73,0.0128,136.09,137.35,135.61,183262031.0,2999594815410.0,430990034852440.0
2005-07-15,136.48,2.0,-0.5,-0.0037,137.37,137.55,136.27,153320043.0,2365814130156.0,429614343827945.0
2005-07-18,136.78,1.0,0.3,0.0022,136.73,137.73,136.1,138987577.0,2924180367960.0,430454072841420.0
2005-07-19,138.66,1.0,1.88,0.0137,136.76,138.66,136.74,160622807.0,2711486942281.0,435833303420175.0
2005-07-20,138.57,2.0,-0.09,-0.0006,138.84,140.13,137.81,218359886.0,3468523199242.0,435491234695935.0
2005-07-21,138.62,1.0,0.05,0.0004,139.78,140.13,137.77,164827978.0,2687409680985.0,435640479612895.0
2005-07-22,138.37,2.0,-0.25,-0.0018,137.63,138.86,137.06,178140168.0,3201045245410.0,435392942908555.0
2005-07-25,140.55,1.0,2.18,0.0158,138.6,140.59,138.39,142729752.0,2370434825920.0,442064089944260.0
2005-07-26,140.53,2.0,-0.02,-0.0001,140.58,141.18,139.95,145974087.0,2585333316755.0,442041859598840.0
2005-07-27,140.73,1.0,0.2,0.0014,140.75,141.55,139.56,163590136.0,2663955342043.0,442530867538280.0
2005-07-28,142.38,1.0,1.65,0.0116999999999999,141.86,142.6,141.3,175786083.0,3016436393460.0,449106399225175.0
2005-07-29,143.32,1.0,0.94,0.0066,143.53,143.53,141.95,146995477.0,2705757570246.0,452155915993160.0
2005-08-01,143.96,1.0,0.64,0.0045,143.67,144.1,142.84,121249719.0,2210813958081.0,454075103115885.0
2005-08-02,144.3,1.0,0.34,0.0024,144.12,144.3,143.14,140520203.0,2403980261246.0,455599000475290.0
2005-08-03,144.21,2.0,-0.09,-0.0006,145.4,145.81,144.18,195727988.0,3604957509989.0,455461806600325.0
2005-08-04,143.52,2.0,-0.69,-0.0048,144.55,144.89,142.7,164138410.0,3030942000319.0,453730007024285.0
2005-08-05,140.7,2.0,-2.82,-0.0196,141.9,142.32,140.1,128333350.0,2389062767830.0,444605003818835.0
2005-08-08,140.49,2.0,-0.21,-0.0015,139.78,140.68,139.5,96413782.0,1795949438911.0,443621398389880.0
2005-08-09,142.11,1.0,1.62,0.0115,140.01,142.12,139.47,125924165.0,2194222769812.0,448717660147345.0
2005-08-10,142.7,1.0,0.59,0.0042,142.59,144.02,142.07,134799851.0,2336339834800.0,450582222268175.0
2005-08-11,145.35,1.0,2.65,0.0186,142.64,145.35,142.61,133345450.0,2495163052530.0,458631956705310.0
2005-08-12,146.04,1.0,0.69,0.0046999999999999,145.75,146.25,144.81,139398397.0,2667584965498.0,461251956763530.0
2005-08-16,144.3,2.0,-1.74,-0.0118999999999999,146.26,147.11,144.17,134268155.0,2457305912620.0,455841381941130.0
2005-08-17,143.87,2.0,-0.43,-0.003,143.13,144.05,142.21,136141560.0,2337320588205.0,454464838414880.0
2005-08-18,141.16,2.0,-2.71,-0.0187999999999999,144.19,144.22,141.15,163889371.0,2745985409801.0,445721779911175.0
2005-08-19,140.68,2.0,-0.48,-0.0034,140.55,141.09,139.23,143833050.0,2245012550600.0,444318075297270.0
2005-08-22,144.4,1.0,3.72,0.0264,141.48,144.4,140.97,131472808.0,2150810364005.0,455798628460555.0
2005-08-23,144.27,2.0,-0.13,-0.0009,144.61,145.17,143.32,151427417.0,3392676519270.0,455308001091845.0
2005-08-24,141.27,2.0,-3.0,-0.0208,143.71,143.72,140.48,135508416.0,2597206963376.0,446010314676500.0
2005-08-25,141.75,1.0,0.48,0.0034,140.12,142.74,139.25,137567075.0,2454303215216.0,447491711460350.0
2005-08-26,140.36,2.0,-1.39,-0.0098,141.76,142.61,140.36,132601924.0,2146431047724.0,443036512399250.0
2005-08-29,137.42,2.0,-2.94,-0.0209,137.85,138.62,136.83,120887303.0,1874448124270.0,433743662145035.0
2005-08-30,138.68,1.0,1.26,0.0092,138.93,139.45,136.31,112620948.0,1921462552738.0,437756334652345.0
2005-08-31,140.09,1.0,1.41,0.0102,138.21,140.34,137.99,111137207.0,1856596795349.0,442232638703425.0
2005-09-01,143.13,1.0,3.04,0.0217,141.45,143.15,141.22,133430357.0,2366616433285.0,451650431009395.0
2005-09-02,144.3,1.0,1.17,0.0081999999999999,143.59,144.73,143.4,117640413.0,2254565904528.0,455462782990390.0
2005-09-05,144.06,2.0,-0.24,-0.0017,144.88,145.1,143.72,96209709.0,1590544254752.0,454726242962345.0
2005-09-06,145.21,1.0,1.15,0.008,144.86,147.03,144.7,187731916.0,2513347771210.0,458250503862435.0
2005-09-07,147.95,1.0,2.74,0.0189,147.04,147.95,146.58,173315425.0,2697211256055.0,466943278384650.0
2005-09-08,148.41,1.0,0.46,0.0031,149.27,149.61,147.13,175475878.0,3386983809285.0,468250673842045.0
2005-09-09,149.34,1.0,0.93,0.0063,148.47,149.34,147.6,132435549.0,2388869876780.0,471097264308575.0
2005-09-12,150.13,1.0,0.79,0.0053,150.08,151.3,149.91,180343829.0,3373193943260.0,473436560373770.0
2005-09-13,150.29,1.0,0.16,0.0011,150.39,151.33,149.12,146858217.0,2844954785742.0,473700436000625.0
2005-09-14,152.03,1.0,1.74,0.0116,149.87,152.03,149.55,180256858.0,3345648512575.0,478895308066755.0
2005-09-15,151.99,2.0,-0.04,-0.0003,151.18,153.22,150.64,177644018.0,3573691408111.0,478350168018775.0
2005-09-16,152.55,1.0,0.56,0.0037,152.45,152.93,151.29,142919546.0,2849404898675.0,479893292204240.0
2005-09-20,154.69,1.0,2.14,0.0139999999999999,154.98,154.98,153.16,173096707.0,3435804653888.0,486563878067400.0
2005-09-21,155.34,1.0,0.65,0.0042,154.31,155.83,153.99,175283664.0,3075492241609.0,488620109231625.0
2005-09-22,155.71,1.0,0.37,0.0024,154.48,155.78,154.04,174128731.0,3202706584333.0,489651112435685.0
2005-09-23,152.39,2.0,-3.32,-0.0213,155.5,155.6,152.38,165150317.0,3260629404044.0,479120078676165.0
2005-09-26,156.39,1.0,4.0,0.0262,153.2,156.39,153.2,140458409.0,2883119300904.0,491633690174095.0
2005-09-27,156.52,1.0,0.13,0.0008,156.7,156.86,155.39,169303546.0,2903833042680.0,492032699397410.0
2005-09-28,158.88,1.0,2.36,0.0151,156.77,158.88,156.35,161101379.0,3285435746676.0,499526086634395.0
2005-09-29,159.06,1.0,0.18,0.0011,159.05,159.41,157.68,158452565.0,2980673907395.0,500084850117185.0
2005-09-30,157.55,2.0,-1.51,-0.0095,159.85,159.97,157.17,174583897.0,3235208335545.0,495362377413505.0
2005-10-04,160.43,1.0,2.88,0.0183,158.49,160.68,158.49,153984351.0,3170244636989.0,504296125937310.0
2005-10-05,158.1,2.0,-2.33,-0.0144999999999999,160.33,160.68,157.44,158881835.0,3163051027578.0,497222288569435.0
2005-10-06,154.65,2.0,-3.45,-0.0218,156.2,156.38,154.16,145303298.0,2866713566314.0,486535511258360.0
2005-10-07,154.4,2.0,-0.25,-0.0016,153.67,156.34,153.41,147964072.0,2997914286380.0,485841063803475.0
2005-10-10,157.82,1.0,3.42,0.0222,155.66,158.04,155.49,141765846.0,2657527492066.0,496593448850800.0
2005-10-11,160.06,1.0,2.24,0.0141999999999999,157.05,160.06,156.67,136723032.0,2495945594145.0,503477106299650.0
2005-10-12,156.33,2.0,-3.73,-0.0233,159.99,160.26,156.09,211737225.0,3492628477486.0,491318901412790.0
2005-10-13,152.85,2.0,-3.48,-0.0223,154.82,155.01,152.18,193637554.0,3898106985556.0,480404240297730.0
2005-10-14,152.48,2.0,-0.37,-0.0024,154.07,154.74,150.92,152068750.0,2980399335993.0,479300792496815.0
2005-10-17,150.85,2.0,-1.63,-0.0107,153.23,153.75,150.14,124008015.0,2317288719027.0,474188834740375.0
2005-10-18,152.26,1.0,1.41,0.0093,151.67,153.03,151.44,134403086.0,2609929033795.0,478350228618870.0
2005-10-19,148.11,2.0,-4.15,-0.0273,150.8,150.8,147.53,127181408.0,2467036643950.0,465341783239910.0
2005-10-20,149.41,1.0,1.3,0.0088,150.39,150.88,148.72,116485732.0,2292924213275.0,469366075230030.0
2005-10-21,152.22,1.0,2.81,0.0187999999999999,147.39,152.22,147.2,126085037.0,2542206559548.0,478324673913770.0
2005-10-24,152.27,1.0,0.05,0.0003,152.98,153.48,151.12,109294854.0,2105234258550.0,478458676591585.0
2005-10-25,151.76,2.0,-0.51,-0.0033,154.22,154.93,151.39,131649216.0,2448975945070.0,476935785728410.0
2005-10-26,151.45,2.0,-0.31,-0.002,152.18,152.46,150.35,120470206.0,2448353451850.0,475866385931675.0
2005-10-27,149.88,2.0,-1.57,-0.0104,150.92,152.46,149.59,172643231.0,3489890003725.0,470836791466715.0
2005-10-28,146.55,2.0,-3.33,-0.0222,147.58,147.74,146.11,111537923.0,2303170067705.0,460452851378290.0
2005-10-31,148.84,1.0,2.29,0.0156,148.15,149.09,146.84,94225100.0,1999185094068.0,467759691812350.0
2005-11-01,152.98,1.0,4.14,0.0278,149.9,153.33,149.83,153289898.0,3442968474690.0,480698322057645.0
2005-11-02,155.6,1.0,2.62,0.0171,153.8,155.68,153.28,123938597.0,2589361301010.0,488877330017925.0
2005-11-03,156.89,1.0,1.29,0.0083,157.21,157.21,156.05,117976649.0,2523470884295.0,493019171823930.0
2005-11-04,157.28,1.0,0.39,0.0025,157.53,158.35,156.34,148815818.0,2877538625100.0,494515798692685.0
2005-11-07,156.75,2.0,-0.53,-0.0034,157.88,157.9,154.93,125413965.0,2352354286195.0,492865037014650.0
2005-11-08,157.72,1.0,0.97,0.0062,156.9,157.72,156.22,109785868.0,2392873491385.0,495895548836115.0
2005-11-09,157.87,1.0,0.15,0.001,157.44,159.39,156.65,132890564.0,3026510085344.0,496443294717770.0
2005-11-10,158.69,1.0,0.82,0.0052,157.76,158.8,157.39,154701678.0,3024856481504.0,499008462105550.0
2005-11-11,161.81,1.0,3.12,0.0197,160.36,161.89,160.36,161832823.0,3484484912835.0,508705979800115.0
2005-11-14,162.02,1.0,0.21,0.0013,162.3,162.6,161.39,154434163.0,3048474180541.0,509287116838295.0
2005-11-15,161.49,2.0,-0.53,-0.0033,161.62,162.0,159.19,130543905.0,2674476338618.0,507691021124560.0
2005-11-16,163.24,1.0,1.75,0.0108,160.74,163.27,160.4,167522115.0,3192682962725.0,513114165289440.0
2005-11-17,163.38,1.0,0.14,0.0009,163.13,163.93,162.16,158650401.0,2948221082415.0,513529369759935.0
2005-11-18,163.74,1.0,0.36,0.0022,164.4,164.92,162.63,168126050.0,3584164129288.0,514597430548080.0
2005-11-21,163.1,2.0,-0.64,-0.0039,164.24,164.44,161.83,148150687.0,3145216724206.0,512641521775910.0
2005-11-22,159.68,2.0,-3.42,-0.021,162.64,162.65,159.23,166820454.0,3823790505543.0,501978968162925.0
2005-11-23,164.47,1.0,4.79,0.03,160.61,164.74,160.4,197204341.0,4554854896545.0,516823470795270.0
2005-11-24,165.56,1.0,1.09,0.0066,165.55,166.15,164.38,187195351.0,3907702101100.0,520179588374060.0
2005-11-25,165.51,2.0,-0.05,-0.0003,165.87,166.24,164.45,174166861.0,3015132536920.0,520265336909995.0
2005-11-28,165.52,1.0,0.01,0.0001,165.91,166.08,164.63,173758502.0,3135623720050.0,520682487322565.0
2005-11-29,163.7,2.0,-1.82,-0.011,164.54,165.72,162.72,158573437.0,3273589378510.0,515065583734515.0
2005-11-30,165.95,1.0,2.25,0.0137,164.23,166.53,164.23,175955966.0,3814749097986.0,522163878903855.0
2005-12-01,166.97,1.0,1.02,0.0060999999999999,165.68,167.0,164.77,157444483.0,3515311850190.0,525551809861420.0
2005-12-02,167.56,1.0,0.59,0.0034999999999999,168.66,168.76,167.52,174379081.0,4286487268670.0,527459957732225.0
2005-12-05,168.23,1.0,0.67,0.004,167.84,168.28,167.11,134431044.0,3235706377460.0,529503861818445.0
2005-12-06,169.24,1.0,1.01,0.006,167.79,169.69,167.03,178934806.0,3698212771155.0,532402661294745.0
2005-12-07,170.21,1.0,0.97,0.0056999999999999,169.11,170.74,168.51,221841387.0,4660479887085.0,536122684414440.0
2005-12-08,170.13,2.0,-0.08,-0.0005,169.84,170.7,168.32,209594096.0,4213164600431.0,535876894863900.0
2005-12-09,169.16,2.0,-0.97,-0.0056999999999999,169.45,171.15,168.53,151488269.0,3179884950376.0,532820679555860.0
2005-12-12,171.35,1.0,2.19,0.0129,169.7,171.98,169.7,143089051.0,3181854000307.0,531528838556365.0
2005-12-13,171.65,1.0,0.3,0.0018,171.82,172.15,170.55,161965043.0,3210876589500.0,543292554521360.0
2005-12-14,171.15,2.0,-0.5,-0.0029,172.95,173.44,170.03,176470399.0,3768318931210.0,541674710837815.0
2005-12-15,171.56,1.0,0.41,0.0024,171.77,172.4,170.18,200744808.0,4646113501830.0,542609037128070.0
2005-12-16,169.45,2.0,-2.11,-0.0123,169.74,170.74,168.64,160104458.0,3450742128580.0,536071746683675.0
2005-12-19,171.91,1.0,2.46,0.0144999999999999,170.07,171.92,169.4,151354644.0,2986985994710.0,544239172923390.0
2005-12-20,172.05,1.0,0.14,0.0008,171.04,172.46,170.8,138130454.0,2956869761311.0,544701137579730.0
2005-12-21,173.95,1.0,1.9,0.011,172.56,174.27,172.38,162277073.0,3726153572140.0,550687919874545.0
2005-12-22,173.89,2.0,-0.06,-0.0003,174.87,175.32,172.71,178291644.0,4355967386920.0,550489519010650.0
2005-12-23,175.11,1.0,1.22,0.0069999999999999,174.98,175.19,173.69,140474391.0,3601413518353.0,554322974867945.0
2005-12-26,176.27,1.0,1.16,0.0066,175.74,176.81,175.51,125692807.0,3047296450760.0,558894276188320.0
2005-12-27,177.2,1.0,0.93,0.0053,176.77,177.53,176.57,133371901.0,3139735716955.0,561804103529945.0
2005-12-28,176.16,2.0,-1.04,-0.0059,174.94,176.36,174.39,131360510.0,3240825820265.0,558528284945795.0
2005-12-29,177.43,1.0,1.27,0.0072,176.55,177.96,176.25,156864473.0,4114401809046.0,562476641622310.0
2006-01-02,178.29,1.0,0.86,0.0048,177.79,178.33,176.05,148418062.0,3676884943143.0,565376653099025.0
2006-01-03,178.81,1.0,0.52,0.0029,178.69,178.86,176.53,158041438.0,4161548742545.0,566920485995655.0
2006-01-04,179.91,1.0,1.1,0.0062,180.57,181.01,179.49,188840632.0,5360811681829.0,570075951499425.0
2006-01-05,178.82,2.0,-1.09,-0.0060999999999999,180.31,180.31,176.84,206331692.0,5522148422873.0,566497148032145.0
2006-01-06,180.87,1.0,2.05,0.0115,179.33,180.87,178.79,206313385.0,4609858130879.0,572801905051760.0
2006-01-09,180.3,2.0,-0.57,-0.0032,181.95,181.99,179.82,191221687.0,4641279274195.0,571108215728535.0
2006-01-10,178.98,2.0,-1.32,-0.0073,180.92,181.62,177.88,182810708.0,4490697637889.0,567337946237825.0
2006-01-11,178.67,2.0,-0.31,-0.0017,178.67,179.5,177.42,210165332.0,3878272145775.0,566455176094810.0
2006-01-12,179.65,1.0,0.98,0.0055,179.33,180.91,179.23,174516054.0,4299762581822.0,569582859258020.0
2006-01-13,181.71,1.0,2.06,0.0115,179.2,181.71,177.82,164021065.0,4162731634091.0,575859035878115.0
2006-01-16,182.39,1.0,0.68,0.0037,182.56,182.78,180.72,161264330.0,4003185411278.0,578258094065355.0
2006-01-17,178.27,2.0,-4.12,-0.0226,182.62,183.02,178.24,179089422.0,4245124485862.0,565377812972320.0
2006-01-18,173.81,2.0,-4.46,-0.025,176.82,176.95,171.46,214269968.0,5405429514510.0,551344533783720.0
2006-01-19,174.93,1.0,1.12,0.0064,174.39,175.8,173.26,158267382.0,4017530860575.0,554758099172095.0
2006-01-20,170.6,2.0,-4.33,-0.0248,176.04,177.14,170.22,196215378.0,4551398878680.0,541238946309215.0
2006-01-23,168.04,2.0,-2.56,-0.015,168.55,171.32,166.62,194867801.0,4595507315428.0,533249605197935.0
2006-01-24,171.79,1.0,3.75,0.0223,169.39,172.09,167.73,202230077.0,4722143442954.0,545206650499535.0
2006-01-25,173.52,1.0,1.73,0.0101,173.56,174.78,172.66,193872744.0,4853084736770.0,550784105320065.0
2006-01-26,174.71,1.0,1.19,0.0069,174.45,174.72,171.72,146078715.0,4015803321636.0,554431992905725.0
2006-01-27,178.64,1.0,3.93,0.0225,176.69,178.65,175.88,151204298.0,4289859073340.0,566996569835470.0
2006-01-31,180.65,1.0,2.01,0.0113,179.46,181.21,178.14,133174511.0,4026822357262.0,573248586929050.0
2006-02-01,178.07,2.0,-2.58,-0.0143,179.4,180.69,176.98,156566428.0,4242920253880.0,565141043216305.0
2006-02-02,177.92,2.0,-0.15,-0.0008,179.52,179.79,175.79,148308349.0,4097389528669.0,564658567071115.0
2006-02-03,172.67,2.0,-5.25,-0.0295,175.8,176.48,172.35,153799304.0,4047059230824.0,548191654564060.0
2006-02-06,173.66,1.0,0.99,0.0056999999999999,171.77,173.77,169.27,143668314.0,3867241465107.0,551308766963445.0
2006-02-07,172.39,2.0,-1.27,-0.0073,173.66,175.07,172.07,123072774.0,3203819050770.0,547386957471915.0
2006-02-08,169.44,2.0,-2.95,-0.0171,171.5,173.93,169.16,140058894.0,3474910052327.0,538228458618930.0
2006-02-09,170.93,1.0,1.49,0.0088,171.5,172.01,169.84,124130230.0,3481340012580.0,543059999875075.0
2006-02-10,172.68,1.0,1.75,0.0102,171.9,173.29,169.99,126671230.0,3488862550325.0,548651237350005.0
2006-02-13,170.61,2.0,-2.07,-0.012,173.15,173.17,169.04,114299114.0,3143225615833.0,542146539471685.0
2006-02-14,171.65,1.0,1.04,0.0060999999999999,169.89,171.93,168.29,102969426.0,2899291074333.0,545363092976235.0
2006-02-15,168.31,2.0,-3.34,-0.0195,173.46,173.47,167.84,154390791.0,4451867093852.0,534989011789035.0
2006-02-16,169.8,1.0,1.49,0.0089,168.8,170.64,167.72,118925978.0,3327868334190.0,539775515793950.0
2006-02-17,172.4,1.0,2.6,0.0153,171.3,172.47,169.93,101805866.0,2987331415245.0,547937206215900.0
2006-02-20,174.28,1.0,1.88,0.0109,172.78,175.62,171.7,132132814.0,3360488019740.0,553764162590940.0
2006-02-21,174.04,2.0,-0.24,-0.0014,174.56,174.88,173.07,106201950.0,2705073372180.0,552990437592095.0
2006-02-22,173.26,2.0,-0.78,-0.0045,173.85,175.49,171.0,111840678.0,3145224440913.0,550407229759640.0
2006-02-23,176.18,1.0,2.92,0.0169,174.29,176.33,174.01,126845264.0,3381205289519.0,560020298994705.0
2006-02-24,176.96,1.0,0.78,0.0044,176.61,177.13,175.23,120907845.0,3121135382970.0,562483299231045.0
2006-02-27,178.1,1.0,1.14,0.0064,176.81,178.11,176.12,96007666.0,2524599405165.0,565925912381960.0
2006-02-28,177.45,2.0,-0.65,-0.0036,178.37,178.69,176.43,96131471.0,2525199815982.0,563887977974795.0
2006-03-02,176.85,2.0,-0.6,-0.0034,178.3,178.4,176.83,158515480.0,3623213520701.0,562329067051585.0
2006-03-03,171.67,2.0,-5.18,-0.0293,176.52,176.78,171.19,136904619.0,3756748282290.0,545962296453770.0
2006-03-06,173.86,1.0,2.19,0.0128,172.23,173.86,171.01,109493410.0,2903606655385.0,552955385882285.0
2006-03-07,170.13,2.0,-3.73,-0.0215,172.78,172.78,169.75,110354694.0,3231134871195.0,541141789210530.0
2006-03-08,169.76,2.0,-0.37,-0.0022,168.35,170.91,167.39,113958004.0,3379895492180.0,539654257510960.0
2006-03-09,169.17,2.0,-0.59,-0.0034999999999999,169.72,171.11,169.17,109205559.0,3138092913681.0,537777427869830.0
2006-03-10,170.37,1.0,1.2,0.0070999999999999,169.82,171.65,168.9,87634580.0,2603521896487.0,541544573537115.0
2006-03-13,172.82,1.0,2.45,0.0144,172.04,172.84,171.45,96213573.0,2459502966375.0,549253008671375.0
2006-03-14,171.1,2.0,-1.72,-0.01,173.07,173.16,169.71,91460174.0,2410715166162.0,543654797644105.0
2006-03-15,172.28,1.0,1.18,0.0069,172.59,173.4,171.95,89688003.0,2489177203995.0,547395225147870.0
2006-03-16,172.66,1.0,0.38,0.0022,173.27,174.29,172.2,89187219.0,2396457422765.0,548603580252070.0
2006-03-17,173.48,1.0,0.82,0.0046999999999999,172.1,173.81,170.59,79657633.0,2096045599735.0,551173417481300.0
2006-03-20,174.26,1.0,0.78,0.0045,173.36,174.81,172.64,76536130.0,1931213608235.0,553541743147160.0
2006-03-21,172.87,2.0,-1.39,-0.008,174.31,174.47,172.61,78750244.0,1914955997622.0,549230516206175.0
2006-03-22,169.28,2.0,-3.59,-0.0208,171.52,171.53,168.67,93824585.0,2723285991547.0,537958697283385.0
2006-03-23,169.68,1.0,0.4,0.0024,170.81,171.7,168.09,103445855.0,2615295351590.0,539369113500580.0
2006-03-24,170.86,1.0,1.18,0.0069999999999999,169.61,170.86,168.47,104065659.0,2523801630362.0,543188287048450.0
2006-03-27,172.44,1.0,1.58,0.0092,170.41,173.06,170.36,105503266.0,2504430823025.0,548153431713405.0
2006-03-28,172.77,1.0,0.33,0.0019,172.14,173.17,171.48,93250738.0,2085087376100.0,549258140977215.0
2006-03-29,172.96,1.0,0.19,0.0011,171.12,173.55,170.46,93904678.0,2054710688825.0,549814580769685.0
2006-03-30,173.61,1.0,0.65,0.0038,173.78,174.32,172.77,86752516.0,2037222266970.0,551659416068710.0
2006-03-31,176.21,1.0,2.6,0.015,173.61,176.37,173.35,111995141.0,2923288876551.0,559885141429315.0
2006-04-03,178.89,1.0,2.68,0.0152,176.45,179.22,176.36,127407354.0,2882001132790.0,568355650851890.0
2006-04-04,179.77,1.0,0.88,0.0049,178.92,180.23,178.21,118034333.0,3207962185574.0,571140311379550.0
2006-04-05,179.97,1.0,0.2,0.0011,180.28,181.03,179.26,134180116.0,2960290615066.0,572149246374505.0
2006-04-06,181.1,1.0,1.13,0.0063,181.13,182.42,179.88,151152736.0,2952269116400.0,575631218169450.0
2006-04-07,181.97,1.0,0.87,0.0048,181.19,181.97,180.34,108613203.0,2827461939023.0,578044927435670.0
2006-04-10,181.31,2.0,-0.66,-0.0036,180.86,181.94,180.42,89557657.0,2336348769725.0,575971977626530.0
2006-04-11,179.61,2.0,-1.7,-0.0093999999999999,180.88,181.19,177.84,119983196.0,3431986345155.0,570483470235800.0
2006-04-12,179.13,2.0,-0.48,-0.0027,178.23,179.19,177.69,88644796.0,2260696534070.0,568905047763390.0
2006-04-13,181.91,1.0,2.78,0.0155,179.11,181.91,178.75,103686101.0,2990281029096.0,577742576187775.0
2006-04-14,185.67,1.0,3.76,0.0207,182.55,185.95,181.88,123902279.0,3459891404810.0,589666836353540.0
2006-04-17,184.3,2.0,-1.37,-0.0074,185.95,186.21,183.5,91209959.0,2488633165525.0,585225401280970.0
2006-04-18,184.9,1.0,0.6,0.0033,183.35,185.84,183.28,100400997.0,2904053243720.0,587045830471755.0
2006-04-19,186.34,1.0,1.44,0.0078,187.4,188.06,185.91,143413344.0,3898950621200.0,591677566154850.0
2006-04-20,185.86,2.0,-0.48,-0.0026,186.59,187.39,185.41,115475924.0,3295791587018.0,590259679134465.0
2006-04-21,188.2,1.0,2.34,0.0126,186.67,189.18,186.15,120789841.0,3691252234293.0,597660843546260.0
2006-04-24,185.41,2.0,-2.79,-0.0148,187.71,187.71,184.72,101980677.0,3177252676050.0,588626658777090.0
2006-04-25,185.54,1.0,0.13,0.0007,184.84,186.94,183.93,105976381.0,3298244753873.0,589574245133645.0
2006-04-26,188.34,1.0,2.8,0.0151,185.89,188.34,185.49,104443087.0,3039324551162.0,598327564403170.0
2006-04-27,188.4,1.0,0.06,0.0003,188.8,189.29,187.51,138482929.0,3675746963084.0,598459151883495.0
2006-04-28,184.1,2.0,-4.3,-0.0227999999999999,187.1,187.1,183.23,135416258.0,3693393045660.0,584896936793165.0
2006-05-02,186.17,1.0,2.07,0.0112,184.13,186.19,182.64,124184791.0,3957467697619.0,591375177314530.0
2006-05-03,186.03,2.0,-0.14,-0.0008,186.92,188.61,186.02,128420326.0,3835471038645.0,590706493567395.0
2006-05-04,186.98,1.0,0.95,0.0051,186.23,187.09,184.67,111335865.0,3360946041580.0,593853630861310.0
2006-05-08,188.79,1.0,1.81,0.0097,189.44,189.79,188.32,110427712.0,3405148415844.0,599610234382595.0
2006-05-09,188.51,2.0,-0.28,-0.0015,188.75,189.99,188.04,108354824.0,3208965969860.0,598930631951045.0
2006-05-10,188.62,1.0,0.11,0.0006,188.33,189.18,187.3,97567604.0,2828871321255.0,599185632080150.0
2006-05-11,190.2,1.0,1.58,0.0084,188.25,190.2,187.65,92167920.0,3026975783705.0,604168860731640.0
2006-05-12,187.27,2.0,-2.93,-0.0154,188.06,188.79,185.22,94188253.0,3001946716310.0,594975780942095.0
2006-05-15,183.08,2.0,-4.19,-0.0224,184.41,184.42,182.07,107828639.0,3251102513395.0,581647059318710.0
2006-05-16,179.0,2.0,-4.08,-0.0223,183.32,183.39,177.85,121194528.0,3626130749760.0,568805972122910.0
2006-05-17,181.69,1.0,2.69,0.015,179.72,182.04,179.71,106464628.0,3195907281524.0,577525337952880.0
2006-05-18,177.18,2.0,-4.51,-0.0248,176.26,177.47,175.79,112815704.0,3223153762020.0,562913951258800.0
2006-05-19,177.94,1.0,0.76,0.0043,177.13,177.95,174.58,99886363.0,2882552978467.0,565451225401755.0
2006-05-22,173.6,2.0,-4.34,-0.0243999999999999,178.42,178.43,173.55,92008310.0,2690847951340.0,551630056713580.0
2006-05-23,172.78,2.0,-0.82,-0.0046999999999999,171.66,173.49,170.57,99735656.0,3187918538199.0,548994713465650.0
2006-05-24,173.36,1.0,0.58,0.0034,172.38,173.69,169.32,106358813.0,3217256613233.0,550699619555875.0
2006-05-25,168.33,2.0,-5.03,-0.0289999999999999,173.23,173.28,168.28,84216813.0,2698614593972.0,534721351744045.0
2006-05-26,171.83,1.0,3.5,0.0208,170.99,172.44,170.52,89617689.0,2854543553911.0,545677392650525.0
2006-05-29,172.64,1.0,0.81,0.0046999999999999,173.31,174.21,172.41,76021145.0,2180310766295.0,548184421150290.0
2006-05-30,171.01,2.0,-1.63,-0.0093999999999999,172.59,172.79,170.15,94670961.0,2735272232005.0,542823049412045.0
2006-06-01,168.03,2.0,-2.98,-0.0174,169.84,171.2,167.93,91662325.0,2807671255237.0,533582491660890.0
2006-06-02,169.85,1.0,1.82,0.0108,170.38,170.67,166.68,100908741.0,2753046407098.0,539280043729415.0
2006-06-05,168.83,2.0,-1.02,-0.006,170.81,170.81,167.93,78580547.0,2109888902004.0,536042849559925.0
2006-06-07,164.17,2.0,-4.66,-0.0276,165.23,166.12,163.78,99982006.0,2835579212594.0,521197869621805.0
2006-06-08,158.11,2.0,-6.06,-0.0369,163.22,163.65,158.11,124323080.0,3392085877148.0,501695710780225.0
2006-06-09,159.61,1.0,1.5,0.0095,159.92,160.23,157.32,104002122.0,2839742375930.0,527266130668925.0
2006-06-12,160.05,1.0,0.44,0.0028,158.91,160.07,157.31,83739582.0,2302170832344.0,528668246006490.0
2006-06-13,155.43,2.0,-4.62,-0.0289,156.95,157.43,155.12,92272336.0,2831794088829.0,512965729353840.0
2006-06-14,157.7,1.0,2.27,0.0146,154.15,158.94,153.89,92870482.0,2874335715870.0,520503938036885.0
2006-06-15,157.36,2.0,-0.34,-0.0022,159.07,160.04,156.43,86900874.0,2466943560525.0,519421667813180.0
2006-06-16,163.05,1.0,5.69,0.0362,160.87,163.41,160.81,107388932.0,3075800909933.0,538250329400195.0
2006-06-19,161.79,2.0,-1.26,-0.0077,162.11,162.89,160.45,59504391.0,1832893728337.0,533834249625785.0
2006-06-20,158.48,2.0,-3.31,-0.0204999999999999,160.88,160.93,157.81,85895271.0,2340499428245.0,523014663939865.0
2006-06-21,158.63,1.0,0.15,0.0009,158.91,159.38,157.21,72665761.0,1909054982790.0,523411029459570.0
2006-06-22,160.2,1.0,1.57,0.0098999999999999,161.15,161.43,159.69,95044911.0,2665761486833.0,528782219697505.0
2006-06-23,158.88,2.0,-1.32,-0.0081999999999999,158.5,158.95,156.54,68295051.0,1920986553523.0,524476410779415.0
2006-06-26,160.18,1.0,1.3,0.0081999999999999,158.73,160.43,158.02,115173321.0,2985251408876.0,529118382364215.0
2006-06-27,161.36,1.0,1.18,0.0074,161.18,162.2,160.75,85474879.0,2301222462412.0,533223747403650.0
2006-06-28,160.18,2.0,-1.18,-0.0073,158.61,160.19,158.11,70321906.0,2004571497199.0,529225571983550.0
2006-06-29,163.3,1.0,3.12,0.0195,161.31,164.09,161.31,85748132.0,2445981385459.0,538093614827270.0
2006-06-30,167.45,1.0,4.15,0.0254,166.96,167.6,166.48,105986994.0,3100708411820.0,551824980502770.0
2006-07-03,167.33,2.0,-0.12,-0.0007,167.34,167.83,166.07,77459191.0,2089023888774.0,551532708778490.0
2006-07-04,166.15,2.0,-1.18,-0.0070999999999999,168.64,168.81,165.98,71165613.0,1966667938100.0,548000980307235.0
2006-07-05,165.51,2.0,-0.64,-0.0039,162.85,166.29,162.71,70037166.0,1929104391601.0,545863364168335.0
2006-07-06,163.47,2.0,-2.04,-0.0123,164.3,165.18,162.17,75373474.0,2072664813790.0,539079202196840.0
2006-07-07,164.7,1.0,1.23,0.0075,164.79,165.36,163.88,79282290.0,2077661385800.0,543097185289555.0
2006-07-10,168.27,1.0,3.57,0.0217,163.64,168.3,163.01,86395336.0,2559764477026.0,554677596459075.0
2006-07-11,168.45,1.0,0.18,0.0011,167.77,168.68,166.83,72966592.0,2226619518716.0,555197016072635.0
2006-07-12,167.93,2.0,-0.52,-0.0031,168.82,169.89,167.24,81407267.0,2495420498375.0,553717815381820.0
2006-07-13,166.35,2.0,-1.58,-0.0093999999999999,166.19,168.3,164.65,75733114.0,2340754717695.0,548469834204175.0
2006-07-14,162.33,2.0,-4.02,-0.0242,163.11,163.11,161.22,78342962.0,2385356244334.0,535277632029040.0
2006-07-18,159.69,2.0,-2.64,-0.0163,160.45,160.88,159.39,72224943.0,2022067092328.0,526852190212220.0
2006-07-19,159.76,1.0,0.07,0.0004,160.06,161.25,159.34,62780159.0,1795037170909.0,526876494482215.0
2006-07-20,165.11,1.0,5.35,0.0335,163.85,165.15,163.33,85466725.0,2485269467901.0,544481275486880.0
2006-07-21,165.0,2.0,-0.11,-0.0007,163.46,165.04,163.29,60507240.0,1662899167999.0,543830094425970.0
2006-07-24,163.93,2.0,-1.07,-0.0065,163.27,164.53,161.52,65293064.0,1859887804923.0,539952411801225.0
2006-07-25,166.25,1.0,2.32,0.0141999999999999,165.8,167.22,165.79,71862686.0,2206670448480.0,547640734136015.0
2006-07-26,166.1,2.0,-0.15,-0.0009,166.88,167.08,165.82,58085336.0,1642504452995.0,547081919571935.0
2006-07-27,168.52,1.0,2.42,0.0146,166.28,169.03,165.85,99322295.0,2469909152051.0,554839642900580.0
2006-07-28,168.54,1.0,0.02,0.0001,168.03,169.23,167.98,88842739.0,1889838098795.0,555059676789315.0
2006-07-31,168.51,2.0,-0.03,-0.0002,170.81,171.12,168.51,73819639.0,2250923070882.0,555124736933860.0
2006-08-01,167.14,2.0,-1.37,-0.0081,168.35,169.82,167.01,78202937.0,2242423714925.0,550830560121540.0
2006-08-02,168.27,1.0,1.13,0.0068,166.46,168.27,165.86,73213635.0,2116544906452.0,554351390219810.0
2006-08-03,167.94,2.0,-0.33,-0.002,169.29,169.61,167.39,85522339.0,2588394146081.0,553145730093805.0
2006-08-04,169.68,1.0,1.74,0.0104,168.49,169.83,168.49,76864263.0,2055113720975.0,558862536094550.0
2006-08-07,167.61,2.0,-2.07,-0.0121999999999999,170.21,170.25,167.57,66700735.0,1790261028485.0,552031853551270.0
2006-08-08,170.68,1.0,3.07,0.0183,167.81,170.68,167.8,71869755.0,2076135186453.0,562134482661725.0
2006-08-09,171.11,1.0,0.43,0.0025,170.17,172.08,168.77,83835220.0,2214095953659.0,563637308730760.0
2006-08-10,169.44,2.0,-1.67,-0.0098,170.6,171.08,168.02,91749876.0,2586930042395.0,558372185672180.0
2006-08-11,167.65,2.0,-1.79,-0.0106,170.51,171.24,167.6,78699471.0,2180506469505.0,552682375455870.0
2006-08-14,168.19,1.0,0.54,0.0032,168.11,169.43,167.12,67547071.0,1804106550690.0,554532440800235.0
2006-08-16,171.01,1.0,2.82,0.0168,170.43,171.58,169.74,100352182.0,2809480859081.0,563816784194990.0
2006-08-17,172.65,1.0,1.64,0.0096,172.4,173.74,172.4,107129047.0,3059046499850.0,569247807005385.0
2006-08-18,173.17,1.0,0.52,0.003,172.94,173.87,172.21,86745167.0,2755871875022.0,570920957421850.0
2006-08-21,171.96,2.0,-1.21,-0.0069999999999999,173.46,174.13,171.21,75497124.0,1938719874096.0,566843462240035.0
2006-08-22,173.81,1.0,1.85,0.0108,171.97,173.97,171.96,80167738.0,2099673357925.0,572777430028505.0
2006-08-23,172.33,2.0,-1.48,-0.0085,173.42,173.52,171.65,84952419.0,2021292628717.0,568046736623230.0
2006-08-24,171.08,2.0,-1.25,-0.0073,171.94,171.97,170.23,71978252.0,1901715740834.0,563810357615950.0
2006-08-25,172.92,1.0,1.84,0.0108,171.32,173.58,171.24,94181181.0,2125188412710.0,569666044162660.0
2006-08-28,172.64,2.0,-0.28,-0.0016,172.98,173.79,172.27,73960429.0,1859051825171.0,569828828474130.0
2006-08-29,174.79,1.0,2.15,0.0125,173.79,174.94,173.78,94639767.0,2260341651100.0,576913605971205.0
2006-08-30,174.16,2.0,-0.63,-0.0036,175.01,175.08,173.71,96635014.0,2220845555263.0,574909418855765.0
2006-08-31,175.44,1.0,1.28,0.0073,175.08,176.71,174.51,116032394.0,2688562997258.0,579313515458005.0
2006-09-01,175.99,1.0,0.55,0.0031,175.73,176.06,175.03,87564246.0,2020244626160.0,581077375117590.0
2006-09-04,176.32,1.0,0.33,0.0019,176.97,177.14,176.32,81634167.0,2069948443650.0,582106698849130.0
2006-09-05,176.75,1.0,0.43,0.0024,176.57,176.9,175.99,89954054.0,1895278254002.0,583381785497280.0
2006-09-06,176.19,2.0,-0.56,-0.0032,176.91,177.25,175.7,84668443.0,2215288458216.0,581393509789525.0
2006-09-07,175.43,2.0,-0.76,-0.0043,175.49,175.83,174.27,86229128.0,2017814416113.0,578713482210670.0
2006-09-08,175.78,1.0,0.35,0.002,174.7,176.29,174.58,92991799.0,2000411777308.0,579881273818730.0
2006-09-11,173.0,2.0,-2.78,-0.0158,176.06,176.06,172.93,72054082.0,1934305167094.0,570690489946795.0
2006-09-12,172.28,2.0,-0.72,-0.0042,173.02,173.77,171.71,96290366.0,2032563094265.0,568432022796370.0
2006-09-13,172.93,1.0,0.65,0.0038,174.05,174.16,172.85,77900826.0,2221653076446.0,570614177056720.0
2006-09-14,176.35,1.0,3.42,0.0197999999999999,172.96,176.35,172.3,111977566.0,3562499590660.0,582131075280425.0
2006-09-15,176.51,1.0,0.16,0.0009,175.85,176.53,175.21,83610228.0,2230024168105.0,582552629126790.0
2006-09-18,178.28,1.0,1.77,0.01,176.38,178.81,176.08,107671705.0,2934385805650.0,588209173689335.0
2006-09-19,178.32,1.0,0.04,0.0002,178.41,178.92,177.81,88364011.0,2328181509130.0,588047302090670.0
2006-09-20,177.34,2.0,-0.98,-0.0055,177.3,177.71,175.81,84485272.0,2430523686555.0,584617260096005.0
2006-09-21,177.31,2.0,-0.03,-0.0002,178.24,178.99,176.87,92122522.0,2572980462935.0,584512686841165.0
2006-09-22,175.0,2.0,-2.31,-0.013,176.22,176.48,174.27,108576211.0,2811478612017.0,576734973377095.0
2006-09-25,176.03,1.0,1.03,0.0059,175.04,176.45,174.69,81731762.0,2200445272570.0,580028572575320.0
2006-09-26,174.58,2.0,-1.45,-0.0081999999999999,176.78,176.9,173.88,89874162.0,2173302885455.0,575016132623365.0
2006-09-27,176.74,1.0,2.16,0.0124,175.65,176.93,175.62,108474586.0,2632597918200.0,582063708349940.0
2006-09-28,178.21,1.0,1.47,0.0083,177.09,178.36,176.61,109561721.0,2543197529582.0,587056076474140.0
2006-09-29,178.05,2.0,-0.16,-0.0009,178.67,178.95,177.56,123415093.0,2179661401523.0,586641705527320.0
2006-10-02,178.46,1.0,0.41,0.0023,177.91,179.43,177.53,141488105.0,1997058905647.0,588180333859945.0
2006-10-04,175.48,2.0,-2.98,-0.0167,177.4,178.21,174.68,114790572.0,2526296837550.0,578305882616570.0
2006-10-09,171.78,2.0,-3.7,-0.0210999999999999,176.22,177.43,169.57,165876743.0,3789097297868.0,566156102477005.0
2006-10-10,172.78,1.0,1.0,0.0058,172.31,173.65,172.24,114986562.0,2228662908601.0,569335756083615.0
2006-10-11,172.51,2.0,-0.27,-0.0016,171.47,173.43,171.23,93763655.0,2189215393590.0,568215199586625.0
2006-10-12,173.1,1.0,0.59,0.0034,172.54,174.09,172.25,90789133.0,2401876236328.0,570367659513495.0
2006-10-13,175.42,1.0,2.32,0.0134,175.48,176.08,175.04,138807163.0,2588387183280.0,577839712875575.0
2006-10-16,176.51,1.0,1.09,0.0062,176.47,176.77,175.62,94702554.0,2451529913625.0,581399376920150.0
2006-10-17,175.85,2.0,-0.66,-0.0037,176.98,176.98,174.42,98487176.0,2069911293870.0,579231695605210.0
2006-10-18,176.19,1.0,0.34,0.0019,175.11,176.52,174.11,122990712.0,2315162821120.0,580378826989730.0
2006-10-19,176.11,2.0,-0.08,-0.0005,176.46,176.82,175.57,112420377.0,2339135774509.0,580001871386815.0
2006-10-20,177.35,1.0,1.24,0.0069999999999999,176.49,177.71,176.45,115846336.0,2659989878538.0,584316857472625.0
2006-10-23,177.36,1.0,0.01,0.0001,177.66,177.97,176.51,89468272.0,2353588554189.0,584261122388100.0
2006-10-24,177.49,1.0,0.13,0.0007,178.48,178.6,177.15,95382888.0,2477096324538.0,584577930080260.0
2006-10-25,178.2,1.0,0.71,0.004,177.78,178.69,177.4,82574235.0,2244786597540.0,586947113547240.0
2006-10-26,178.53,1.0,0.33,0.0019,178.51,179.0,177.91,91222411.0,2436832398883.0,588119327050185.0
2006-10-27,177.85,2.0,-0.68,-0.0038,179.06,179.24,176.98,84622898.0,2510727608806.0,585998101031290.0
2006-10-30,175.99,2.0,-1.86,-0.0105,177.05,177.06,175.65,69851171.0,1911862430098.0,580083355524725.0
2006-10-31,176.84,1.0,0.85,0.0048,176.04,176.91,175.2,152211849.0,2463243351895.0,583120458478730.0
2006-11-01,177.94,1.0,1.1,0.0062,177.76,178.5,176.97,93675932.0,2352617154390.0,586838189420780.0
2006-11-02,179.22,1.0,1.28,0.0072,177.58,179.22,177.41,86565199.0,2339725964746.0,591071296160325.0
2006-11-03,179.14,2.0,-0.08,-0.0004,179.34,179.42,178.56,91123665.0,2367286805601.0,590930437611465.0
2006-11-06,178.41,2.0,-0.73,-0.0040999999999999,178.51,178.51,176.37,104041372.0,2082798722375.0,588439755934815.0
2006-11-07,179.45,1.0,1.04,0.0058,179.72,180.18,179.19,91402172.0,2402061524905.0,592079932187155.0
2006-11-08,178.61,2.0,-0.84,-0.0046999999999999,179.97,180.27,178.51,102795033.0,2221605237285.0,589295574415520.0
2006-11-09,181.31,1.0,2.7,0.0151,178.93,181.31,178.89,85441447.0,2665227771546.0,598094282662175.0
2006-11-10,180.78,2.0,-0.53,-0.0029,180.55,181.42,180.29,77259479.0,2108754417222.0,596187746603540.0
2006-11-13,180.93,1.0,0.15,0.0008,181.3,181.35,179.51,75836730.0,2147615328653.0,596741292066940.0
2006-11-14,182.3,1.0,1.37,0.0076,181.75,182.34,181.34,91065225.0,2504341411410.0,601325420549585.0
2006-11-15,182.9,1.0,0.6,0.0033,182.87,183.07,182.11,101765638.0,2666190143022.0,603443434806860.0
2006-11-16,182.69,2.0,-0.21,-0.0011,183.56,183.56,182.45,116397838.0,2350041073860.0,602536970452965.0
2006-11-17,182.94,1.0,0.25,0.0014,183.18,183.53,182.23,116586831.0,2099483699219.0,603176149163585.0
2006-11-20,181.6,2.0,-1.34,-0.0073,183.13,183.16,181.41,101617059.0,2328449996510.0,598915383178595.0
2006-11-21,182.06,1.0,0.46,0.0025,181.76,182.25,181.34,120635194.0,2968106350880.0,599805022834285.0
2006-11-22,184.24,1.0,2.18,0.012,181.92,184.27,181.91,104783508.0,2443888700886.0,607210652001500.0
2006-11-23,183.77,2.0,-0.47,-0.0026,183.8,184.48,183.12,102719802.0,2535125160413.0,605356066739845.0
2006-11-24,183.91,1.0,0.14,0.0008,183.87,184.36,182.61,110346529.0,2562971243432.0,606022592259975.0
2006-11-27,184.27,1.0,0.36,0.002,183.61,184.34,183.0,92732294.0,2243446848517.0,607194483612365.0
2006-11-28,182.42,2.0,-1.85,-0.01,181.95,182.76,181.62,82683967.0,2307937457289.0,600885293330750.0
2006-11-29,183.8,1.0,1.38,0.0076,182.69,184.15,182.64,95059232.0,2791667526001.0,605525273552420.0
2006-11-30,184.96,1.0,1.16,0.0063,184.47,185.41,184.47,94174781.0,2510150645857.0,609426233805915.0
2006-12-01,185.28,1.0,0.32,0.0017,185.12,185.54,184.43,80089109.0,2163785404934.0,609717415811340.0
2006-12-04,184.31,2.0,-0.97,-0.0052,184.83,185.11,184.27,77862446.0,1942535539794.0,606332726735740.0
2006-12-05,183.53,2.0,-0.78,-0.0042,185.11,185.64,183.5,125528066.0,3200887535203.0,603783732443980.0
2006-12-06,182.6,2.0,-0.93,-0.0051,183.8,183.83,180.77,88637632.0,2435318241062.0,600532038011735.0
2006-12-07,182.19,2.0,-0.41,-0.0022,182.35,182.97,181.76,101834173.0,2368451603096.0,599188494338405.0
2006-12-08,179.49,2.0,-2.7,-0.0148,180.84,180.84,178.94,90894436.0,2444931252799.0,590326459036610.0
2006-12-11,179.5,1.0,0.01,0.0001,179.45,180.25,179.32,58666799.0,1832689780330.0,590194282165430.0
2006-12-12,177.93,2.0,-1.57,-0.0087,179.7,179.86,177.44,68018799.0,2022113518627.0,584687586677210.0
2006-12-13,178.75,1.0,0.82,0.0046,177.76,179.3,177.49,68412579.0,2083935704304.0,587154649275870.0
2006-12-14,183.57,1.0,4.82,0.027,179.04,183.57,177.83,116454436.0,4051419543080.0,603134995072145.0
2006-12-15,183.82,1.0,0.25,0.0014,183.51,184.45,182.62,183160199.0,2429737996860.0,604074934285480.0
2006-12-18,185.38,1.0,1.56,0.0085,184.55,186.02,184.54,102036219.0,2257643771974.0,609218682792750.0
2006-12-19,184.63,2.0,-0.75,-0.004,185.08,185.82,184.31,84591468.0,2123480007122.0,606970201066795.0
2006-12-20,186.54,1.0,1.91,0.0103,184.92,187.07,184.92,110767334.0,2453725708905.0,613622116150600.0
2006-12-21,185.81,2.0,-0.73,-0.0039,186.8,187.06,185.48,81283315.0,2137120709260.0,611568166761075.0
2006-12-22,185.98,1.0,0.17,0.0009,185.26,186.29,185.25,84024926.0,1991702391417.0,612327817320685.0
2006-12-26,185.62,2.0,-0.36,-0.0019,185.59,186.49,184.02,93765492.0,2098957349295.0,611597017850250.0
2006-12-27,184.3,2.0,-1.32,-0.0070999999999999,184.56,184.96,183.46,56587932.0,1383859469010.0,607862815759045.0
2006-12-28,185.39,1.0,1.09,0.0059,185.45,185.93,184.26,68619695.0,1561386208120.0,611362974757125.0
2007-01-02,185.7,1.0,0.31,0.0017,186.02,186.15,184.91,68789876.0,1732926629867.0,612070671703620.0
2007-01-03,182.13,2.0,-3.57,-0.0192,185.84,186.02,182.13,87839145.0,2186879216539.0,600687998529190.0
2007-01-04,180.52,2.0,-1.61,-0.0088,182.26,182.3,179.32,108367077.0,2542768941485.0,595733562100500.0
2007-01-05,179.1,2.0,-1.42,-0.0079,180.71,180.97,177.33,158915015.0,2981903900340.0,590635967620170.0
2007-01-08,177.08,2.0,-2.02,-0.0113,177.8,178.86,176.45,93591987.0,2226268629046.0,583989587679425.0
2007-01-09,177.52,1.0,0.44,0.0025,177.91,178.58,176.64,101666040.0,2090146881851.0,585392042920385.0
2007-01-10,174.99,2.0,-2.53,-0.0143,177.22,177.22,173.58,114430416.0,2480113653515.0,576904488726105.0
2007-01-11,176.26,1.0,1.27,0.0073,175.21,177.67,174.99,108805409.0,2272036137008.0,580953412702320.0
2007-01-12,179.36,1.0,3.1,0.0176,178.21,179.64,177.29,93939979.0,2762705586920.0,591633522337095.0
2007-01-15,179.82,1.0,0.46,0.0026,180.55,180.66,179.09,66825031.0,2094822876760.0,593009269547875.0
2007-01-16,179.73,2.0,-0.09,-0.0005,179.98,180.31,179.14,71470070.0,1824810286301.0,592697467579740.0
2007-01-17,178.5,2.0,-1.23,-0.0068,180.05,180.05,176.98,86595275.0,2281069530122.0,588338727253970.0
2007-01-18,179.12,1.0,0.62,0.0034999999999999,178.33,179.3,177.57,66956156.0,2150375998713.0,590397094116940.0
2007-01-19,176.23,2.0,-2.89,-0.0161,177.21,177.84,175.62,87851859.0,2558872018329.0,580787285257420.0
2007-01-22,176.83,1.0,0.6,0.0034,176.81,177.01,174.75,71243718.0,2116620600907.0,582600698440215.0
2007-01-23,176.9,1.0,0.07,0.0004,175.44,177.33,175.35,66141433.0,2033501207139.0,582842903235985.0
2007-01-24,179.37,1.0,2.47,0.0139999999999999,177.81,179.52,177.64,72766822.0,2239603310530.0,591323211865075.0
2007-01-25,179.12,2.0,-0.25,-0.0014,180.6,180.6,178.73,62930804.0,1813955883640.0,590571348984185.0
2007-01-26,177.58,2.0,-1.54,-0.0086,177.83,178.65,176.88,59571002.0,2078876842721.0,585431136293875.0
2007-01-29,176.41,2.0,-1.17,-0.0066,178.32,178.57,176.2,56887068.0,1926667663906.0,581463753031930.0
2007-01-30,177.45,1.0,1.04,0.0059,176.7,177.68,176.08,61742122.0,1894498756493.0,584765838960320.0
2007-01-31,175.99,2.0,-1.46,-0.0081999999999999,178.01,178.01,175.65,96764770.0,1903546852982.0,579823993404855.0
2007-02-01,179.1,1.0,3.11,0.0177,176.89,179.1,176.21,75431906.0,2430936130739.0,590067174965250.0
2007-02-02,183.2,1.0,4.1,0.0229,179.58,183.23,179.54,104389070.0,3613253131138.0,603484227602820.0
2007-02-05,183.73,1.0,0.53,0.0029,183.21,184.13,182.66,76543419.0,2624236162980.0,605252451334920.0
2007-02-06,185.09,1.0,1.36,0.0074,183.46,185.12,183.17,79576499.0,2474694885601.0,610085323030650.0
2007-02-07,184.67,2.0,-0.42,-0.0023,185.34,185.39,183.66,77870722.0,2456336150498.0,608651101437180.0
2007-02-08,184.25,2.0,-0.42,-0.0023,184.43,185.29,183.23,71977854.0,2363559176787.0,607275656852410.0
2007-02-09,184.72,1.0,0.47,0.0026,184.4,185.47,184.13,73179084.0,2220635946502.0,608841281966480.0
2007-02-12,182.8,2.0,-1.92,-0.0104,183.22,183.22,181.36,74174132.0,2404738212795.0,602657903042645.0
2007-02-13,183.29,1.0,0.49,0.0027,182.59,184.17,182.18,75430409.0,2404160048035.0,604229851093025.0
2007-02-14,185.72,1.0,2.43,0.0133,184.77,186.39,184.77,91226769.0,3003379521364.0,611902414666005.0
2007-02-15,186.82,1.0,1.1,0.0059,187.64,187.71,186.5,91320963.0,2859893358536.0,615367326970380.0
2007-02-16,187.57,1.0,0.75,0.004,186.9,187.58,186.12,93601306.0,3068055450242.0,617692910555570.0
2007-02-20,188.12,1.0,0.55,0.0029,187.83,188.2,186.85,70791034.0,2007290970592.0,619558759336445.0
2007-02-21,187.9,2.0,-0.22,-0.0012,188.5,188.7,186.96,85084884.0,2581504152795.0,618988915192445.0
2007-02-22,189.72,1.0,1.82,0.0097,188.09,190.58,188.07,96145148.0,2972652605368.0,625061221939435.0
2007-02-23,190.19,1.0,0.47,0.0025,190.4,190.46,188.87,126140009.0,4534548795575.0,626810298544160.0
2007-02-26,190.12,2.0,-0.07,-0.0004,189.69,190.24,189.07,79458163.0,2648110257507.0,626461796957955.0
2007-02-27,188.15,2.0,-1.97,-0.0104,189.93,189.93,188.02,84214491.0,2543030041207.0,619881813344145.0
2007-02-28,183.2,2.0,-4.95,-0.0263,180.5,183.2,180.27,165234755.0,3830729143544.0,603495518774265.0
2007-03-02,182.78,2.0,-0.42,-0.0023,181.87,184.02,181.69,115527385.0,3009441850520.0,602057783820955.0
2007-03-05,177.69,2.0,-5.09,-0.0278,180.94,181.45,177.61,86418112.0,2726780332217.0,585286875909430.0
2007-03-06,181.23,1.0,3.54,0.0199,178.66,181.42,178.66,78065024.0,2476827590119.0,596911558268280.0
2007-03-07,182.36,1.0,1.13,0.0062,182.9,182.91,180.46,81316595.0,2649592289574.0,600574665151200.0
2007-03-08,183.94,1.0,1.58,0.0087,182.07,185.31,181.93,98600320.0,2800073194080.0,605849615291265.0
2007-03-09,183.87,2.0,-0.07,-0.0004,185.24,185.43,182.83,80911045.0,2566368296045.0,605640820216365.0
2007-03-12,186.36,1.0,2.49,0.0135,184.7,186.42,184.7,81694349.0,2400535909511.0,613636926195370.0
2007-03-13,185.72,2.0,-0.64,-0.0034,186.32,186.42,185.23,74362745.0,2325164418765.0,611435033399235.0
2007-03-14,181.81,2.0,-3.91,-0.0210999999999999,182.2,183.17,181.54,75986236.0,2447636752744.0,598659605496770.0
2007-03-15,184.41,1.0,2.6,0.0143,183.35,184.75,182.79,69875158.0,2174118621401.0,607216203849370.0
2007-03-16,184.42,1.0,0.01,0.0001,184.59,185.0,182.84,65891593.0,1912063901085.0,607326905765265.0
2007-03-19,186.31,1.0,1.89,0.0102,184.01,186.55,183.4,80959748.0,2246102376995.0,613938832298085.0
2007-03-20,186.34,1.0,0.03,0.0002,187.02,187.07,185.82,105277931.0,2472166251017.0,614340190257370.0
2007-03-21,186.24,2.0,-0.1,-0.0005,186.58,187.49,185.22,104975482.0,2273242911972.0,613831152891630.0
2007-03-22,187.15,1.0,0.91,0.0049,187.48,188.13,186.97,109014105.0,2956991438217.0,616662947026295.0
2007-03-23,186.89,2.0,-0.26,-0.0014,187.39,187.98,186.33,92549397.0,2313894220985.0,615727449822255.0
2007-03-26,187.19,1.0,0.3,0.0016,187.41,188.09,186.43,102149748.0,2424191119370.0,616635313245935.0
2007-03-27,187.68,1.0,0.49,0.0026,187.21,188.18,186.19,85882555.0,2498857813536.0,618216743218425.0
2007-03-28,185.96,2.0,-1.72,-0.0092,187.48,188.21,185.06,94528665.0,2860384712545.0,612455155343715.0
2007-03-29,187.44,1.0,1.48,0.008,185.32,187.78,185.01,88496962.0,2860309966717.0,617187239716510.0
2007-03-30,187.6,1.0,0.16,0.0009,188.33,188.58,186.98,85610033.0,2680662176985.0,617745748745140.0
2007-04-02,188.56,1.0,0.96,0.0051,188.05,189.25,187.97,103872443.0,2897072676135.0,620873210012215.0
2007-04-03,189.12,1.0,0.56,0.003,189.1,189.26,187.67,118149150.0,3031174396918.0,622744695726880.0
2007-04-04,191.77,1.0,2.65,0.0139999999999999,190.59,191.98,190.0,129099477.0,3826924394010.0,631289087019370.0
2007-04-05,191.41,2.0,-0.36,-0.0019,192.0,192.07,190.99,84128884.0,2535450833167.0,630386926656420.0
2007-04-06,191.63,1.0,0.22,0.0011,192.22,192.34,190.8,92217051.0,2686870875465.0,631157539515285.0
2007-04-09,193.85,1.0,2.22,0.0116,192.4,193.92,192.34,130993266.0,3267176433558.0,638245343979650.0
2007-04-10,193.55,2.0,-0.3,-0.0015,193.75,193.94,192.6,115123704.0,3201640566785.0,637145090018980.0
2007-04-11,195.27,1.0,1.72,0.0089,194.75,196.15,194.56,126443084.0,4225404859168.0,643249076647300.0
2007-04-12,196.81,1.0,1.54,0.0079,194.77,196.82,194.38,113652215.0,3696679655177.0,648475894215915.0
2007-04-13,195.85,2.0,-0.96,-0.0049,196.43,196.77,194.83,105116402.0,3484558311119.0,645428444648500.0
2007-04-16,197.1,1.0,1.25,0.0064,196.24,197.29,195.65,112813866.0,3221258514732.0,650188818249210.0
2007-04-17,196.57,2.0,-0.53,-0.0027,197.92,197.96,195.97,109094764.0,3560881066024.0,649072370328685.0
2007-04-18,197.31,1.0,0.74,0.0038,197.04,197.86,196.64,101529821.0,3335691601891.0,651356619068295.0
2007-04-19,194.59,2.0,-2.72,-0.0138,197.6,197.67,193.51,108707631.0,3658139099420.0,642403460821210.0
2007-04-20,197.24,1.0,2.65,0.0136,195.27,197.24,195.27,108797988.0,3601208546876.0,650431034811080.0
2007-04-23,198.62,1.0,1.38,0.0069999999999999,198.82,199.88,197.67,120484954.0,3932749938357.0,654978122822020.0
2007-04-24,200.02,1.0,1.4,0.0069999999999999,198.69,200.21,197.68,124871713.0,4478672541357.0,659748072903015.0
2007-04-25,198.43,2.0,-1.59,-0.0079,200.16,200.27,197.17,155384051.0,5315615123530.0,654505463922055.0
2007-04-26,199.75,1.0,1.32,0.0067,200.4,201.23,199.7,119939267.0,4253423106256.0,658519733061295.0
2007-04-27,198.28,2.0,-1.47,-0.0074,198.76,199.53,197.5,101418414.0,3678562413540.0,653555629154360.0
2007-04-30,198.55,1.0,0.27,0.0014,197.9,198.55,196.88,70534112.0,3239554445446.0,653690709693890.0
2007-05-02,199.86,1.0,1.31,0.0066,199.76,200.43,199.09,83992435.0,3040658345864.0,657714515833115.0
2007-05-03,200.67,1.0,0.81,0.0040999999999999,201.12,201.24,200.0,87117272.0,3053203156415.0,660570341204295.0
2007-05-04,201.56,1.0,0.89,0.0044,201.1,201.56,200.29,91369015.0,3204483359033.0,663385233266095.0
2007-05-07,203.57,1.0,2.01,0.01,202.45,203.8,202.42,115209583.0,3945552754428.0,670074542223645.0
2007-05-08,203.51,2.0,-0.06,-0.0003,203.64,204.29,202.76,110687855.0,4279369221125.0,670062358048695.0
2007-05-09,204.77,1.0,1.26,0.0062,203.47,204.77,202.78,94205100.0,3368265351694.0,674523499337075.0
2007-05-10,205.51,1.0,0.74,0.0036,205.94,207.81,205.51,115513095.0,4410791829705.0,676721801907935.0
2007-05-11,206.06,1.0,0.55,0.0027,204.14,206.24,203.33,102369365.0,3709275448391.0,678344589037855.0
2007-05-14,206.28,1.0,0.22,0.0011,207.12,208.46,205.47,112779737.0,3909485197916.0,679039284337005.0
2007-05-15,204.22,2.0,-2.06,-0.01,205.54,207.13,204.12,103640863.0,3576831422943.0,672216792216945.0
2007-05-16,205.62,1.0,1.4,0.0069,204.42,205.73,203.79,114179060.0,3487618392830.0,676645607898775.0
2007-05-17,207.35,1.0,1.73,0.0084,207.32,207.49,206.48,103298890.0,3617959605789.0,682276963671010.0
2007-05-18,206.69,2.0,-0.66,-0.0032,206.96,207.58,205.17,89701912.0,3464539990988.0,680257650453775.0
2007-05-21,208.74,1.0,2.05,0.0098999999999999,205.44,208.86,205.41,114917586.0,4056099403513.0,687486075231945.0
2007-05-22,210.69,1.0,1.95,0.0093,209.33,210.74,208.47,132809957.0,5000203840125.0,693789673421895.0
2007-05-23,211.15,1.0,0.46,0.0022,211.22,211.87,210.14,111580582.0,3936362699185.0,694932025205205.0
2007-05-25,210.54,2.0,-0.61,-0.0029,208.83,210.7,208.63,106207351.0,3472693209362.0,693027195125305.0
2007-05-28,211.88,1.0,1.34,0.0064,211.17,212.05,210.56,116768361.0,3382656523525.0,697426971094705.0
2007-05-29,212.06,1.0,0.18,0.0008,212.38,212.81,210.87,124117956.0,4229640432760.0,698285758108625.0
2007-05-30,211.76,2.0,-0.3,-0.0014,211.93,211.97,208.82,138362358.0,5075470014988.0,697218799374555.0
2007-05-31,216.45,1.0,4.69,0.0220999999999999,214.34,216.67,213.58,169538991.0,6246407449275.0,712533896491350.0
2007-06-01,218.74,1.0,2.29,0.0106,218.01,222.38,217.3,200863034.0,7189884045906.0,719698813168765.0
2007-06-04,221.9,1.0,3.16,0.0144,221.04,222.55,218.68,169610142.0,6366875090281.0,729919860720135.0
2007-06-05,222.37,1.0,0.47,0.0021,221.58,222.97,219.6,193301574.0,5517547813505.0,731600275831830.0
2007-06-07,223.17,1.0,0.8,0.0036,219.75,223.25,219.04,180901094.0,5622265257764.0,734378927116875.0
2007-06-08,219.8,2.0,-3.37,-0.0151,220.7,221.17,218.36,167576994.0,5765519887490.0,723579137305170.0
2007-06-11,218.39,2.0,-1.41,-0.0064,221.38,221.7,217.62,192456689.0,5549425142227.0,719166665408305.0
2007-06-12,219.94,1.0,1.55,0.0070999999999999,218.02,220.07,217.78,157488120.0,4734220221881.0,724197208527165.0
2007-06-13,218.59,2.0,-1.35,-0.0060999999999999,218.72,219.9,217.8,151880219.0,4748308224505.0,719633238557505.0
2007-06-14,224.46,1.0,5.87,0.0269,221.05,224.46,220.87,176884824.0,6373796138259.0,739011597258550.0
2007-06-15,224.61,1.0,0.15,0.0007,224.85,225.26,223.53,156003079.0,5833218485583.0,742526944935440.0
2007-06-18,228.8,1.0,4.19,0.0187,226.27,228.89,225.92,179902293.0,6049052019890.0,756316206806225.0
2007-06-19,229.04,1.0,0.24,0.001,229.75,229.75,227.35,170075026.0,6121916001880.0,757459265371590.0
2007-06-20,226.58,2.0,-2.46,-0.0107,229.76,229.79,225.8,207789617.0,7243348691158.0,749328413370950.0
2007-06-21,227.81,1.0,1.23,0.0054,225.65,229.08,224.83,197473382.0,6915299606440.0,753652436902395.0
2007-06-22,224.95,2.0,-2.86,-0.0126,228.65,228.86,223.61,241224034.0,6504515198653.0,744153228898685.0
2007-06-25,223.4,2.0,-1.55,-0.0069,222.73,227.1,222.04,124854603.0,4524750773033.0,739136775678770.0
2007-06-26,222.43,2.0,-0.97,-0.0043,223.92,224.73,220.36,111227442.0,4077895769040.0,735842331367325.0
2007-06-27,220.35,2.0,-2.08,-0.0093999999999999,222.34,222.34,219.36,101971035.0,3880880993097.0,728856911853295.0
2007-06-28,222.6,1.0,2.25,0.0102,221.93,222.69,220.8,92486822.0,3602558789991.0,736392065311680.0
2007-06-29,221.31,2.0,-1.29,-0.0058,223.09,224.37,221.24,104236994.0,4193453194566.0,732334153653220.0
2007-07-02,224.75,1.0,3.44,0.0155,220.88,224.78,220.13,91098637.0,3532934880209.0,743361750871195.0
2007-07-03,229.29,1.0,4.54,0.0202,227.29,229.45,226.7,137616840.0,5581941864125.0,758112815145155.0
2007-07-04,233.43,1.0,4.14,0.0181,230.61,233.57,230.38,156599858.0,6009733018574.0,772267582680250.0
2007-07-05,234.75,1.0,1.32,0.0056999999999999,233.83,237.03,233.31,162175656.0,6567496955951.0,776822496555435.0
2007-07-06,236.52,1.0,1.77,0.0075,235.5,236.94,233.55,153595924.0,5859279635589.0,782279966626850.0
2007-07-09,239.68,1.0,3.16,0.0134,237.23,240.49,237.23,157938849.0,5769068899654.0,792579783543240.0
2007-07-10,241.02,1.0,1.34,0.0056,240.0,241.28,239.29,122719501.0,5101815468944.0,796555020644270.0
2007-07-11,240.46,2.0,-0.56,-0.0023,239.22,242.52,238.48,120455570.0,4757802068152.0,794651317076210.0
2007-07-12,242.86,1.0,2.4,0.01,241.34,244.74,241.33,128711294.0,5354899581793.0,802122068303515.0
2007-07-13,250.19,1.0,7.33,0.0302,247.55,250.2,247.17,155575056.0,7492269249925.0,825472484657230.0
2007-07-16,247.91,2.0,-2.28,-0.0091,250.38,251.28,245.85,137375335.0,6094805858675.0,818984614297750.0
2007-07-18,244.92,2.0,-2.99,-0.0121,248.28,248.46,244.92,137020237.0,6286200029518.0,809880340460490.0
2007-07-19,245.7,1.0,0.78,0.0032,245.43,247.59,243.71,112689751.0,4910545634740.0,811778683644515.0
2007-07-20,251.45,1.0,5.75,0.0233999999999999,247.05,251.45,245.62,129644167.0,5485031443768.0,830626568220025.0
2007-07-23,252.28,1.0,0.83,0.0033,250.66,252.47,249.2,140444802.0,5716911279130.0,833232232331875.0
2007-07-24,252.61,1.0,0.33,0.0013,253.18,253.55,250.15,137434579.0,5660645340955.0,834646601092800.0
2007-07-25,253.93,1.0,1.32,0.0052,253.14,254.93,248.75,134367363.0,5845755607495.0,828301167076920.0
2007-07-26,248.75,2.0,-5.18,-0.0204,254.71,255.38,248.74,158373782.0,6189142886689.0,811477550015475.0
2007-07-27,238.34,2.0,-10.41,-0.0418,243.56,243.57,236.15,149270813.0,6737660730890.0,777280902741410.0
2007-07-30,241.39,1.0,3.05,0.0128,237.31,241.41,235.22,116251002.0,4788940050335.0,787051059425420.0
2007-07-31,244.32,1.0,2.93,0.0121,242.46,244.34,240.09,121746728.0,5119786621216.0,796722480699530.0
2007-08-01,234.36,2.0,-9.96,-0.0408,242.63,242.63,231.26,135889135.0,6418330072850.0,764427678456105.0
2007-08-02,233.84,2.0,-0.52,-0.0022,236.5,238.66,228.41,119483225.0,5316907874333.0,762730271865685.0
2007-08-03,236.91,1.0,3.07,0.0131,236.57,238.95,235.48,93443812.0,4176347534903.0,772546106850470.0
2007-08-06,233.92,2.0,-2.99,-0.0126,230.97,233.98,230.61,84782240.0,3679564691796.0,762927750104775.0
2007-08-07,234.5,1.0,0.58,0.0025,238.15,238.19,233.23,88720268.0,3547019685680.0,764903730434860.0
2007-08-08,240.07,1.0,5.57,0.0237999999999999,237.06,240.48,236.25,115048930.0,4691502578838.0,783427367422310.0
2007-08-09,241.0,1.0,0.93,0.0039,242.85,243.73,239.84,115667030.0,5141170460200.0,786064851431150.0
2007-08-10,230.68,2.0,-10.32,-0.0428,233.77,233.95,229.04,122042362.0,5479616494754.0,752870860413145.0
2007-08-13,233.88,1.0,3.2,0.0139,232.19,233.88,229.73,86715856.0,3641035259750.0,762776111365710.0
2007-08-14,230.45,2.0,-3.43,-0.0147,232.63,234.82,228.31,97532941.0,3989057187873.0,751341815963745.0
2007-08-16,215.67,2.0,-14.78,-0.0641,222.71,222.99,214.1,158713735.0,6676533604189.0,702784354761835.0
2007-08-17,208.57,2.0,-7.1,-0.0329,217.05,217.32,207.09,141329648.0,5562640327315.0,679588958215000.0
2007-08-20,219.72,1.0,11.15,0.0535,216.42,220.08,215.31,119383701.0,4768450991191.0,716080226398855.0
2007-08-21,220.18,1.0,0.46,0.0021,220.93,224.12,218.42,94174009.0,3929570015598.0,717493988524170.0
2007-08-22,223.24,1.0,3.06,0.0139,220.9,224.0,220.24,86645503.0,3543821855477.0,727396150328300.0
2007-08-23,228.6,1.0,5.36,0.024,228.43,230.82,228.01,108205643.0,4587366145838.0,744627668081360.0
2007-08-24,227.18,2.0,-1.42,-0.0062,227.67,228.91,225.18,80772191.0,3549253759356.0,740289125047200.0
2007-08-27,228.65,1.0,1.47,0.0065,231.37,232.65,228.57,86155417.0,3769447913651.0,744837305798780.0
2007-08-28,232.38,1.0,3.73,0.0163,229.11,232.38,227.23,104930273.0,4493471647010.0,756883366355460.0
2007-08-29,232.32,2.0,-0.06,-0.0003,225.41,233.06,225.31,116175540.0,5610026976761.0,756561538555250.0
2007-08-30,234.22,1.0,1.9,0.0081999999999999,236.52,237.45,233.51,100814307.0,4445866097835.0,762662761520210.0
2007-08-31,238.28,1.0,4.06,0.0173,234.38,238.54,234.36,102794430.0,4736373943259.0,772537638224050.0
2007-09-03,238.72,1.0,0.44,0.0018,238.64,239.11,236.51,79370579.0,3474298905909.0,773966072041645.0
2007-09-04,237.91,2.0,-0.81,-0.0034,238.7,241.25,237.56,98230914.0,3946621650450.0,771635063690865.0
2007-09-05,236.61,2.0,-1.3,-0.0055,239.01,241.11,235.73,97675943.0,4369898852105.0,767332782526670.0
2007-09-06,239.61,1.0,3.0,0.0127,236.19,239.65,233.77,85859101.0,3978843383980.0,777169373230925.0
2007-09-07,238.92,2.0,-0.69,-0.0029,239.25,240.87,236.84,90748881.0,4031020816190.0,775343110624165.0
2007-09-10,232.44,2.0,-6.48,-0.0271,233.93,233.98,229.33,82437152.0,3634406115306.0,754725666774790.0
2007-09-11,234.12,1.0,1.68,0.0072,233.42,234.71,231.2,82105197.0,3504261907707.0,759792214246765.0
2007-09-12,229.44,2.0,-4.68,-0.02,234.76,234.96,229.4,84333707.0,3555068581372.0,744988278145580.0
2007-09-13,233.86,1.0,4.42,0.0192999999999999,230.02,234.3,228.41,99429034.0,4393905557852.0,759373826538695.0
2007-09-14,236.54,1.0,2.68,0.0115,234.73,237.4,233.71,87662427.0,4255190928160.0,793249574017340.0
2007-09-17,236.72,1.0,0.18,0.0008,236.82,237.22,234.16,71429245.0,3248184395380.0,793965103255275.0
2007-09-18,232.42,2.0,-4.3,-0.0182,236.19,236.77,232.14,83714743.0,3628026128068.0,779464187705320.0
2007-09-19,241.08,1.0,8.66,0.0373,239.51,241.56,238.97,119720487.0,5593836109192.0,807675977508120.0
2007-09-20,242.42,1.0,1.34,0.0056,241.04,243.02,240.38,98905220.0,4987414550340.0,811975815398110.0
2007-09-21,243.45,1.0,1.03,0.0042,242.42,243.82,241.35,92740943.0,4846984039503.0,815557525142550.0
2007-09-27,247.1,1.0,3.65,0.015,246.59,247.73,245.52,112541849.0,5923463999850.0,827299690153390.0
2007-09-28,247.2,1.0,0.1,0.0004,247.63,247.7,246.04,91238860.0,4726395669191.0,826113363917320.0
2007-10-01,249.3,1.0,2.1,0.0085,247.4,250.46,247.06,87381103.0,4066705578835.0,833013760542500.0
2007-10-02,256.8,1.0,7.5,0.0301,252.95,256.8,251.91,129997874.0,6403122859242.0,857180743882410.0
2007-10-04,254.92,2.0,-1.88,-0.0073,254.41,256.3,253.53,131154566.0,6784073914459.0,851644329055090.0
2007-10-05,253.63,2.0,-1.29,-0.0051,255.41,255.66,252.98,100864619.0,5156477720704.0,847796165030220.0
2007-10-08,255.87,1.0,2.24,0.0088,256.78,257.03,254.38,122069888.0,6063319693270.0,855360312950725.0
2007-10-09,256.19,1.0,0.32,0.0013,256.0,257.28,253.56,108913289.0,5735099520283.0,856792404120890.0
2007-10-10,259.79,1.0,3.6,0.0141,258.65,260.2,257.64,108991340.0,5839033670480.0,869735294455540.0
2007-10-11,261.82,1.0,2.03,0.0078,259.66,261.84,258.59,178074111.0,8781871564327.0,876671224246365.0
2007-10-12,257.31,2.0,-4.51,-0.0172,260.25,261.5,256.54,141495241.0,7415322028590.0,861344755058695.0
2007-10-15,257.68,1.0,0.37,0.0014,259.24,259.61,254.69,108032905.0,5966583143855.0,862851154100275.0
2007-10-16,253.43,2.0,-4.25,-0.0165,254.91,258.36,252.95,147412710.0,8018836307170.0,849003989395890.0
2007-10-17,250.48,2.0,-2.95,-0.0116,252.6,253.77,244.2,134322808.0,7215061067312.0,839179317843825.0
2007-10-18,252.6,1.0,2.12,0.0085,251.08,253.82,249.23,138559663.0,6882961948753.0,846288886059280.0
2007-10-19,248.35,2.0,-4.25,-0.0168,252.34,252.34,248.35,122990340.0,5795085212521.0,832422836307220.0
2007-10-22,239.94,2.0,-8.41,-0.0339,239.85,240.88,236.86,134308575.0,5772295905952.0,804807758732300.0
2007-10-23,244.9,1.0,4.96,0.0207,243.9,245.59,240.4,122006472.0,5810483825855.0,821924068002635.0
2007-10-24,243.31,2.0,-1.59,-0.0065,247.03,252.16,241.97,146208261.0,7218323547268.0,815887740271220.0
2007-10-25,248.8,1.0,5.49,0.0226,247.47,249.59,244.28,133658916.0,6305832898334.0,833774221912760.0
2007-10-26,255.65,1.0,6.85,0.0275,249.95,255.65,247.67,140845213.0,7217875331916.0,856562535628850.0
2007-10-29,260.4,1.0,4.75,0.0186,258.38,261.45,257.75,137365742.0,7105565053504.0,872165707803600.0
2007-10-30,258.87,2.0,-1.53,-0.0059,259.51,260.54,256.85,124679723.0,6125149129181.0,865267631900060.0
2007-10-31,260.42,1.0,1.55,0.006,258.78,260.6,257.82,121223029.0,6162318876890.0,870506558098910.0
2007-11-01,260.76,1.0,0.34,0.0013,263.06,263.15,258.71,125134858.0,7028477277525.0,871923282732345.0
2007-11-02,254.74,2.0,-6.02,-0.0231,254.77,258.81,254.7,134372312.0,7216686572587.0,851344825151790.0
2007-11-05,253.91,2.0,-0.83,-0.0033,255.05,255.29,250.69,112049110.0,5928259083201.0,849276457173270.0
2007-11-06,259.24,1.0,5.33,0.021,254.72,259.47,254.31,114208152.0,5995844509523.0,867337383661960.0
2007-11-07,258.74,2.0,-0.5,-0.0019,261.78,263.91,258.74,128526150.0,7098988622810.0,864456272981725.0
2007-11-08,249.97,2.0,-8.77,-0.0339,254.38,255.72,249.36,133037778.0,7148491272482.0,839435340186150.0
2007-11-09,252.21,1.0,2.24,0.009,252.83,255.13,249.27,127493724.0,7176593154579.0,846413544928870.0
2007-11-12,243.89,2.0,-8.32,-0.033,247.89,247.95,241.41,111397136.0,5705937084199.0,818839277419190.0
2007-11-13,244.73,1.0,0.84,0.0034,244.21,245.15,239.39,118557453.0,5883238596688.0,821397492656160.0
2007-11-14,250.21,1.0,5.48,0.0224,251.01,251.49,248.01,119036891.0,6437104552236.0,839586883548790.0
2007-11-15,247.39,2.0,-2.82,-0.0113,249.79,252.2,245.17,125936667.0,6657983161805.0,832128622212470.0
2007-11-16,244.13,2.0,-3.26,-0.0132,243.09,244.54,239.81,106576710.0,5316538750408.0,821590594380870.0
2007-11-19,239.78,2.0,-4.35,-0.0178,245.42,245.42,239.54,85492012.0,4136989830944.0,806915003850710.0
2007-11-20,236.91,2.0,-2.87,-0.012,234.58,237.44,230.19,103629963.0,5062936143445.0,796830896120280.0
2007-11-21,228.84,2.0,-8.07,-0.0341,235.96,237.35,228.22,108841570.0,5323658215597.0,769332657125745.0
2007-11-22,228.1,2.0,-0.74,-0.0032,226.73,230.33,224.4,95600453.0,4964894367896.0,766693477701270.0
2007-11-23,225.54,2.0,-2.56,-0.0112,229.15,231.06,222.51,122053888.0,6436136903311.0,757707340477040.0
2007-11-26,236.01,1.0,10.47,0.0464,229.43,236.01,228.02,96177127.0,5264023639193.0,793235929035345.0
2007-11-27,236.38,1.0,0.37,0.0016,230.68,237.42,227.09,119521617.0,6192891941185.0,795044825062230.0
2007-11-28,232.87,2.0,-3.51,-0.0148,238.99,239.32,232.71,97350996.0,4860314916718.0,783229534144360.0
2007-11-29,238.68,1.0,5.81,0.0249,239.42,240.48,237.7,100379406.0,5290445282041.0,802627376176160.0
2007-11-30,241.91,1.0,3.23,0.0135,239.72,244.07,239.48,104097428.0,5531887683335.0,814020474672260.0
2007-12-03,241.61,2.0,-0.3,-0.0012,241.95,242.68,239.64,77395978.0,3874655432874.0,812880540971440.0
2007-12-04,244.04,1.0,2.43,0.0101,241.88,244.61,241.68,83990571.0,4160043684861.0,820874648013480.0
2007-12-05,247.03,1.0,2.99,0.0123,243.24,248.17,242.45,87306920.0,4322117180167.0,830644605630685.0
2007-12-06,249.63,1.0,2.6,0.0105,250.8,251.89,248.61,109116186.0,5780140150224.0,838726440823950.0
2007-12-07,247.38,2.0,-2.25,-0.009,251.69,251.8,247.38,109246854.0,4999118298161.0,830343702211765.0
2007-12-10,244.25,2.0,-3.13,-0.0127,246.93,248.09,243.37,92192793.0,4487899750809.0,819379082412120.0
2007-12-11,246.85,1.0,2.6,0.0106,246.22,247.5,243.99,83125305.0,4037236438678.0,828296951887215.0
2007-12-12,247.15,1.0,0.3,0.0012,241.93,247.4,241.83,89153680.0,4560932567595.0,829415494369050.0
2007-12-13,245.21,2.0,-1.94,-0.0078,246.32,248.29,242.38,111933653.0,6056522038133.0,822445852139660.0
2007-12-14,241.5,2.0,-3.71,-0.0151,244.51,245.39,239.06,83457662.0,4235803113660.0,812326028829095.0
2007-12-17,234.33,2.0,-7.17,-0.0297,238.51,240.45,234.18,74223325.0,3699351067782.0,788695223988790.0
2007-12-18,236.65,1.0,2.32,0.0098999999999999,231.79,237.94,229.96,86531486.0,4402649304035.0,798206759963010.0
2007-12-20,234.4,2.0,-2.25,-0.0095,238.64,239.35,234.26,101498769.0,4489364503074.0,791023716849810.0
2007-12-21,239.6,1.0,5.2,0.0222,235.77,239.6,232.98,101590997.0,4422077113490.0,807594440152025.0
2007-12-24,245.14,1.0,5.54,0.0231,242.25,245.45,241.74,89400521.0,4204223804335.0,826228715236450.0
2007-12-26,243.48,2.0,-1.66,-0.0068,245.87,246.14,242.69,77044085.0,3037078715950.0,820416878058815.0
2007-12-27,243.38,2.0,-0.1,-0.0004,242.7,244.62,241.23,65414205.0,3086141289310.0,819664949322575.0
2007-12-28,241.27,2.0,-2.11,-0.0087,241.23,243.62,240.86,59983766.0,2841512544355.0,812826669399060.0
2008-01-02,235.3,2.0,-5.97,-0.0247,240.47,240.65,235.02,79056191.0,3763583216875.0,793117643728115.0
2008-01-03,234.67,2.0,-0.63,-0.0027,232.94,235.64,230.86,70122631.0,3565004676205.0,792048968268210.0
2008-01-04,235.77,1.0,1.1,0.0046999999999999,234.62,236.59,230.41,94244747.0,4399582976628.0,797175380273090.0
2008-01-07,231.0,2.0,-4.77,-0.0202,229.39,232.42,229.09,88414875.0,4326644473315.0,782347908690120.0
2008-01-08,230.34,2.0,-0.66,-0.0029,231.75,232.32,229.19,91183005.0,4338927409974.0,780367229572810.0
2008-01-09,232.53,1.0,2.19,0.0095,227.14,232.53,226.05,82889645.0,4306381627150.0,788539900323820.0
2008-01-10,229.47,2.0,-3.06,-0.0132,232.74,233.71,229.47,86692624.0,4301498228505.0,778456699249030.0
2008-01-11,224.41,2.0,-5.06,-0.0220999999999999,232.12,232.46,223.64,88650257.0,4184972480345.0,760811187997710.0
2008-01-14,222.81,2.0,-1.6,-0.0070999999999999,224.3,225.86,221.29,77059000.0,3663243804959.0,755031173367080.0
2008-01-15,220.91,2.0,-1.9,-0.0085,224.78,224.83,217.97,99627755.0,4665236394578.0,747823864877620.0
2008-01-16,215.87,2.0,-5.04,-0.0227999999999999,216.9,219.44,215.06,89885912.0,4625187808658.0,730501864186605.0
2008-01-17,218.83,1.0,2.96,0.0137,218.5,219.66,214.07,107992000.0,5155013462852.0,738537895848870.0
2008-01-18,219.87,1.0,1.04,0.0048,214.21,220.54,213.5,108672789.0,5087415426924.0,742113306805975.0
2008-01-21,213.6,2.0,-6.27,-0.0285,218.37,218.48,212.28,101205389.0,4840230294797.0,720552351276140.0
2008-01-22,204.55,2.0,-9.05,-0.0424,206.33,207.91,200.99,131047117.0,6006019096707.0,689999359113420.0
2008-01-23,207.23,1.0,2.68,0.0131,210.1,210.89,203.97,105051974.0,5015216198195.0,698415415306855.0
2008-01-24,211.2,1.0,3.97,0.0192,211.73,213.35,209.76,95899060.0,4541467791377.0,712290772151400.0
2008-01-25,215.06,1.0,3.86,0.0183,213.71,215.21,212.65,102093050.0,4706484750352.0,725686090609930.0
2008-01-28,206.52,2.0,-8.54,-0.0397,211.76,212.64,205.68,78495346.0,3724072886254.0,697529331863660.0
2008-01-29,208.8,1.0,2.28,0.011,210.51,211.31,206.59,84345142.0,4337582828725.0,703347431213005.0
2008-01-30,203.5,2.0,-5.3,-0.0254,210.82,210.93,201.94,115844524.0,5388239326977.0,683547574076475.0
2008-01-31,207.77,1.0,4.27,0.021,202.53,208.87,200.84,101005110.0,5226297047593.0,697433795343865.0
2008-02-01,209.08,1.0,1.31,0.0063,210.32,210.7,206.86,88937049.0,4330575679523.0,702024690122600.0
2008-02-04,216.23,1.0,7.15,0.0342,212.02,217.16,211.92,108261542.0,5258647083036.0,726367975679700.0
2008-02-05,216.91,1.0,0.68,0.0031,215.6,217.16,214.95,73076495.0,3466638302290.0,729374383074945.0
2008-02-11,208.92,2.0,-7.99,-0.0368,210.41,210.96,207.98,72478480.0,3623560151978.0,703941038945840.0
2008-02-12,209.01,1.0,0.09,0.0004,210.54,210.72,208.66,67610677.0,3420183876446.0,704641563248065.0
2008-02-13,207.56,2.0,-1.45,-0.0069,211.52,211.71,207.11,75425668.0,3415522698089.0,699419438488120.0
2008-02-14,216.2,1.0,8.64,0.0416,211.27,216.2,211.22,93868570.0,4676666199236.0,728764601301300.0
2008-02-15,215.38,2.0,-0.82,-0.0038,212.8,215.73,212.15,82374969.0,3992053530975.0,726782522999260.0
2008-02-18,215.46,1.0,0.08,0.0004,216.14,217.79,213.26,75649971.0,3345636085135.0,727125225227675.0
2008-02-19,218.37,1.0,2.91,0.0135,218.11,219.0,216.96,85253750.0,3702439350620.0,737297916754190.0
2008-02-20,213.84,2.0,-4.53,-0.0207,216.12,218.01,213.19,90505831.0,4036827057506.0,722534945717445.0
2008-02-21,216.38,1.0,2.54,0.0118999999999999,216.4,217.42,214.95,71794967.0,3755639081350.0,730387133723155.0
2008-02-22,213.73,2.0,-2.65,-0.0121999999999999,214.09,214.09,211.77,68815375.0,3157446527710.0,722027244659720.0
2008-02-25,217.07,1.0,3.34,0.0156,215.62,217.52,215.52,70030398.0,3308595085146.0,732685004359280.0
2008-02-26,217.22,1.0,0.15,0.0007,219.07,219.4,216.63,77507622.0,3827219831004.0,732901426693115.0
2008-02-27,218.87,1.0,1.65,0.0076,219.44,220.42,218.04,81010993.0,3918731175555.0,738423340018020.0
2008-02-28,220.59,1.0,1.72,0.0079,219.44,221.29,217.67,77780453.0,3679419774179.0,744656198677960.0
2008-02-29,216.85,2.0,-3.74,-0.017,217.93,218.52,216.46,72054152.0,3451927718670.0,732910179015435.0
2008-03-03,211.73,2.0,-5.12,-0.0236,212.25,212.25,209.77,76121368.0,3573378456740.0,715562971756800.0
2008-03-04,212.14,1.0,0.41,0.0019,212.29,213.59,210.65,71212895.0,3099020321037.0,717267128386350.0
2008-03-05,212.14,3.0,0.0,0.0,212.64,213.36,210.89,83134783.0,3361320615384.0,717933227741500.0
2008-03-06,214.92,1.0,2.78,0.0131,212.7,216.43,212.54,101314375.0,4161972390582.0,727030669405175.0
2008-03-07,210.57,2.0,-4.35,-0.0202,212.84,212.84,208.78,81102620.0,3612211221179.0,712157481404060.0
2008-03-10,206.29,2.0,-4.28,-0.0203,206.7,208.95,205.79,76574439.0,3516187696523.0,697334161708555.0
2008-03-11,208.06,1.0,1.77,0.0086,203.6,208.47,203.28,82334866.0,3997444701285.0,704120547693415.0
2008-03-12,210.49,1.0,2.43,0.0116999999999999,213.8,214.09,210.27,90886840.0,4346496109608.0,712079984855400.0
2008-03-13,204.42,2.0,-6.07,-0.0288,210.16,210.19,203.79,123384919.0,5740743897240.0,692286521415880.0
2008-03-14,202.63,2.0,-1.79,-0.0088,207.4,207.49,200.01,100806744.0,4686681236841.0,686909122448475.0
2008-03-17,199.68,2.0,-2.95,-0.0146,201.36,201.37,194.85,100526839.0,4710926086352.0,676912487698705.0
2008-03-18,201.79,1.0,2.11,0.0106,201.19,202.01,198.79,90987340.0,4125593727491.0,683438108597870.0
2008-03-19,206.48,1.0,4.69,0.0232,206.83,207.72,205.43,96419680.0,4445434287958.0,698648649805830.0
2008-03-20,206.62,1.0,0.14,0.0007,203.81,206.86,202.42,82184242.0,3782340626736.0,699403332620945.0
2008-03-21,209.69,1.0,3.07,0.0149,209.3,209.7,207.89,89119905.0,3700722574685.0,708945030018410.0
2008-03-24,211.0,1.0,1.31,0.0062,210.76,212.04,209.55,79745399.0,3213648165440.0,712417626200480.0
2008-03-25,213.73,1.0,2.73,0.0129,213.92,214.65,212.82,94239873.0,4742307984045.0,721425841009430.0
2008-03-26,214.41,1.0,0.68,0.0032,213.92,214.64,212.92,88841108.0,4079867745121.0,723652967009310.0
2008-03-27,213.85,2.0,-0.56,-0.0026,213.28,214.04,211.72,78555569.0,3716902188849.0,721884611939950.0
2008-03-28,217.22,1.0,3.37,0.0158,213.22,217.75,213.14,92966031.0,4559669922575.0,733492146246030.0
2008-03-31,217.65,1.0,0.43,0.002,217.69,218.43,215.18,107121802.0,3956050392735.0,734635700781960.0
2008-04-01,217.81,1.0,0.16,0.0007,217.23,219.73,216.3,128388894.0,4874815318476.0,734519444665970.0
2008-04-02,223.76,1.0,5.95,0.0273,222.63,223.8,222.4,149289021.0,6315124537487.0,753314893411370.0
2008-04-03,226.99,1.0,3.23,0.0144,224.29,227.31,223.84,107404386.0,5157448475921.0,763647878899465.0
2008-04-04,226.95,2.0,-0.04,-0.0002,226.87,227.56,226.02,104138421.0,4608377249485.0,764420158566705.0
2008-04-07,227.79,1.0,0.84,0.0037,227.25,229.66,226.48,104976396.0,4660655593617.0,767492095824635.0
2008-04-08,225.1,2.0,-2.69,-0.0118,227.22,227.28,224.24,84874895.0,4001713323918.0,758370510148280.0
2008-04-10,226.44,1.0,1.34,0.006,223.67,226.58,222.38,90275894.0,4613489469222.0,762959744347520.0
2008-04-11,228.8,1.0,2.36,0.0104,226.86,228.81,225.98,133457211.0,5024598344634.0,769639052280325.0
2008-04-14,224.54,2.0,-4.26,-0.0186,224.35,225.58,223.17,114949043.0,4268791879204.0,755253488829220.0
2008-04-15,223.51,2.0,-1.03,-0.0046,224.83,225.51,222.66,90063772.0,4224071104670.0,752334424505780.0
2008-04-16,225.36,1.0,1.85,0.0083,225.63,226.75,224.86,96330853.0,4352957562879.0,759215503632065.0
2008-04-17,226.98,1.0,1.62,0.0072,228.68,228.88,226.51,100651502.0,4754655961935.0,764286140224550.0
2008-04-18,227.25,1.0,0.27,0.0012,227.48,228.4,226.26,94266598.0,4824122169113.0,765598154463595.0
2008-04-21,231.11,1.0,3.86,0.017,230.24,231.48,229.87,101157099.0,4807500134930.0,778203036839470.0
2008-04-22,229.22,2.0,-1.89,-0.0081999999999999,230.86,231.31,228.92,107597040.0,4965380357990.0,771905058806755.0
2008-04-23,230.56,1.0,1.34,0.0058,228.59,231.96,228.56,110168370.0,5483388381273.0,776791855513020.0
2008-04-24,230.77,1.0,0.21,0.0009,231.58,232.3,229.85,102517992.0,4802234312525.0,776762124949890.0
2008-04-25,234.56,1.0,3.79,0.0163999999999999,232.0,234.65,232.0,108878919.0,5419268770381.0,788275425218910.0
2008-04-28,234.97,1.0,0.41,0.0017,235.19,235.66,233.71,130112688.0,5089321067564.0,789003297358195.0
2008-04-29,233.24,2.0,-1.73,-0.0074,235.69,236.0,232.14,88341749.0,4167854610619.0,783644596012195.0
2008-04-30,235.0,1.0,1.76,0.0075,232.76,235.19,232.0,93354522.0,4407094829850.0,789582948364080.0
2008-05-02,238.18,1.0,3.18,0.0135,238.74,238.76,237.54,101439421.0,5154096241661.0,799774996393670.0
2008-05-06,239.53,1.0,1.35,0.0056999999999999,238.16,239.55,237.24,110190704.0,4992142987114.0,804348050752870.0
2008-05-07,238.66,2.0,-0.87,-0.0036,239.87,240.56,236.81,130779834.0,5525028044194.0,802038554707780.0
2008-05-08,237.37,2.0,-1.29,-0.0054,235.55,238.43,235.3,118584366.0,5099241540410.0,798718025748940.0
2008-05-09,233.98,2.0,-3.39,-0.0143,238.07,238.11,233.17,103127685.0,4959894995068.0,787463502852990.0
2008-05-13,237.02,1.0,3.04,0.013,234.82,237.05,232.71,99041711.0,4843731457354.0,796689044319320.0
2008-05-14,237.04,1.0,0.02,0.0001,236.72,237.65,234.91,113643111.0,4788731586108.0,796837173951310.0
2008-05-15,243.11,1.0,6.07,0.0256,238.12,243.38,238.08,127073414.0,6021406476940.0,816154779610825.0
2008-05-16,243.54,1.0,0.43,0.0018,244.16,245.21,242.53,116467017.0,5870542329050.0,817551818176590.0
2008-05-19,242.67,2.0,-0.87,-0.0036,244.05,245.17,241.29,112228946.0,5868782582666.0,815251942271250.0
2008-05-20,240.62,2.0,-2.05,-0.0084,242.61,243.14,238.39,98568354.0,5257500362240.0,809069272200865.0
2008-05-21,237.15,2.0,-3.47,-0.0144,237.29,239.14,236.82,108306239.0,5395504584371.0,797996248428760.0
2008-05-22,235.31,2.0,-1.84,-0.0078,234.3,235.71,232.1,102841753.0,4681215054994.0,791971001854390.0
2008-05-23,234.14,2.0,-1.17,-0.005,235.38,236.02,233.84,82016430.0,3803214018002.0,787993509785865.0
2008-05-26,230.43,2.0,-3.71,-0.0158,232.13,233.17,229.05,85952260.0,4526805694320.0,776004488960665.0
2008-05-27,233.97,1.0,3.54,0.0154,231.39,234.01,231.32,79530942.0,3777405864738.0,787265745676655.0
2008-05-28,231.17,2.0,-2.8,-0.012,235.43,235.45,230.58,85101175.0,4260343236784.0,777977892909200.0
2008-05-29,236.39,1.0,5.22,0.0226,232.98,236.76,232.97,99296455.0,4282735763797.0,794251082372935.0
2008-05-30,237.46,1.0,1.07,0.0045,236.96,237.79,235.11,107181192.0,5293836540323.0,798885824278545.0
2008-06-02,236.78,2.0,-0.68,-0.0029,236.91,237.67,234.6,78691617.0,3730859072258.0,796232308373435.0
2008-06-03,233.14,2.0,-3.64,-0.0154,234.83,235.51,232.55,82544954.0,3986713827317.0,784082616134015.0
2008-06-04,235.09,1.0,1.95,0.0084,233.46,235.43,232.33,75201753.0,3461974867504.0,790346136302395.0
2008-06-05,234.76,2.0,-0.33,-0.0014,234.44,235.04,232.61,92876758.0,4069037608490.0,789131125154325.0
2008-06-09,231.35,2.0,-3.41,-0.0144999999999999,228.95,231.78,228.64,83454496.0,4178029491205.0,778441866135970.0
2008-06-10,226.56,2.0,-4.79,-0.0207,231.83,231.95,225.43,94219779.0,4248816336006.0,762918449529670.0
2008-06-11,227.42,1.0,0.86,0.0038,227.36,228.22,224.69,85086313.0,4079874639159.0,765472651010980.0
2008-06-12,221.17,2.0,-6.25,-0.0275,223.89,224.66,221.17,121772678.0,5777951184735.0,745700508566770.0
2008-06-13,222.79,1.0,1.62,0.0073,223.26,224.4,220.45,108549513.0,4390514745526.0,759950114300380.0
2008-06-16,224.91,1.0,2.12,0.0095,225.06,225.89,223.82,109043269.0,3802412206111.0,766147062831855.0
2008-06-17,223.66,2.0,-1.25,-0.0056,225.65,225.76,221.96,100850309.0,3921378600332.0,761650280524245.0
2008-06-18,226.6,1.0,2.94,0.0131,222.87,226.82,222.45,90714690.0,3439076163313.0,771623007630140.0
2008-06-19,222.03,2.0,-4.57,-0.0202,224.13,224.31,220.85,90591925.0,3797722902766.0,756635514967895.0
2008-06-20,220.57,2.0,-1.46,-0.0066,223.59,223.96,219.56,82509701.0,3537785793240.0,751464354793110.0
2008-06-23,218.51,2.0,-2.06,-0.0093,217.19,219.45,215.83,70014490.0,3054530460491.0,744780749674095.0
2008-06-24,217.97,2.0,-0.54,-0.0025,217.31,218.81,216.62,72756401.0,3040431883317.0,743023008431260.0
2008-06-25,218.95,1.0,0.98,0.0045,217.91,218.95,215.88,85722864.0,3366343502486.0,745741680850290.0
2008-06-26,219.12,1.0,0.17,0.0008,218.93,221.45,218.7,76130602.0,3139666087575.0,746180617328075.0
2008-06-27,214.59,2.0,-4.53,-0.0207,213.45,214.93,212.91,74013510.0,3282103067690.0,731179355911385.0
2008-06-30,213.52,2.0,-1.07,-0.005,214.33,215.63,213.09,71421490.0,3104181089893.0,727183775992760.0
2008-07-01,213.02,2.0,-0.5,-0.0023,213.64,214.5,210.74,80510362.0,3557063763781.0,724564960845075.0
2008-07-02,207.96,2.0,-5.06,-0.0237999999999999,212.75,213.19,206.04,103424656.0,4445297731597.0,706932177257720.0
2008-07-03,205.71,2.0,-2.25,-0.0108,203.73,207.3,202.76,108571586.0,4837446969963.0,699830698485475.0
2008-07-04,201.74,2.0,-3.97,-0.0192999999999999,205.45,205.97,201.25,84775880.0,3491171349905.0,687158616157540.0
2008-07-07,202.34,1.0,0.6,0.003,200.63,203.18,199.59,86201893.0,3525407459098.0,688896194821030.0
2008-07-08,196.52,2.0,-5.82,-0.0288,202.05,202.05,193.74,108667956.0,4455427992191.0,669241383635805.0
2008-07-09,194.61,2.0,-1.91,-0.0097,199.64,200.44,194.61,109724178.0,4451287887941.0,662749183054950.0
2008-07-10,196.34,1.0,1.73,0.0089,191.85,197.23,191.54,120698836.0,5453900907539.0,668830228205080.0
2008-07-11,200.12,1.0,3.78,0.0192999999999999,197.1,201.0,194.99,104671538.0,4322201789682.0,681956993492495.0
2008-07-14,199.12,2.0,-1.0,-0.005,199.63,202.22,198.51,75410663.0,3148819748225.0,678417978990850.0
2008-07-15,193.01,2.0,-6.11,-0.0306999999999999,198.01,198.04,192.51,100006234.0,3908347072413.0,657268085507775.0
2008-07-16,192.48,2.0,-0.53,-0.0027,193.96,195.36,190.02,105932547.0,4250710361245.0,655828821068990.0
2008-07-17,194.89,1.0,2.41,0.0125,197.03,197.57,194.8,93700635.0,3821566209185.0,663586662069390.0
2008-07-18,192.86,2.0,-2.03,-0.0104,197.01,197.06,192.02,86006821.0,3416309653097.0,656781887125710.0
2008-07-21,200.0,1.0,7.14,0.037,195.72,201.08,195.62,101270307.0,4328151516677.0,681441770948940.0
2008-07-22,199.77,2.0,-0.23,-0.0012,198.18,200.06,198.05,72281412.0,2847795787054.0,680860173661015.0
2008-07-23,203.64,1.0,3.87,0.0194,202.85,204.72,201.81,110647976.0,4625766913454.0,694308942558960.0
2008-07-24,208.34,1.0,4.7,0.0231,205.12,208.65,205.08,113864683.0,5054448131787.0,710092897185350.0
2008-07-25,204.27,2.0,-4.07,-0.0195,204.13,206.3,203.13,78530365.0,3714352143849.0,696921537580795.0
2008-07-28,203.97,2.0,-0.3,-0.0015,205.62,205.82,202.71,79835071.0,3424239718809.0,696641580199930.0
2008-07-29,199.9,2.0,-4.07,-0.02,200.45,200.7,196.77,84239117.0,3575782489366.0,682826286929975.0
2008-07-30,201.82,1.0,1.92,0.0096,203.23,203.84,201.12,97984332.0,4089127813866.0,685899819755000.0
2008-07-31,204.12,1.0,2.3,0.0113999999999999,202.8,205.12,202.07,81409735.0,3588507784092.0,693427855974765.0
2008-08-01,201.43,2.0,-2.69,-0.0132,202.1,203.23,199.83,72632603.0,2784882247216.0,683583500861970.0
2008-08-04,197.56,2.0,-3.87,-0.0192,200.54,201.09,195.77,88562725.0,3687020287880.0,670260917992730.0
2008-08-05,196.44,2.0,-1.12,-0.0056999999999999,196.95,199.26,196.16,110687521.0,4651891897166.0,667124021016450.0
2008-08-06,202.28,1.0,5.84,0.0297,200.73,202.56,199.87,101772726.0,4000869477520.0,686835631414055.0
2008-08-07,200.31,2.0,-1.97,-0.0097,202.14,202.86,198.69,84506669.0,3549123993956.0,680078871554150.0
2008-08-08,200.76,1.0,0.45,0.0022,198.03,201.51,197.57,77196500.0,3273172642779.0,681914574953130.0
2008-08-11,202.42,1.0,1.66,0.0083,203.87,204.52,202.42,86365124.0,3798798529740.0,687753983549600.0
2008-08-12,202.12,2.0,-0.3,-0.0015,202.41,204.04,200.98,88187825.0,3820729326936.0,686292478988265.0
2008-08-13,200.26,2.0,-1.86,-0.0092,201.55,202.94,198.96,75844617.0,2892259204278.0,679379504045930.0
2008-08-14,201.5,1.0,1.24,0.0062,199.09,202.44,199.09,79388525.0,3207402816765.0,683374913044480.0
2008-08-18,200.97,2.0,-0.53,-0.0026,202.45,203.03,200.03,79926076.0,2928665622000.0,681741665852490.0
2008-08-19,197.56,2.0,-3.41,-0.017,199.24,199.37,195.7,71058500.0,2788566803419.0,670055304477800.0
2008-08-20,197.35,2.0,-0.21,-0.0011,196.29,198.65,195.22,80403292.0,3173211958835.0,669674936552235.0
2008-08-21,193.85,2.0,-3.5,-0.0177,197.16,197.29,193.56,76805101.0,3316019878588.0,657750224206595.0
2008-08-22,192.04,2.0,-1.81,-0.0093,193.24,193.33,189.58,83948601.0,3247518663264.0,651429540137015.0
2008-08-25,192.99,1.0,0.95,0.0049,193.12,194.0,192.05,70352031.0,2463748553396.0,654601616104040.0
2008-08-26,191.36,2.0,-1.63,-0.0084,189.71,193.11,189.41,73960751.0,2782846580634.0,649472387653695.0
2008-08-27,191.6,1.0,0.24,0.0013,191.11,192.4,187.99,86472733.0,3401411985142.0,650662500289580.0
2008-08-28,188.75,2.0,-2.85,-0.0149,192.79,192.81,188.63,74141007.0,2798053358479.0,641088108791665.0
2008-08-29,188.96,1.0,0.21,0.0011,190.69,191.84,188.63,88416590.0,3706943343841.0,640610094672450.0
2008-09-01,182.13,2.0,-6.83,-0.0361,186.29,186.85,181.89,125780673.0,4517376777172.0,616085343809590.0
2008-09-02,182.41,1.0,0.28,0.0015,182.61,184.38,180.37,157680886.0,4851531775666.0,615946545479355.0
2008-09-03,184.36,1.0,1.95,0.0107,181.89,185.33,180.92,137689662.0,4449043792908.0,623864870816180.0
2008-09-04,183.57,2.0,-0.79,-0.0043,183.55,185.07,181.69,168493747.0,4228855670546.0,622592404421215.0
2008-09-05,180.49,2.0,-3.08,-0.0168,179.27,182.15,179.08,142563642.0,3771112877271.0,611759565056250.0
2008-09-08,189.97,1.0,9.48,0.0525,184.94,190.72,184.9,161976693.0,5584754910627.0,643575156272260.0
2008-09-09,186.99,2.0,-2.98,-0.0157,188.74,188.74,185.93,143813684.0,4043131217563.0,633571657663115.0
2008-09-10,188.5,1.0,1.51,0.0081,184.01,188.74,183.63,139178316.0,4789919104550.0,638441789714620.0
2008-09-11,185.27,2.0,-3.23,-0.0171,187.64,188.89,184.92,151541237.0,5616334789530.0,627552632459185.0
2008-09-12,189.9,1.0,4.63,0.025,188.55,190.4,188.0,117841718.0,4189084532679.0,643176450354090.0
2008-09-16,179.0,2.0,-10.9,-0.0574,177.58,180.72,176.86,177432534.0,5828304714796.0,604906006670655.0
2008-09-17,183.54,1.0,4.54,0.0254,183.29,185.71,182.06,147572215.0,5200249548578.0,620880079983570.0
2008-09-18,179.25,2.0,-4.29,-0.0233999999999999,178.15,180.1,175.63,151918842.0,5086480748035.0,606615259865920.0
2008-09-19,188.31,1.0,9.06,0.0504999999999999,185.74,189.4,185.04,204865601.0,7143074490225.0,635984196189765.0
2008-09-22,189.16,1.0,0.85,0.0045,190.4,193.04,188.68,144553191.0,5470645246926.0,638385755355445.0
2008-09-23,191.58,1.0,2.42,0.0128,187.43,192.18,187.03,119748174.0,4265201272165.0,647547131857790.0
2008-09-24,193.18,1.0,1.6,0.0084,191.3,194.16,190.34,145854203.0,4889925939217.0,654287349217535.0
2008-09-25,193.87,1.0,0.69,0.0036,192.07,194.19,189.42,120825783.0,4021493395611.0,656963851433675.0
2008-09-26,190.6,2.0,-3.27,-0.0169,192.49,193.33,189.63,106042275.0,3667046783379.0,645441840277960.0
2008-09-29,188.1,2.0,-2.5,-0.0131,192.47,193.25,187.12,130445281.0,4586122021237.0,636270257606785.0
2008-09-30,186.62,2.0,-1.48,-0.0079,178.84,186.62,177.95,140833330.0,4870638982271.0,631606553587700.0
2008-10-01,185.52,2.0,-1.1,-0.0059,187.39,187.39,184.02,111161030.0,3527326991320.0,627376131673205.0
2008-10-02,182.7,2.0,-2.82,-0.0152,186.79,187.94,181.46,119467940.0,3680310892920.0,618156344102560.0
2008-10-06,175.03,2.0,-7.67,-0.042,178.58,178.68,173.87,131015359.0,4357842859757.0,591772478617355.0
2008-10-07,176.46,1.0,1.43,0.0081999999999999,172.87,177.3,170.6,118365567.0,4124867785669.0,596029474244290.0
2008-10-08,167.16,2.0,-9.3,-0.0527,171.02,172.55,166.33,143370698.0,4372139940457.0,562543255172655.0
2008-10-09,168.86,1.0,1.7,0.0102,167.64,172.55,165.97,170243217.0,4914022547010.0,567103738757060.0
2008-10-10,162.05,2.0,-6.81,-0.0403,162.57,162.6,153.42,178836380.0,5151195056782.0,525843606745630.0
2008-10-13,167.91,1.0,5.86,0.0362,166.22,168.94,163.16,163797893.0,4988519754125.0,563239262365905.0
2008-10-14,178.15,1.0,10.24,0.061,174.88,178.15,174.47,193276572.0,6157508581844.0,598635287903785.0
2008-10-15,174.28,2.0,-3.87,-0.0217,173.92,176.07,172.48,145576672.0,4382704203847.0,586424143564230.0
2008-10-16,157.63,2.0,-16.65,-0.0955,163.16,164.37,156.41,196489280.0,5564233753059.0,530433757144175.0
2008-10-17,153.06,2.0,-4.57,-0.0289999999999999,161.64,161.67,151.53,200963007.0,5917729807471.0,515378300423180.0
2008-10-20,157.51,1.0,4.45,0.0291,155.23,158.09,149.51,173503943.0,5050681924365.0,528906424430940.0
2008-10-21,155.8,2.0,-1.71,-0.0109,159.61,160.75,153.84,150169293.0,4110460790390.0,523386847656530.0
2008-10-22,148.13,2.0,-7.67,-0.0492,155.12,155.94,142.69,160281596.0,4691407449610.0,496321156615705.0
2008-10-23,137.47,2.0,-10.66,-0.072,142.28,142.28,134.44,177343552.0,4781514996563.0,459162332532110.0
2008-10-24,123.27,2.0,-14.2,-0.1033,137.8,137.87,121.14,205905537.0,4915893685564.0,410357046385445.0
2008-10-27,125.93,1.0,2.66,0.0216,123.54,127.66,117.91,243020741.0,5315432322049.0,417111407868095.0
2008-10-28,132.42,1.0,6.49,0.0515,122.14,134.55,120.2,270358384.0,5609283017998.0,440358549361615.0
2008-10-29,128.68,2.0,-3.74,-0.0282,138.97,143.05,122.01,314270515.0,7429794332493.0,427142812635135.0
2008-10-30,144.42,1.0,15.74,0.1223,138.11,145.96,131.72,327809518.0,6672415517862.0,479133693643020.0
2008-10-31,147.5,1.0,3.08,0.0213,144.0,154.66,140.92,331991188.0,8185927094465.0,491129422755335.0
2008-11-03,148.81,1.0,1.31,0.0089,147.6,153.53,146.49,258309683.0,6367030231717.0,496472911158090.0
2008-11-04,151.63,1.0,2.82,0.019,149.58,151.91,146.76,253987122.0,5957388815309.0,506714027837360.0
2008-11-05,154.93,1.0,3.3,0.0218,155.69,159.56,152.03,293111635.0,6752289724185.0,518073267642040.0
2008-11-06,143.37,2.0,-11.56,-0.0746,148.83,149.9,141.84,223826020.0,4449324330322.0,479011252138395.0
2008-11-07,148.44,1.0,5.07,0.0354,138.29,148.54,135.95,298134364.0,5902229781110.0,496890404367055.0
2008-11-10,150.84,1.0,2.4,0.0162,150.78,152.69,147.0,275056788.0,6426170083070.0,505033524894190.0
2008-11-11,147.67,2.0,-3.17,-0.021,148.19,152.11,145.52,213064361.0,5057651400401.0,494506952109060.0
2008-11-12,147.27,2.0,-0.4,-0.0027,144.42,149.81,143.31,195720140.0,4225125858009.0,492892178770395.0
2008-11-13,142.7,2.0,-4.57,-0.031,140.38,142.7,135.92,200964166.0,4625770228820.0,477767963329675.0
2008-11-14,142.26,2.0,-0.44,-0.0031,147.76,148.01,140.81,182456750.0,4467135704658.0,476747315221180.0
2008-11-17,140.57,2.0,-1.69,-0.0118999999999999,140.35,144.5,136.71,206270107.0,4330076375240.0,471483359147755.0
2008-11-18,134.88,2.0,-5.69,-0.0405,137.1,140.06,134.8,166111208.0,3637937035657.0,452466995568620.0
2008-11-19,132.33,2.0,-2.55,-0.0189,135.01,135.08,129.35,168127124.0,3729416810945.0,443771108107320.0
2008-11-20,123.54,2.0,-8.79,-0.0664,125.91,128.31,123.35,174715503.0,3467027726400.0,413815947766495.0
2008-11-21,130.76,1.0,7.22,0.0584,121.31,132.24,118.91,233134467.0,4455341170768.0,438666824434450.0
2008-11-24,126.02,2.0,-4.74,-0.0362,129.6,132.1,125.93,208373855.0,4265370687035.0,422351997638705.0
2008-11-25,128.01,1.0,1.99,0.0158,132.35,134.25,125.63,229616274.0,4806915580298.0,428577428622695.0
2008-11-26,134.5,1.0,6.49,0.0507,129.44,134.7,129.43,223135453.0,4514093932265.0,450010910450830.0
2008-11-27,139.17,1.0,4.67,0.0347,138.55,140.43,136.86,279586129.0,5262128145591.0,466048920425115.0
2008-11-28,140.66,1.0,1.49,0.0107,139.6,141.9,138.84,235623214.0,4405640784222.0,471482670305980.0
2008-12-01,138.33,2.0,-2.33,-0.0166,140.26,141.64,138.15,188276790.0,3764992555885.0,464024419401055.0
2008-12-02,133.7,2.0,-4.63,-0.0335,131.41,135.89,131.35,182931054.0,3480554839239.0,448277290997510.0
2008-12-03,133.62,2.0,-0.08,-0.0006,135.53,135.54,132.22,208331371.0,4578394090309.0,448198576358070.0
2008-12-04,131.43,2.0,-2.19,-0.0163999999999999,136.3,136.3,130.09,194574640.0,3828337276529.0,440726129047745.0
2008-12-05,134.33,1.0,2.9,0.0220999999999999,132.95,135.2,131.82,170431245.0,3140982838631.0,450540288180015.0
2008-12-08,144.89,1.0,10.56,0.0786,136.01,146.0,135.3,254791192.0,5707348188245.0,486544028230660.0
2008-12-09,145.2,1.0,0.31,0.0021,146.39,146.97,143.02,224755327.0,5272552137750.0,486825751735655.0
2008-12-10,150.73,1.0,5.53,0.0381,146.11,152.14,145.31,292424567.0,6619548147188.0,505473530795895.0
2008-12-11,151.93,1.0,1.2,0.008,150.55,153.63,149.03,301181068.0,7275180797627.0,509321305568985.0
2008-12-12,144.38,2.0,-7.55,-0.0496999999999999,148.01,151.2,142.75,274231063.0,5820034156876.0,485006964667025.0
2008-12-15,151.43,1.0,7.05,0.0487999999999999,149.09,152.45,149.09,207056313.0,4894437433990.0,509114058170585.0
2008-12-16,151.35,2.0,-0.08,-0.0005,150.06,151.94,148.07,239827770.0,5475190632958.0,509408442227575.0
2008-12-17,152.62,1.0,1.27,0.0084,154.84,155.95,149.42,240433482.0,5183537458169.0,513087555275705.0
2008-12-18,153.24,1.0,0.62,0.0040999999999999,154.54,155.56,151.89,208295978.0,4853574602085.0,515540511555435.0
2008-12-19,154.1,1.0,0.86,0.0056,153.21,156.12,152.91,180274964.0,4163485471663.0,517805176538365.0
2008-12-22,153.98,2.0,-0.12,-0.0008,155.33,156.94,152.19,182933138.0,4439122602250.0,516938035316415.0
2008-12-23,148.93,2.0,-5.05,-0.0327999999999999,152.35,153.29,148.67,157841877.0,3267943393117.0,500693921789780.0
2008-12-24,147.02,2.0,-1.91,-0.0128,148.46,149.11,145.01,133172809.0,2767140802160.0,493723635060670.0
2008-12-26,145.81,2.0,-1.21,-0.0081999999999999,146.98,147.81,144.27,121060707.0,2431932202351.0,489730009539380.0
2008-12-29,145.72,2.0,-0.09,-0.0006,144.55,145.93,141.1,100029455.0,2095239817895.0,489271966170505.0
2008-12-30,146.35,1.0,0.63,0.0043,146.71,149.5,146.25,103135874.0,2611514243285.0,491940062950675.0
2009-01-02,151.15,1.0,4.8,0.0327999999999999,147.51,151.15,145.59,138370479.0,3418093414505.0,507535776043800.0
2009-01-05,153.83,1.0,2.68,0.0177,154.57,155.13,152.63,199256122.0,4555345621385.0,515726303002985.0
2009-01-06,156.79,1.0,2.96,0.0192,155.16,158.17,154.89,200113504.0,4713446816569.0,525531637237820.0
2009-01-07,161.36,1.0,4.57,0.0291,157.11,161.53,156.7,273143744.0,6425668059256.0,540876665936480.0
2009-01-08,157.76,2.0,-3.6,-0.0223,159.21,159.76,156.39,225019155.0,4860661501525.0,529534927267485.0
2009-01-09,154.17,2.0,-3.59,-0.0227999999999999,158.8,159.63,153.93,182043860.0,4305436027140.0,518002603295675.0
2009-01-12,151.01,2.0,-3.16,-0.0204999999999999,152.76,153.68,150.04,130999640.0,3170384854290.0,507525407327540.0
2009-01-13,152.45,1.0,1.44,0.0095,149.7,152.67,147.77,138863500.0,3341201631020.0,512167766076270.0
2009-01-14,154.5,1.0,2.05,0.0134,151.45,154.8,150.15,146449819.0,3244387469302.0,518774215295260.0
2009-01-15,145.05,2.0,-9.45,-0.0612,148.44,149.39,144.64,158521750.0,3837195778657.0,486792381136065.0
2009-01-16,148.03,1.0,2.98,0.0204999999999999,146.08,148.11,144.44,136639089.0,3457288389428.0,497113367806125.0
2009-01-19,150.02,1.0,1.99,0.0134,149.42,151.23,148.74,169370389.0,3813396346355.0,504337754997630.0
2009-01-20,146.55,2.0,-3.47,-0.0231,147.78,147.86,144.95,153702181.0,3274330567640.0,492990963193485.0
2009-01-21,143.29,2.0,-3.26,-0.0222,141.28,145.3,141.05,150531020.0,3421866733691.0,482303860666575.0
2009-01-22,145.11,1.0,1.82,0.0127,146.29,146.6,143.57,159854846.0,3631251513490.0,488163597153095.0
2009-01-23,141.75,2.0,-3.36,-0.0232,143.48,143.48,141.04,124565337.0,3056730213118.0,477489494078705.0
2009-01-28,151.04,1.0,9.29,0.0655,146.05,151.41,145.84,173217004.0,4008344899687.0,507770558935875.0
2009-01-29,152.29,1.0,1.25,0.0083,152.03,154.04,151.47,180402672.0,4137168700855.0,511556258670730.0
2009-01-30,151.33,2.0,-0.96,-0.0063,149.55,151.74,149.12,170481804.0,3347018287084.0,509335772731970.0
2009-02-02,149.0,2.0,-2.33,-0.0154,148.86,152.39,147.55,168038772.0,3821716128129.0,501903291823420.0
2009-02-03,151.42,1.0,2.42,0.0162,149.71,153.17,147.75,149347971.0,3718814311405.0,509483888126325.0
2009-02-04,155.99,1.0,4.57,0.0302,154.2,156.0,153.18,202799446.0,4902479362696.0,524249688151255.0
2009-02-05,154.0,2.0,-1.99,-0.0128,154.76,157.99,154.0,197196597.0,4421182983094.0,517006393937920.0
2009-02-06,158.9,1.0,4.9,0.0318,156.99,158.92,156.28,217033593.0,4874339145597.0,533357709070525.0
2009-02-09,157.7,2.0,-1.2,-0.0076,160.77,161.32,157.29,174368479.0,4090909677715.0,529781123032095.0
2009-02-10,156.84,2.0,-0.86,-0.0055,159.29,160.02,155.25,150216207.0,3414076489055.0,527333072006750.0
2009-02-11,155.26,2.0,-1.58,-0.0101,152.61,155.78,151.79,150377574.0,3481667303951.0,522609442703420.0
2009-02-12,153.66,2.0,-1.6,-0.0103,154.12,154.56,151.04,174896413.0,3996819826758.0,517626415226590.0
2009-02-13,155.19,1.0,1.53,0.01,153.44,155.24,151.35,158463274.0,3375961676326.0,522759812254290.0
2009-02-16,152.66,2.0,-2.53,-0.0163,153.85,156.14,152.57,159765537.0,3314622324685.0,514450533928660.0
2009-02-17,146.6,2.0,-6.06,-0.0397,151.46,151.46,145.78,182052930.0,3776558227180.0,492878532463155.0
2009-02-18,144.21,2.0,-2.39,-0.0163,144.49,145.53,142.47,166710026.0,3740826907155.0,485573035769630.0
2009-02-19,143.6,2.0,-0.61,-0.0042,143.57,145.53,141.54,182478594.0,3656904401362.0,482875547796205.0
2009-02-20,138.31,2.0,-5.29,-0.0368,142.01,143.09,137.07,166939975.0,3311104926647.0,464391446137050.0
2009-02-23,142.78,1.0,4.47,0.0323,137.33,142.79,136.25,156286719.0,3104303585038.0,479492548338460.0
2009-02-24,137.82,2.0,-4.96,-0.0347,137.66,138.97,136.79,125635441.0,2948032089010.0,463320402932510.0
2009-02-25,138.65,1.0,0.83,0.006,142.02,142.14,137.69,151562684.0,3238199430110.0,465604782418735.0
2009-02-26,136.98,2.0,-1.67,-0.012,140.01,143.18,134.44,176253399.0,3413441446224.0,459862622074115.0
2009-02-27,138.07,1.0,1.09,0.008,137.2,140.22,135.95,135670194.0,2903945845728.0,463217855438050.0
2009-03-02,132.47,2.0,-5.6,-0.0406,135.42,135.42,131.28,120908858.0,2788697015610.0,443899743725885.0
2009-03-03,133.78,1.0,1.31,0.0098999999999999,129.46,134.44,129.36,152333899.0,3024704663719.0,447678172153735.0
2009-03-04,138.21,1.0,4.43,0.0331,132.77,138.71,131.22,153586103.0,3481889805020.0,462868864935065.0
2009-03-05,138.25,1.0,0.04,0.0003,139.35,140.29,137.15,153806549.0,3700798381243.0,462724223875035.0
2009-03-06,137.83,2.0,-0.42,-0.003,135.35,138.45,135.32,122702414.0,2733152754190.0,461549034553300.0
2009-03-09,140.0,1.0,2.17,0.0157,139.61,140.8,137.22,125331063.0,2755535788610.0,468774496075170.0
2009-03-10,142.73,1.0,2.73,0.0195,138.4,143.4,138.37,211189890.0,3987438856533.0,477927430466965.0
2009-03-11,147.6,1.0,4.87,0.0341,146.93,147.7,146.3,221179978.0,4702981056320.0,494066969883385.0
2009-03-12,148.02,1.0,0.42,0.0028,147.38,148.19,144.94,245614320.0,6351848722394.0,495079671838270.0
2009-03-13,147.29,2.0,-0.73,-0.0049,149.06,150.54,147.21,211562725.0,4751871096025.0,500470561060100.0
2009-03-16,147.0,2.0,-0.29,-0.002,147.11,149.46,146.12,167081898.0,3836493720796.0,499535672498590.0
2009-03-17,152.17,1.0,5.17,0.0352,149.08,152.6,148.05,217857513.0,4740704698146.0,516712167118390.0
2009-03-18,152.89,1.0,0.72,0.0046999999999999,153.84,153.84,151.09,184088343.0,4169304669438.0,519023393084390.0
2009-03-19,151.51,2.0,-1.38,-0.009,154.21,155.12,151.01,179491875.0,4068308444560.0,514732502680300.0
2009-03-20,152.58,1.0,1.07,0.0070999999999999,151.9,154.05,151.59,140219966.0,3445662602916.0,518676374269750.0
2009-03-23,156.42,1.0,3.84,0.0252,153.69,156.8,153.61,163472184.0,3846630276163.0,531701072862110.0
2009-03-24,159.56,1.0,3.14,0.0200999999999999,159.94,160.03,157.21,193181585.0,4985528256819.0,542278508350030.0
2009-03-25,160.28,1.0,0.72,0.0045,158.69,160.28,157.93,169762721.0,4186501916419.0,545204220103345.0
2009-03-26,162.22,1.0,1.94,0.0121,159.69,162.28,158.45,222191157.0,4885125668057.0,551559229072515.0
2009-03-27,161.66,2.0,-0.56,-0.0034999999999999,162.71,163.98,161.09,258369931.0,5743720405865.0,549389517754035.0
2009-03-30,156.23,2.0,-5.43,-0.0336,161.89,162.64,156.2,188233779.0,3974456093360.0,533258833352080.0
2009-03-31,157.01,1.0,0.78,0.005,157.31,160.33,156.86,174297368.0,4168068138726.0,536231402713765.0
2009-04-01,160.46,1.0,3.45,0.022,158.02,161.22,156.24,211040184.0,5079672538995.0,548469724616910.0
2009-04-02,166.18,1.0,5.72,0.0356,163.3,166.45,162.55,277895617.0,6433286884872.0,568345918618005.0
2009-04-03,167.11,1.0,0.93,0.0056,167.65,168.36,165.86,240611821.0,6206164041365.0,571417729960855.0
2009-04-06,168.62,1.0,1.51,0.009,168.21,171.42,168.17,290257343.0,6370317097442.0,577007812162360.0
2009-04-07,168.34,2.0,-0.28,-0.0017,168.3,169.14,166.41,241351732.0,5084371465950.0,576744787012915.0
2009-04-08,162.68,2.0,-5.66,-0.0336,166.3,166.71,162.46,227342151.0,5047800375510.0,557966839253170.0
2009-04-09,169.48,1.0,6.8,0.0418,164.13,169.73,163.84,330922365.0,7110334391743.0,581597613349115.0
2009-04-10,172.01,1.0,2.53,0.0149,172.61,174.78,169.89,333141259.0,7271081211940.0,590447222273285.0
2009-04-13,171.69,2.0,-0.32,-0.0019,172.49,174.01,170.87,277841042.0,6360295223945.0,589887927590625.0
2009-04-14,172.03,1.0,0.34,0.002,173.56,174.04,169.55,295751039.0,6148558154945.0,591657004204730.0
2009-04-15,171.21,2.0,-0.82,-0.0048,169.24,171.87,167.68,263612388.0,6212100586429.0,588165126374445.0
2009-04-16,171.73,1.0,0.52,0.003,174.26,176.12,171.42,270746236.0,7030859503268.0,589604346600725.0
2009-04-17,171.33,2.0,-0.4,-0.0023,174.03,174.99,169.71,251591859.0,6477178855420.0,587148847836870.0
2009-04-20,172.3,1.0,0.97,0.0056999999999999,172.55,173.04,169.04,183251801.0,4525723012015.0,591968050654575.0
2009-04-21,171.96,2.0,-0.34,-0.002,168.58,172.35,167.66,204245541.0,4983122977178.0,591938217469240.0
2009-04-22,174.4,1.0,2.44,0.0141999999999999,173.28,175.11,171.86,291370467.0,7024368786020.0,600436207302950.0
2009-04-23,176.14,1.0,1.74,0.01,175.88,176.64,173.9,277302386.0,6931907424406.0,606267928504415.0
2009-04-24,174.13,2.0,-2.01,-0.0113999999999999,176.31,176.99,172.75,237326915.0,6396781798770.0,599633031123830.0
2009-04-27,172.13,2.0,-2.0,-0.0115,174.31,175.59,171.2,197835312.0,5364383080325.0,592689123769825.0
2009-04-28,167.24,2.0,-4.89,-0.0283999999999999,172.69,174.0,167.14,223143496.0,5676870083218.0,575619903379170.0
2009-04-29,172.08,1.0,4.84,0.0289,168.53,172.08,167.28,165192288.0,4168586924381.0,592620896881095.0
2009-04-30,176.0,1.0,3.92,0.0227999999999999,174.04,177.3,173.54,274249555.0,6828757990130.0,606534475370380.0
2009-05-04,179.69,1.0,3.69,0.021,178.23,179.69,177.46,348482980.0,7627766739460.0,619182347557050.0
2009-05-06,178.82,2.0,-0.87,-0.0048,179.76,181.03,177.88,331950532.0,8419618454297.0,616278946663250.0
2009-05-07,179.74,1.0,0.92,0.0051,181.52,181.82,178.27,332667016.0,7954361101615.0,619411086572760.0
2009-05-08,181.04,1.0,1.3,0.0072,179.58,181.07,178.34,260599898.0,6703086600935.0,624126695870885.0
2009-05-11,181.35,1.0,0.31,0.0017,181.42,182.09,179.88,250059409.0,5709744229484.0,625535221801010.0
2009-05-12,179.73,2.0,-1.62,-0.0089,180.24,180.84,178.73,235751602.0,5264156535409.0,620099240565295.0
2009-05-13,181.14,1.0,1.41,0.0078,180.46,181.27,179.37,237700305.0,5436570345515.0,624891642109845.0
2009-05-14,176.29,2.0,-4.85,-0.0268,178.67,179.09,176.28,274844333.0,5983153857480.0,608611098836085.0
2009-05-15,177.8,1.0,1.51,0.0086,178.09,178.96,177.09,259263526.0,5156709780038.0,613408046143475.0
2009-05-18,177.26,2.0,-0.54,-0.003,176.94,177.41,174.56,206864039.0,4529270980719.0,611514131112725.0
2009-05-19,182.76,1.0,5.5,0.031,181.3,182.81,180.62,289073884.0,5825372977755.0,630247811736930.0
2009-05-20,183.8,1.0,1.04,0.0056999999999999,182.75,184.01,182.4,219077844.0,4959999323180.0,633771783132900.0
2009-05-21,181.82,2.0,-1.98,-0.0108,183.08,183.26,180.59,256047390.0,5594481440065.0,626719951623855.0
2009-05-22,179.01,2.0,-2.81,-0.0155,179.69,182.7,178.86,242148065.0,5854780039475.0,617689684906685.0
2009-05-25,178.57,2.0,-0.44,-0.0025,177.58,180.31,167.47,257336744.0,6560290384382.0,616469038929560.0
2009-05-26,174.77,2.0,-3.8,-0.0213,179.12,179.3,173.5,218089937.0,6023377719843.0,603268403395350.0
2009-05-27,173.75,2.0,-1.02,-0.0058,177.63,178.26,173.47,252543953.0,6271878260581.0,599553287124005.0
2009-05-28,178.19,1.0,4.44,0.0256,173.28,178.19,172.42,225462366.0,5443190355383.0,614701554284755.0
2009-05-29,178.7,1.0,0.51,0.0029,178.16,178.97,176.42,217854424.0,5672419289063.0,616863752171810.0
2009-06-01,180.9,1.0,2.2,0.0123,178.42,180.9,176.92,189985570.0,5002027908040.0,624475113535870.0
2009-06-02,180.47,2.0,-0.43,-0.0024,183.64,183.71,180.3,224412545.0,6205221629000.0,623506343883750.0
2009-06-03,180.31,2.0,-0.16,-0.0009,181.78,182.25,178.93,276109201.0,5647737518652.0,623493742268870.0
2009-06-04,175.75,2.0,-4.56,-0.0253,179.55,179.75,175.35,230558085.0,5425331508420.0,607236207427630.0
2009-06-05,177.77,1.0,2.02,0.0115,177.43,177.77,175.12,175531822.0,4706980198192.0,614723104086315.0
2009-06-08,177.67,2.0,-0.1,-0.0006,177.65,180.0,176.87,176061733.0,4226009988246.0,614281494023235.0
2009-06-09,174.91,2.0,-2.76,-0.0155,179.49,180.0,174.87,173016806.0,4665715698013.0,604551299142560.0
2009-06-10,180.91,1.0,6.0,0.0343,176.01,180.96,175.52,184735347.0,4729205803723.0,624941442430840.0
2009-06-11,181.43,1.0,0.52,0.0029,180.49,183.84,179.9,193480997.0,5809852930377.0,627031509072455.0
2009-06-12,182.69,1.0,1.26,0.0069,182.74,183.72,181.23,144430385.0,4163887749158.0,641359788346360.0
2009-06-15,180.66,2.0,-2.03,-0.0111,182.59,182.64,178.97,136811595.0,3865872124013.0,633815178225575.0
2009-06-16,178.88,2.0,-1.78,-0.0098999999999999,178.27,180.32,177.58,151070203.0,3585369076660.0,627260437071115.0
2009-06-17,177.8,2.0,-1.08,-0.006,177.9,178.65,176.85,143869038.0,3625018994254.0,623502298776610.0
2009-06-18,175.54,2.0,-2.26,-0.0127,177.56,178.34,174.9,134104032.0,3538588603681.0,615957747897885.0
2009-06-19,176.63,1.0,1.09,0.0062,176.96,177.38,174.94,149325586.0,3394472035004.0,619439630163930.0
2009-06-22,179.02,1.0,2.39,0.0135,176.46,179.11,176.12,124456605.0,3429218339327.0,627313063242435.0
2009-06-23,174.32,2.0,-4.7,-0.0263,175.17,175.81,173.52,216748661.0,4077384934133.0,609420973429805.0
2009-06-24,175.08,1.0,0.76,0.0044,174.96,176.0,173.22,166004736.0,3645178554482.0,611718937338935.0
2009-06-25,178.86,1.0,3.78,0.0216,175.5,180.46,175.5,188812729.0,4302987464180.0,624837502116085.0
2009-06-26,179.28,1.0,0.42,0.0023,180.04,180.41,178.45,145230662.0,3984605032285.0,625761926090245.0
2009-06-29,178.81,2.0,-0.47,-0.0026,179.92,181.42,178.4,151341461.0,3212267591660.0,623581583507080.0
2009-06-30,178.99,1.0,0.18,0.001,180.65,181.65,178.69,184364813.0,3872781086940.0,624522097968255.0
2009-07-01,181.95,1.0,2.96,0.0165,178.53,182.5,177.75,162550837.0,4167306861364.0,634480438940860.0
2009-07-02,181.85,2.0,-0.1,-0.0005,182.92,182.96,180.8,163024003.0,3813533489553.0,634192480299125.0
2009-07-03,182.92,1.0,1.07,0.0059,179.11,182.92,179.02,139037100.0,3355239362170.0,637968002449710.0
2009-07-06,184.5,1.0,1.58,0.0086,182.78,185.04,182.36,140128136.0,3748010802027.0,642849362116505.0
2009-07-07,185.11,1.0,0.61,0.0033,185.18,186.02,184.2,163708215.0,4110108546837.0,645156636647975.0
2009-07-08,184.73,2.0,-0.38,-0.0021,183.86,184.73,182.28,152506818.0,4179328150709.0,643918885704120.0
2009-07-09,184.72,2.0,-0.01,-0.0001,184.26,186.51,183.94,147954268.0,4720079959835.0,643629513448430.0
2009-07-10,184.56,2.0,-0.16,-0.0009,185.27,185.43,182.84,121805920.0,3654546984727.0,642620350194570.0
2009-07-13,178.15,2.0,-6.41,-0.0347,184.23,184.23,178.15,156581248.0,4072506281292.0,619918573986305.0
2009-07-14,179.43,1.0,1.28,0.0072,181.13,181.35,178.34,136525178.0,4036410068809.0,623809970631730.0
2009-07-15,184.26,1.0,4.83,0.0269,181.94,184.58,181.82,135791875.0,4269921590516.0,640233943211565.0
2009-07-16,186.22,1.0,1.96,0.0106,186.57,187.15,185.39,156512964.0,4550703956882.0,647804870830310.0
2009-07-17,187.16,1.0,0.94,0.005,187.63,187.96,186.21,113968787.0,3592074279283.0,651442961137315.0
2009-07-20,192.25,1.0,5.09,0.0272,188.11,192.77,187.97,175537549.0,5153325759995.0,669211930001630.0
2009-07-21,193.62,1.0,1.37,0.0070999999999999,193.65,194.73,192.48,179453006.0,5531741129007.0,674076490146515.0
2009-07-22,194.29,1.0,0.67,0.0034999999999999,193.96,194.6,193.1,161355912.0,4934980049435.0,676459333525630.0
2009-07-23,194.4,1.0,0.11,0.0006,194.45,195.65,192.93,195930431.0,5379597166236.0,677475102585865.0
2009-07-24,195.13,1.0,0.73,0.0038,195.9,196.31,194.32,162063455.0,5114697805205.0,679948035243555.0
2009-07-27,198.07,1.0,2.94,0.0151,196.23,198.92,195.48,185553241.0,5695799527306.0,690002669513970.0
2009-07-28,198.52,1.0,0.45,0.0023,197.69,198.77,197.4,150443817.0,4490956809943.0,691305445095840.0
2009-07-29,198.24,2.0,-0.28,-0.0014,198.19,198.98,197.19,196423573.0,5166488146680.0,690464743686975.0
2009-07-30,199.88,1.0,1.64,0.0083,198.4,200.02,196.56,179237323.0,4605210691875.0,695912381614310.0
2009-07-31,202.96,1.0,3.08,0.0154,200.9,203.35,200.07,195409877.0,6274825665366.0,706544816221400.0
2009-08-03,203.81,1.0,0.85,0.0042,203.59,204.69,202.67,164082857.0,5653980296662.0,709691959829920.0
2009-08-04,204.1,1.0,0.29,0.0014,205.28,206.67,203.08,200515356.0,6635957804313.0,710386406927685.0
2009-08-05,203.19,2.0,-0.91,-0.0045,204.72,205.43,202.96,149859972.0,4841416312217.0,706825994702350.0
2009-08-06,203.74,1.0,0.55,0.0027,202.59,204.87,201.33,146414110.0,4871210529625.0,708952581538705.0
2009-08-07,204.95,1.0,1.21,0.0059,203.41,205.07,202.86,133532348.0,4579326957888.0,713920822885790.0
2009-08-10,204.77,2.0,-0.18,-0.0009,206.16,206.56,204.27,130612691.0,4582224507764.0,713728605510170.0
2009-08-11,204.96,1.0,0.19,0.0009,204.21,205.25,203.91,154733282.0,5187425764135.0,714910152435315.0
2009-08-12,202.67,2.0,-2.29,-0.0112,203.87,203.94,201.01,175323748.0,5493278374294.0,707419532464270.0
2009-08-13,202.46,2.0,-0.21,-0.001,204.52,205.1,202.46,181600257.0,6056190206735.0,706611512921085.0
2009-08-14,206.46,1.0,4.0,0.0197999999999999,204.92,206.8,204.6,160634450.0,5510443756099.0,719858254372460.0
2009-08-17,200.52,2.0,-5.94,-0.0288,205.97,205.97,199.77,158801270.0,5266648754370.0,699736813636360.0
2009-08-18,201.33,1.0,0.81,0.004,198.88,202.6,198.66,152777085.0,5152792662165.0,702807348260790.0
2009-08-19,201.08,2.0,-0.25,-0.0012,201.78,203.61,201.08,151333313.0,5508377024221.0,701115792653880.0
2009-08-20,205.22,1.0,4.14,0.0206,203.02,205.41,201.04,151732507.0,5137061137610.0,715249359081455.0
2009-08-21,206.26,1.0,1.04,0.0051,206.05,207.35,203.93,180618734.0,6732139327812.0,717972425683165.0
2009-08-24,210.6,1.0,4.34,0.021,209.43,210.93,209.18,193585664.0,7320644703408.0,732559422833840.0
2009-08-25,209.12,2.0,-1.48,-0.0069999999999999,209.27,210.41,208.38,158650470.0,6175040906283.0,727508315026600.0
2009-08-26,210.62,1.0,1.5,0.0072,209.79,210.8,209.06,141476893.0,5261900168370.0,733269798658055.0
2009-08-27,208.62,2.0,-2.0,-0.0095,209.74,210.52,207.36,145000866.0,5161466520609.0,726335021770420.0
2009-08-28,209.74,1.0,1.12,0.0054,210.45,211.07,208.58,160228283.0,6417247464770.0,730266721478665.0
2009-08-31,207.44,2.0,-2.3,-0.011,209.43,209.99,205.8,152371774.0,5327798241449.0,722340487782620.0
2009-09-01,211.89,1.0,4.45,0.0215,207.54,212.2,206.25,142005025.0,5807810172647.0,737375656565860.0
2009-09-02,210.51,2.0,-1.38,-0.0065,208.55,211.85,207.63,180979037.0,6633859729930.0,732949648186065.0
2009-09-03,210.6,1.0,0.09,0.0004,210.6,211.53,209.43,165625449.0,5779275191649.0,733388618048050.0
2009-09-04,209.81,2.0,-0.79,-0.0038,211.91,211.91,208.32,174498964.0,5878198344442.0,732613332345375.0
2009-09-07,209.73,2.0,-0.08,-0.0004,211.08,211.31,208.55,135048732.0,4779051555625.0,731905125311080.0
2009-09-08,211.4,1.0,1.67,0.008,210.76,211.74,210.08,176110454.0,6142633017233.0,737622638416100.0
2009-09-09,210.09,2.0,-1.31,-0.0062,211.7,211.86,209.31,169031201.0,6349539536310.0,732734508850580.0
2009-09-10,214.92,1.0,4.83,0.023,211.09,214.96,210.74,199974139.0,7787087379097.0,749743880277460.0
2009-09-11,215.81,1.0,0.89,0.0040999999999999,214.77,216.29,214.16,173878279.0,6438314490529.0,752978556763280.0
2009-09-14,213.42,2.0,-2.39,-0.0111,215.87,215.99,212.55,163393722.0,5780669199954.0,745340652864680.0
2009-09-15,216.14,1.0,2.72,0.0127,214.9,216.41,214.16,203171330.0,6342090440809.0,753572505108835.0
2009-09-16,220.53,1.0,4.39,0.0203,217.0,222.07,216.95,179183093.0,7431390660507.0,768162750746630.0
2009-09-17,222.31,1.0,1.78,0.0081,222.73,223.54,220.3,184200594.0,7722131231893.0,774624264736040.0
2009-09-18,222.34,1.0,0.03,0.0001,222.2,224.75,221.78,172139231.0,7569348983689.0,775951526688085.0
2009-09-21,221.85,2.0,-0.49,-0.0022,222.35,223.7,221.27,131748950.0,4568771001380.0,774200818803765.0
2009-09-22,225.27,1.0,3.42,0.0154,222.72,225.65,222.57,154499037.0,5956400243076.0,785470180693175.0
2009-09-23,224.69,2.0,-0.58,-0.0026,225.89,225.93,223.84,182696520.0,6635828104992.0,782621354914810.0
2009-09-24,222.35,2.0,-2.34,-0.0104,223.9,225.18,220.57,166030078.0,6597928845045.0,774500848140970.0
2009-09-25,221.82,2.0,-0.53,-0.0024,221.24,221.9,217.83,170931606.0,6656472779739.0,773083176491340.0
2009-09-28,219.66,2.0,-2.16,-0.0097,219.89,220.86,218.53,129134926.0,5397612688420.0,765914471039575.0
2009-09-29,221.59,1.0,1.93,0.0088,222.39,222.55,220.16,127869068.0,5495956477077.0,773043106718900.0
2009-09-30,219.75,2.0,-1.84,-0.0083,221.51,223.88,218.66,171405729.0,6858231049270.0,765820387639200.0
2009-10-01,215.94,2.0,-3.81,-0.0173,220.81,221.54,213.96,147431399.0,6151002126465.0,752402709980225.0
2009-10-05,210.38,2.0,-5.56,-0.0256999999999999,212.69,213.63,210.02,148154720.0,6386674600496.0,734148907021805.0
2009-10-06,209.25,2.0,-1.13,-0.0054,212.19,213.09,208.23,146147163.0,5440237872807.0,730114865711130.0
2009-10-07,208.94,2.0,-0.31,-0.0015,212.0,212.86,208.94,136576103.0,5843769512759.0,729283052027520.0
2009-10-08,211.01,1.0,2.07,0.0098999999999999,210.31,211.08,208.0,147851093.0,5883741959229.0,737012062978295.0
2009-10-09,215.57,1.0,4.56,0.0216,211.98,215.85,210.88,122745830.0,4986885584575.0,751874760335775.0
2009-10-12,214.23,2.0,-1.34,-0.0062,217.34,217.55,213.07,138440498.0,4046519025880.0,748235770639665.0
2009-10-13,213.1,2.0,-1.13,-0.0053,213.5,215.01,210.92,154532816.0,4482608591654.0,743514798428920.0
2009-10-14,215.9,1.0,2.8,0.0131,215.14,216.5,214.29,117674475.0,4296431049066.0,753326114119195.0
2009-10-15,217.47,1.0,1.57,0.0073,217.69,219.25,216.62,145839962.0,5207835884915.0,758414578007150.0
2009-10-16,214.91,2.0,-2.56,-0.0118,217.02,218.78,214.49,133039557.0,5039954426360.0,749424555905905.0
2009-10-19,216.19,1.0,1.28,0.006,213.89,216.37,211.24,100922206.0,4123033315534.0,753527118791460.0
2009-10-20,217.53,1.0,1.34,0.0062,218.31,218.61,216.13,121208933.0,4014636355987.0,758705048370175.0
2009-10-21,216.64,2.0,-0.89,-0.0040999999999999,216.13,218.22,215.55,108850134.0,4428304118841.0,756062694381390.0
2009-10-22,213.25,2.0,-3.39,-0.0156,214.32,216.12,212.2,110023154.0,4238549747919.0,745025750347680.0
2009-10-23,214.73,1.0,1.48,0.0069,215.07,215.75,213.54,107977102.0,4239113945600.0,749459957488610.0
2009-10-26,217.45,1.0,2.72,0.0127,213.87,218.27,213.79,105301387.0,4127507355690.0,758311410599700.0
2009-10-27,216.47,2.0,-0.98,-0.0045,216.07,216.88,214.78,105023130.0,4283557124500.0,754748730153055.0
2009-10-28,211.03,2.0,-5.44,-0.0250999999999999,216.37,216.85,210.19,117489250.0,4602909530875.0,736179714464365.0
2009-10-29,207.68,2.0,-3.35,-0.0159,207.5,207.95,204.83,122932430.0,5007382897132.0,724804393084805.0
2009-10-30,206.81,2.0,-0.87,-0.0042,210.3,210.3,206.81,94764959.0,4271385325895.0,721697862494315.0
2009-11-02,204.25,2.0,-2.56,-0.0124,201.76,205.72,201.76,97167388.0,3783480057595.0,712397196830265.0
2009-11-03,203.13,2.0,-1.12,-0.0055,204.49,204.93,202.95,80131068.0,3065760140358.0,708114265931305.0
2009-11-04,207.18,1.0,4.05,0.0199,203.93,207.19,203.13,86196916.0,3220291029943.0,722163088797155.0
2009-11-05,203.52,2.0,-3.66,-0.0177,205.57,206.12,203.34,77387412.0,2983454345920.0,709184165364900.0
2009-11-06,206.53,1.0,3.01,0.0148,207.0,207.13,205.38,80605180.0,3212725105235.0,718970643589280.0
2009-11-09,207.29,1.0,0.76,0.0037,207.29,209.41,206.68,85932752.0,2980795145595.0,721337426504555.0
2009-11-10,208.23,1.0,0.94,0.0045,209.89,210.65,207.79,84596386.0,3323048078919.0,724352578544145.0
2009-11-11,210.08,1.0,1.85,0.0089,209.41,210.08,207.22,76028023.0,2554045453859.0,730925267481405.0
2009-11-12,206.67,2.0,-3.41,-0.0162,210.51,211.17,206.67,105105395.0,4235812859196.0,719595481038190.0
2009-11-13,206.84,1.0,0.17,0.0008,208.0,208.77,205.38,90698254.0,3643312964065.0,719803929878660.0
2009-11-16,209.9,1.0,3.06,0.0148,207.61,209.9,206.1,101700675.0,3465770187008.0,730451341366245.0
2009-11-17,209.0,2.0,-0.9,-0.0043,210.86,211.3,208.92,119246144.0,4312241144137.0,727719710268735.0
2009-11-18,211.56,1.0,2.56,0.0121999999999999,210.54,212.88,210.29,112738951.0,4529766077286.0,736139499302555.0
2009-11-19,213.89,1.0,2.33,0.011,212.28,214.62,212.14,110814718.0,3937448855366.0,744112612841990.0
2009-11-20,213.76,2.0,-0.13,-0.0006,212.88,214.5,212.6,90760148.0,3048476337602.0,743743010081140.0
2009-11-23,213.72,2.0,-0.04,-0.0002,214.2,215.29,212.67,84009108.0,2896281955553.0,743083755857830.0
2009-11-24,211.92,2.0,-1.8,-0.0084,214.79,214.87,211.04,153573620.0,4170938248525.0,737070421738990.0
2009-11-25,212.61,1.0,0.69,0.0033,212.18,213.14,210.93,78569508.0,2895282203791.0,739575226766100.0
2009-11-26,210.77,2.0,-1.84,-0.0087,211.8,213.87,210.77,90548339.0,3533236614892.0,733429855936070.0
2009-11-27,200.73,2.0,-10.04,-0.0475999999999999,207.4,208.37,200.06,131879007.0,4671297306413.0,698224817478255.0
2009-11-30,204.75,1.0,4.02,0.02,203.81,206.66,203.81,102913476.0,3824490715403.0,712384423323330.0
2009-12-01,207.07,1.0,2.32,0.0113,204.02,207.07,202.99,111375875.0,3889969584213.0,719599273695115.0
2009-12-02,210.25,1.0,3.18,0.0154,208.82,210.97,208.41,107716450.0,4202850801822.0,730270005593415.0
2009-12-03,213.31,1.0,3.06,0.0146,211.01,213.31,210.55,99769907.0,3773688305653.0,741225973588200.0
2009-12-04,214.5,1.0,1.19,0.0056,212.43,215.34,212.34,96334325.0,3916590148524.0,745566466566990.0
2009-12-07,215.55,1.0,1.05,0.0049,215.65,216.07,214.52,97126743.0,3370762761258.0,749598735894530.0
2009-12-08,214.91,2.0,-0.64,-0.003,215.24,216.4,214.07,74410569.0,2864430837880.0,747489077412340.0
2009-12-09,215.75,1.0,0.84,0.0039,213.3,215.9,212.47,107297762.0,3862097194703.0,750497687871580.0
2009-12-10,218.73,1.0,2.98,0.0138,215.95,218.73,212.7,139125350.0,6843908787825.0,760094436793655.0
2009-12-11,218.77,1.0,0.04,0.0002,218.26,220.01,216.9,106155821.0,4402370641811.0,760285805713850.0
2009-12-14,219.51,1.0,0.74,0.0034,219.48,219.69,216.77,111471416.0,4077646848738.0,763386919265160.0
2009-12-15,219.6,1.0,0.09,0.0004,218.72,219.99,218.48,94798833.0,3952941284253.0,763976418076030.0
2009-12-16,219.32,2.0,-0.28,-0.0013,219.65,220.22,217.66,91844709.0,3788338458006.0,763226893876475.0
2009-12-17,216.9,2.0,-2.42,-0.011,219.17,219.33,216.82,84855222.0,3278777383602.0,755126988354510.0
2009-12-18,216.68,2.0,-0.22,-0.001,215.82,217.37,214.69,85057339.0,3335058903374.0,754459367558350.0
2009-12-21,216.2,2.0,-0.48,-0.0022,216.47,217.08,215.13,84572510.0,3057631636171.0,752759120629145.0
2009-12-22,217.87,1.0,1.67,0.0077,217.77,218.08,216.61,95161649.0,3014002985325.0,758821092449590.0
2009-12-23,218.95,1.0,1.08,0.005,218.66,218.95,217.81,82316232.0,3234406950888.0,762171468604220.0
2009-12-24,221.67,1.0,2.72,0.0124,219.15,222.62,218.83,103770142.0,4064362005650.0,772153912786145.0
2009-12-28,222.03,1.0,0.36,0.0016,223.04,223.06,221.16,136904510.0,5107728923810.0,774089599354770.0
2009-12-29,220.34,2.0,-1.69,-0.0076,220.57,221.65,218.92,88919601.0,3402177985915.0,766138471381165.0
2009-12-30,221.86,1.0,1.52,0.0069,220.1,221.86,218.99,100373050.0,3549240298795.0,771054463863880.0
2010-01-04,223.49,1.0,1.63,0.0073,221.67,223.49,221.66,85967328.0,3523479960477.0,777079135448075.0
2010-01-05,222.84,2.0,-0.65,-0.0029,224.24,224.4,222.18,153282171.0,5730881743792.0,774237590237445.0
2010-01-06,224.67,1.0,1.83,0.0081999999999999,223.83,224.96,223.52,170500363.0,5175271352604.0,781006713096035.0
2010-01-07,221.31,2.0,-3.36,-0.015,224.23,224.77,221.31,183416926.0,6344257144374.0,770219097900565.0
2010-01-08,222.66,1.0,1.35,0.0060999999999999,222.65,222.81,219.15,157255197.0,5940569042955.0,775084505481825.0
2010-01-11,222.23,2.0,-0.43,-0.0019,223.31,224.18,222.23,155386344.0,5729648869158.0,773838448993905.0
2010-01-12,223.04,1.0,0.81,0.0036,222.5,223.39,220.86,121230518.0,4314992995125.0,776505664810085.0
2010-01-13,219.17,2.0,-3.87,-0.0174,220.82,221.46,219.01,116028572.0,4103545755268.0,763162445439190.0
2010-01-14,221.19,1.0,2.02,0.0092,220.39,222.24,219.88,134055871.0,5224292811462.0,769958203468975.0
2010-01-15,223.21,1.0,2.02,0.0091,222.33,223.69,221.12,156994175.0,5482564187804.0,777723530586500.0
2010-01-18,224.38,1.0,1.17,0.0052,222.26,225.19,221.21,156023924.0,5245383262714.0,782562082786570.0
2010-01-19,224.13,2.0,-0.25,-0.0011,225.44,226.1,223.55,129306301.0,4608005533291.0,782468833546040.0
2010-01-20,224.83,1.0,0.7,0.0031,225.87,225.97,223.88,171766990.0,5885475283687.0,784655301498395.0
2010-01-21,226.16,1.0,1.33,0.0059,223.03,226.16,222.41,127291538.0,4752075569653.0,788775115135310.0
2010-01-22,220.68,2.0,-5.48,-0.0242,222.59,223.9,218.22,154754975.0,5666131803530.0,770336316189955.0
2010-01-25,219.33,2.0,-1.35,-0.0060999999999999,217.72,220.65,217.37,125942256.0,4632259373703.0,764319726970400.0
2010-01-26,214.89,2.0,-4.44,-0.0202,219.09,219.41,213.52,130220420.0,4874404240445.0,748937745365025.0
2010-01-27,213.02,2.0,-1.87,-0.0087,215.38,215.63,212.51,119972453.0,4784393246191.0,743368034500910.0
2010-01-28,215.67,1.0,2.65,0.0124,213.94,216.65,212.53,115837791.0,4445301567554.0,751547669778700.0
2010-01-29,210.34,2.0,-5.33,-0.0247,212.77,213.63,209.4,113866614.0,4524126264228.0,733270358342455.0
2010-02-01,210.76,1.0,0.42,0.002,210.53,211.68,208.77,104366869.0,4246132812979.0,733943792234945.0
2010-02-02,209.27,2.0,-1.49,-0.0070999999999999,212.36,212.36,208.55,116330659.0,4136567911865.0,728516462336565.0
2010-02-03,211.86,1.0,2.59,0.0124,211.76,212.45,209.99,92510122.0,3689342940243.0,737808809821860.0
2010-02-04,211.72,2.0,-0.14,-0.0007,211.82,212.44,210.71,89449079.0,3310414251757.0,738123273173600.0
2010-02-05,205.06,2.0,-6.66,-0.0315,205.48,206.39,204.31,105386999.0,3977618089910.0,715548972386490.0
2010-02-08,203.37,2.0,-1.69,-0.0081999999999999,204.6,204.87,202.69,85550116.0,3283800500049.0,709276405018605.0
2010-02-09,206.01,1.0,2.64,0.013,203.17,206.25,202.93,100275540.0,3381596525228.0,717943365357065.0
2010-02-10,205.94,2.0,-0.07,-0.0003,206.98,207.41,205.23,91857159.0,3261373613382.0,717642610349435.0
2010-02-11,209.73,1.0,3.79,0.0184,206.55,210.17,206.45,98644233.0,3629544457542.0,731014179407620.0
2010-02-12,208.74,2.0,-0.99,-0.0046999999999999,209.35,209.59,206.56,87273124.0,3540675773180.0,728050856592200.0
2010-02-16,209.73,1.0,0.99,0.0046999999999999,208.21,210.84,207.77,72252120.0,2160891896325.0,731424412476845.0
2010-02-17,213.44,1.0,3.71,0.0177,212.24,213.56,212.09,96338987.0,3267258353305.0,743977716068165.0
2010-02-18,212.55,2.0,-0.89,-0.0042,213.81,213.98,212.11,79515533.0,2524182717880.0,740879416798505.0
2010-02-19,208.7,2.0,-3.85,-0.0181,211.12,212.85,208.56,81624279.0,2905109372106.0,727706776802110.0
2010-02-22,213.28,1.0,4.58,0.0219,211.92,213.97,211.92,79147732.0,2739457359496.0,743471707259365.0
2010-02-23,213.45,1.0,0.17,0.0008,213.29,213.68,211.61,78090979.0,2800482971981.0,744137489858840.0
2010-02-24,210.92,2.0,-2.53,-0.0118999999999999,211.69,211.93,210.11,82852516.0,3097095781360.0,735860610536015.0
2010-02-25,207.56,2.0,-3.36,-0.0159,211.86,212.16,206.85,78858847.0,3090805600894.0,724133256860625.0
2010-02-26,208.36,1.0,0.8,0.0039,208.53,208.86,206.69,62066092.0,2482151686182.0,726948413107255.0
2010-03-02,211.44,1.0,3.08,0.0148,210.99,212.15,210.58,89620147.0,3362415114845.0,737232459163485.0
2010-03-03,212.36,1.0,0.92,0.0044,211.42,212.4,210.81,69141808.0,2607268719812.0,740872098782130.0
2010-03-04,211.91,2.0,-0.45,-0.0021,212.75,213.66,211.12,71063015.0,2652139459002.0,738790138214810.0
2010-03-05,214.05,1.0,2.14,0.0101,212.87,214.09,212.79,75189955.0,2702711406227.0,746240543716540.0
2010-03-08,217.73,1.0,3.68,0.0172,216.79,217.87,216.31,110528408.0,3996283016693.0,758519378725670.0
2010-03-09,217.82,1.0,0.09,0.0004,217.4,217.89,216.74,88554932.0,3424440568322.0,758715648793560.0
2010-03-10,217.82,3.0,0.0,0.0,217.9,218.07,216.63,96014427.0,2975134590428.0,759535889711150.0
2010-03-11,216.76,2.0,-1.06,-0.0049,218.98,219.29,216.65,144915647.0,3822448006661.0,756488574425125.0
2010-03-12,217.35,1.0,0.59,0.0027,218.11,218.17,216.14,92658129.0,2961795419339.0,759268159076140.0
2010-03-15,215.49,2.0,-1.86,-0.0086,217.53,218.15,214.63,83214167.0,2605270553664.0,752921525609455.0
2010-03-16,215.25,2.0,-0.24,-0.0011,216.15,216.26,214.5,129470353.0,4192437409305.0,752076364191960.0
2010-03-17,220.28,1.0,5.03,0.0233999999999999,217.39,220.28,216.83,117942731.0,4225728714650.0,769295033232920.0
2010-03-18,219.02,2.0,-1.26,-0.0056999999999999,219.69,220.88,219.02,109220215.0,3686817453440.0,765682496596945.0
2010-03-19,220.48,1.0,1.46,0.0067,220.05,220.77,219.32,104883231.0,3439822288320.0,770646550437915.0
2010-03-22,218.52,2.0,-1.96,-0.0089,219.31,219.73,217.35,99570166.0,3066709886245.0,764355056060045.0
2010-03-23,220.09,1.0,1.57,0.0072,220.27,220.95,219.44,94764612.0,3828258818981.0,769175952239795.0
2010-03-24,220.09,3.0,0.0,0.0,221.71,222.03,219.73,95381941.0,3524569138765.0,768918177605805.0
2010-03-25,221.07,1.0,0.98,0.0045,220.11,221.13,219.58,147419116.0,3606406253850.0,772667644141125.0
2010-03-26,222.25,1.0,1.18,0.0053,220.35,222.63,219.83,96488435.0,3239467340060.0,776555864243895.0
2010-03-29,221.6,2.0,-0.65,-0.0029,220.11,222.55,220.03,100815454.0,3307562911110.0,774297326927940.0
2010-03-30,222.48,1.0,0.88,0.004,223.45,223.5,221.63,102486806.0,3899534872103.0,778045001510205.0
2010-03-31,221.58,2.0,-0.9,-0.004,222.76,223.2,221.06,111845205.0,3943957089683.0,774697800629405.0
2010-04-01,225.47,1.0,3.89,0.0176,221.98,225.58,221.98,111807574.0,5154990200019.0,788563643225115.0
2010-04-02,226.69,1.0,1.22,0.0054,226.03,226.78,225.28,125157273.0,5444076746325.0,791764123482265.0
2010-04-05,227.48,1.0,0.79,0.0034999999999999,227.37,228.02,225.61,113489512.0,4629423681475.0,793234772145065.0
2010-04-06,227.51,1.0,0.03,0.0001,228.62,228.64,226.49,91862442.0,3937299329438.0,793546271822065.0
2010-04-07,227.31,2.0,-0.2,-0.0009,227.33,227.82,226.62,109790294.0,4761089549524.0,793156884676760.0
2010-04-08,228.27,1.0,0.96,0.0042,226.66,228.27,226.22,84630151.0,3852993724844.0,796884687275090.0
2010-04-09,226.81,2.0,-1.46,-0.0064,228.34,228.76,224.82,164943092.0,5180546970515.0,792428790444940.0
2010-04-12,224.59,2.0,-2.22,-0.0098,227.56,227.94,224.14,111511379.0,4905049498621.0,785043775477690.0
2010-04-13,224.69,1.0,0.1,0.0004,225.21,225.48,222.93,83805220.0,3548562571983.0,785203844388495.0
2010-04-14,228.08,1.0,3.39,0.0151,226.01,228.08,226.01,109970957.0,4739473260555.0,796678831859010.0
2010-04-15,229.17,1.0,1.09,0.0048,229.52,229.84,227.13,136429536.0,5645555147490.0,800634468677090.0
2010-04-16,227.69,2.0,-1.48,-0.0065,228.83,229.11,226.21,93003350.0,4090822305082.0,795560948103095.0
2010-04-19,223.65,2.0,-4.04,-0.0177,224.17,225.76,223.04,89081236.0,3435845951114.0,781702509153355.0
2010-04-20,225.13,1.0,1.48,0.0066,224.98,225.69,224.15,86755985.0,3637940272355.0,786968556648410.0
2010-04-21,229.09,1.0,3.96,0.0176,226.82,229.24,226.72,110513738.0,4721203239587.0,800872060329515.0
2010-04-22,227.76,2.0,-1.33,-0.0058,227.6,228.02,226.19,99465035.0,4516540351753.0,796476762939840.0
2010-04-23,227.36,2.0,-0.4,-0.0018,228.99,229.08,226.66,93337337.0,4293436699425.0,795249780185405.0
2010-04-26,229.64,1.0,2.28,0.01,228.5,230.54,228.47,91555054.0,4038859620045.0,802904038549045.0
2010-04-27,229.28,2.0,-0.36,-0.0016,229.06,230.1,228.16,97141012.0,4217157296162.0,801782526343370.0
2010-04-28,226.98,2.0,-2.3,-0.01,224.81,226.98,224.61,119430013.0,5330361069980.0,794031423430685.0
2010-04-29,226.11,2.0,-0.87,-0.0038,227.58,227.58,224.98,122786181.0,5270099282088.0,792474436104495.0
2010-04-30,227.95,1.0,1.84,0.0081,227.94,229.14,227.59,113667616.0,5551376133641.0,798812929254180.0
2010-05-03,225.1,2.0,-2.85,-0.0125,227.04,227.72,223.67,109194354.0,4580665205740.0,788992187529940.0
2010-05-04,224.76,2.0,-0.34,-0.0015,226.29,227.0,224.22,122125587.0,4349111678422.0,787306163278125.0
2010-05-06,220.21,2.0,-4.55,-0.0202,219.56,220.76,218.72,130888822.0,5201545436200.0,771080203314395.0
2010-05-07,215.09,2.0,-5.12,-0.0233,213.33,216.59,212.41,153082293.0,6277314740797.0,753427115251485.0
2010-05-10,219.1,1.0,4.01,0.0186,216.86,219.53,215.88,108117427.0,4421494296832.0,767895104419500.0
2010-05-11,217.63,2.0,-1.47,-0.0067,220.94,221.0,216.63,125763021.0,5247999949266.0,763179867735495.0
2010-05-12,216.78,2.0,-0.85,-0.0039,218.86,219.26,215.98,111637814.0,5015938880719.0,760101467436895.0
2010-05-13,220.8,1.0,4.02,0.0185,219.55,221.68,219.34,113397318.0,4529260364052.0,774133050017600.0
2010-05-14,221.08,1.0,0.28,0.0013,219.58,221.69,218.45,131874758.0,5359734051250.0,774189155063005.0
2010-05-17,215.36,2.0,-5.72,-0.0259,217.34,217.9,214.27,137856068.0,5778188214713.0,754091687599600.0
2010-05-18,214.42,2.0,-0.94,-0.0044,216.68,216.8,212.57,128232559.0,5502122016656.0,750612632837860.0
2010-05-19,212.43,2.0,-1.99,-0.0093,211.26,212.54,208.83,124031037.0,5169510960973.0,743815007842625.0
2010-05-20,208.78,2.0,-3.65,-0.0172,211.55,213.85,207.71,114720742.0,5099448505536.0,731372598552075.0
2010-05-24,210.27,1.0,1.49,0.0070999999999999,207.5,211.36,207.46,90578766.0,3808235235774.0,736273473805475.0
2010-05-25,204.83,2.0,-5.44,-0.0259,207.58,207.79,201.5,136733251.0,5405424335968.0,716584651211195.0
2010-05-26,206.62,1.0,1.79,0.0087,206.95,207.51,203.21,121650427.0,5005491099243.0,724171356414560.0
2010-05-27,209.83,1.0,3.21,0.0155,204.54,210.49,204.52,124156460.0,4909792719332.0,734865346109835.0
2010-05-28,212.1,1.0,2.27,0.0108,212.93,212.93,209.93,109309158.0,4844335532874.0,742896316829965.0
2010-05-31,214.34,1.0,2.24,0.0106,212.43,214.34,211.81,84114719.0,3474306821648.0,750692863447035.0
2010-06-01,213.02,2.0,-1.32,-0.0062,213.3,214.46,211.89,92202003.0,3872991881942.0,746181417316105.0
2010-06-03,217.58,1.0,4.56,0.0214,214.84,217.95,214.51,108445438.0,4182424854528.0,761908828848330.0
2010-06-04,218.03,1.0,0.45,0.0021,217.37,218.79,217.03,104687569.0,4254979498396.0,763444029253830.0
2010-06-07,214.38,2.0,-3.65,-0.0167,213.55,214.57,211.95,99345622.0,4016547819643.0,750731602722595.0
2010-06-08,216.08,1.0,1.7,0.0079,213.84,216.8,213.21,96523181.0,4129148395407.0,756808171015750.0
2010-06-09,215.26,2.0,-0.82,-0.0038,216.15,216.56,213.81,102850357.0,4525391116414.0,754333773374045.0
2010-06-10,215.73,1.0,0.47,0.0022,215.82,217.23,214.64,110672329.0,4367814897085.0,755946339211385.0
2010-06-11,219.22,1.0,3.49,0.0162,218.85,219.87,217.3,100488293.0,4376721693213.0,781612977810865.0
2010-06-14,221.43,1.0,2.21,0.0101,220.22,222.54,219.99,94218397.0,3815859103169.0,789474449964115.0
2010-06-15,221.34,2.0,-0.09,-0.0004,220.94,222.32,220.4,98889474.0,3761718974439.0,789429351293235.0
2010-06-16,223.34,1.0,2.0,0.009,223.81,224.18,221.96,116463858.0,4467467729212.0,796947223885915.0
2010-06-17,223.45,1.0,0.11,0.0005,223.54,224.08,222.49,117140201.0,4523942964281.0,798024148428930.0
2010-06-18,223.77,1.0,0.32,0.0014,223.75,224.04,222.41,92449469.0,3715805056330.0,799544801306675.0
2010-06-21,227.69,1.0,3.92,0.0175,226.07,227.99,225.51,112671801.0,4907555175204.0,813024780327615.0
2010-06-22,226.45,2.0,-1.24,-0.0054,226.12,226.9,225.36,100595867.0,4251290550935.0,808590392580855.0
2010-06-23,225.59,2.0,-0.86,-0.0038,225.08,226.41,224.92,87380431.0,3875201184750.0,805835503792430.0
2010-06-24,227.45,1.0,1.86,0.0081999999999999,225.33,227.45,224.89,76828708.0,3508322433201.0,812367799582330.0
2010-06-25,225.63,2.0,-1.82,-0.008,224.87,226.15,224.44,85049480.0,3622236547504.0,805646536940440.0
2010-06-28,225.55,2.0,-0.08,-0.0004,226.17,226.35,225.01,79218240.0,3080698947845.0,805960008416670.0
2010-06-29,222.54,2.0,-3.01,-0.0133,225.94,226.72,221.94,93043986.0,3844434374460.0,795110618345610.0
2010-06-30,220.85,2.0,-1.69,-0.0076,218.7,221.09,218.24,96490195.0,4291065047488.0,789591072526195.0
2010-07-01,218.65,2.0,-2.2,-0.01,219.26,220.23,216.26,101875149.0,4645890501041.0,782376789130045.0
2010-07-02,217.01,2.0,-1.64,-0.0075,219.13,219.87,216.43,119547222.0,4502264832456.0,776025753389960.0
2010-07-05,217.47,1.0,0.46,0.0021,217.43,218.29,215.96,80892848.0,3377050553084.0,777328920992120.0
2010-07-06,219.12,1.0,1.65,0.0076,215.93,219.16,214.04,95559290.0,4083215783285.0,782825680623820.0
2010-07-07,217.45,2.0,-1.67,-0.0076,219.09,219.09,216.39,82396006.0,3549894624820.0,776838311975335.0
2010-07-08,220.78,1.0,3.33,0.0153,220.66,221.29,219.86,92731710.0,3975859081566.0,788568032828830.0
2010-07-09,224.44,1.0,3.66,0.0166,222.07,224.44,220.63,115513363.0,4209586750872.0,801250373022960.0
2010-07-12,225.86,1.0,1.42,0.0063,225.51,225.87,224.58,91482058.0,3581238147811.0,806380287584065.0
2010-07-13,226.14,1.0,0.28,0.0012,226.32,228.19,225.74,116320670.0,4543037529826.0,807550734731090.0
2010-07-14,229.27,1.0,3.13,0.0138,228.79,230.23,228.69,168943798.0,6437932177855.0,818967604031960.0
2010-07-15,228.39,2.0,-0.88,-0.0038,228.75,229.44,228.02,118087744.0,4443849737590.0,815864874615970.0
2010-07-16,226.34,2.0,-2.05,-0.009,228.28,228.83,226.06,130720879.0,4980848679854.0,808850521375170.0
2010-07-19,225.32,2.0,-1.02,-0.0045,223.64,226.23,223.51,100160600.0,3762360230687.0,805195965791450.0
2010-07-20,225.84,1.0,0.52,0.0023,224.47,226.47,224.08,96175135.0,4045115810420.0,807282003499490.0
2010-07-21,227.88,1.0,2.04,0.009,228.16,228.65,226.67,117495740.0,4864351409333.0,814156215282335.0
2010-07-22,226.23,2.0,-1.65,-0.0072,227.33,228.46,225.9,138109149.0,6015976474929.0,808740588322065.0
2010-07-23,229.5,1.0,3.27,0.0144999999999999,229.05,229.88,227.66,134522236.0,5968523740549.0,820398904134905.0
2010-07-26,230.87,1.0,1.37,0.006,229.7,231.64,229.48,105738008.0,4300311423809.0,825449065851445.0
2010-07-27,230.93,1.0,0.06,0.0003,231.66,232.14,230.46,123421331.0,4847581352970.0,825576108898555.0
2010-07-28,231.56,1.0,0.63,0.0027,231.7,232.06,230.39,101964514.0,4332574246338.0,828072731965280.0
2010-07-29,231.16,2.0,-0.4,-0.0017,231.01,231.86,230.63,101507213.0,4413923376060.0,826858149428120.0
2010-07-30,229.25,2.0,-1.91,-0.0083,230.7,231.69,228.71,86652420.0,3987584655115.0,819985498327215.0
2010-08-02,232.22,1.0,2.97,0.013,230.82,232.63,230.26,103628427.0,4478422990031.0,830843549305025.0
2010-08-03,233.38,1.0,1.16,0.005,234.1,234.2,232.64,105885324.0,4480352245197.0,835278569807030.0
2010-08-04,233.14,2.0,-0.24,-0.001,234.08,234.08,231.23,120556480.0,4630944644260.0,834980810100210.0
2010-08-05,232.39,2.0,-0.75,-0.0032,234.13,234.29,231.03,111118592.0,5248883082525.0,832325075468090.0
2010-08-06,232.35,2.0,-0.04,-0.0002,232.14,232.68,230.4,109756502.0,4743174263677.0,831977274495675.0
2010-08-09,233.14,1.0,0.79,0.0034,231.59,233.23,231.21,91589577.0,3268192917443.0,834836245160695.0
2010-08-10,232.04,2.0,-1.1,-0.0046999999999999,233.42,233.84,231.8,95270736.0,3925047539217.0,831063871546570.0
2010-08-11,228.98,2.0,-3.06,-0.0132,231.15,231.3,228.5,109907497.0,4352400701490.0,820158706277830.0
2010-08-12,223.96,2.0,-5.02,-0.0219,225.42,226.8,223.96,108631728.0,4452314297472.0,802316328775445.0
2010-08-13,227.01,1.0,3.05,0.0136,225.12,227.28,224.23,93229961.0,3638335243020.0,813561650541145.0
2010-08-16,226.51,2.0,-0.5,-0.0022,225.32,226.9,222.8,94172956.0,3404173097730.0,812139702674990.0
2010-08-17,227.96,1.0,1.45,0.0064,225.45,228.34,224.95,87284754.0,3541859291518.0,817975827329390.0
2010-08-18,228.9,1.0,0.94,0.0040999999999999,229.14,229.23,227.72,98507439.0,4006674957560.0,821811803204750.0
2010-08-19,231.88,1.0,2.98,0.013,229.2,232.09,229.01,95225505.0,4260565377388.0,831516093164655.0
2010-08-20,231.17,2.0,-0.71,-0.0031,230.41,231.44,229.74,83349133.0,3617940300304.0,829480208234770.0
2010-08-23,230.2,2.0,-0.97,-0.0042,231.82,233.01,230.02,98261733.0,4275311312681.0,826349853182405.0
2010-08-24,229.42,2.0,-0.78,-0.0034,228.6,230.92,227.65,91425230.0,4102035861551.0,822724345463385.0
2010-08-25,225.99,2.0,-3.43,-0.015,227.49,228.47,225.98,91885319.0,3797972081101.0,810532173718350.0
2010-08-26,225.39,2.0,-0.6,-0.0027,227.2,227.38,225.39,96279817.0,3817917015591.0,808440695833860.0
2010-08-27,225.52,1.0,0.13,0.0006,224.63,226.04,223.91,79512583.0,3412283348568.0,808704644727460.0
2010-08-30,229.63,1.0,4.11,0.0182,228.17,229.72,227.77,78131467.0,3229859267703.0,823337023676815.0
2010-08-31,226.81,2.0,-2.82,-0.0123,227.88,228.61,226.15,92864362.0,4245328698431.0,814009825184160.0
2010-09-01,229.41,1.0,2.6,0.0115,228.0,229.97,227.3,109333067.0,4858218637565.0,824392715457720.0
2010-09-02,230.66,1.0,1.25,0.0054,232.03,232.06,229.57,97587808.0,4695609176221.0,829983570960690.0
2010-09-03,231.04,1.0,0.38,0.0016,231.26,232.01,230.26,111253556.0,5121018112957.0,831059122303045.0
2010-09-06,232.77,1.0,1.73,0.0075,232.6,233.04,231.73,105588086.0,4457446452880.0,836465266758760.0
2010-09-07,232.45,2.0,-0.32,-0.0014,232.78,233.44,232.23,83865560.0,3927530896587.0,834436509673420.0
2010-09-08,230.94,2.0,-1.51,-0.0065,231.31,232.06,229.89,101665632.0,4061455834015.0,829806823554280.0
2010-09-09,231.53,1.0,0.59,0.0026,231.93,232.56,230.25,103676458.0,4912135794470.0,832607179375970.0
2010-09-10,233.93,1.0,2.4,0.0104,232.68,234.95,232.55,101614786.0,4584800702724.0,863855584603875.0
2010-09-13,236.34,1.0,2.41,0.0103,235.23,236.56,234.83,121242175.0,5432188740030.0,872302867782110.0
2010-09-14,235.98,2.0,-0.36,-0.0015,237.19,237.65,235.43,127090040.0,5644677141286.0,871006137478830.0
2010-09-15,237.14,1.0,1.16,0.0049,236.21,237.62,235.7,118676299.0,5566324615144.0,875546092816620.0
2010-09-16,235.37,2.0,-1.77,-0.0075,236.82,237.15,235.36,102243379.0,4984513138721.0,869142576039290.0
2010-09-17,237.64,1.0,2.27,0.0096,237.04,237.92,235.47,119988943.0,5890583432384.0,876425605004460.0
2010-09-20,238.29,1.0,0.65,0.0027,236.71,238.55,236.21,78952938.0,3545873259766.0,878827173494130.0
2010-09-24,239.8,1.0,1.51,0.0063,237.78,239.8,237.04,99529478.0,4811708128750.0,885061939355340.0
2010-09-27,241.38,1.0,1.58,0.0066,240.99,241.55,240.26,130772873.0,5769846963854.0,892387871715425.0
2010-09-28,240.59,2.0,-0.79,-0.0033,241.16,241.73,240.31,100918030.0,4844260062736.0,889704687395275.0
2010-09-29,242.27,1.0,1.68,0.0069999999999999,241.94,243.32,241.88,129962593.0,6153679884859.0,895290284049735.0
2010-09-30,242.95,1.0,0.68,0.0028,242.67,243.02,241.37,116917747.0,5181010156331.0,898128946927870.0
2010-10-01,243.49,1.0,0.54,0.0022,242.87,244.44,242.38,121037565.0,5699154510656.0,899768514992965.0
2010-10-04,243.99,1.0,0.5,0.0021,244.47,245.28,243.46,122909383.0,5832247194636.0,901073943674755.0
2010-10-05,244.22,1.0,0.23,0.0009,243.22,244.74,242.59,107926879.0,5289912123870.0,901181849058125.0
2010-10-06,247.7,1.0,3.48,0.0141999999999999,246.53,248.01,246.11,137813020.0,6390296133617.0,914127467360865.0
2010-10-07,247.22,2.0,-0.48,-0.0019,247.17,247.91,246.21,148595694.0,6274300495220.0,913246645984050.0
2010-10-08,246.51,2.0,-0.71,-0.0029,247.16,247.19,245.37,128185212.0,6081317969969.0,910765422292135.0
2010-10-11,245.44,2.0,-1.07,-0.0043,247.99,248.05,244.79,116397908.0,4998325303462.0,906869834508965.0
2010-10-12,242.35,2.0,-3.09,-0.0126,245.76,245.95,241.2,110717206.0,4778425536861.0,895541840509060.0
2010-10-13,242.99,1.0,0.64,0.0026,243.63,244.01,241.73,103723846.0,4793649075673.0,898725582924060.0
2010-10-14,246.25,1.0,3.26,0.0134,244.38,246.25,244.02,147799665.0,6242370617551.0,910369628226160.0
2010-10-15,246.56,1.0,0.31,0.0013,246.03,246.68,245.31,128053063.0,5185949808791.0,911050587632095.0
2010-10-18,242.64,2.0,-3.92,-0.0159,246.81,246.93,242.64,112933627.0,4543828799787.0,897443736616215.0
2010-10-19,240.11,2.0,-2.53,-0.0104,242.96,243.81,240.11,113412263.0,4529367462642.0,888376272801165.0
2010-10-20,241.79,1.0,1.68,0.0069999999999999,238.41,242.64,237.25,118751395.0,4838578694127.0,894492876761485.0
2010-10-21,242.53,1.0,0.74,0.0031,242.71,242.84,239.99,157193582.0,6122698151510.0,897350773410645.0
2010-10-22,245.84,1.0,3.31,0.0136,243.58,245.86,243.31,113488824.0,4835239671903.0,909574340178170.0
2010-10-25,248.16,1.0,2.32,0.0093999999999999,246.52,248.74,245.91,130325279.0,5340984536479.0,918481406069795.0
2010-10-26,248.38,1.0,0.22,0.0009,247.7,248.5,247.07,121671255.0,5420131824118.0,919740539603925.0
2010-10-27,246.61,2.0,-1.77,-0.0070999999999999,248.22,248.92,245.68,155434152.0,5639420928580.0,914024076036795.0
2010-10-28,246.41,2.0,-0.2,-0.0008,246.53,247.46,245.72,124902182.0,4493106305595.0,913418516156860.0
2010-10-29,242.98,2.0,-3.43,-0.0139,247.19,247.27,242.14,123479297.0,4991207193141.0,900537623750255.0
2010-11-01,247.41,1.0,4.43,0.0182,243.92,247.41,242.68,117692861.0,5066873564656.0,917412327268155.0
2010-11-02,247.93,1.0,0.52,0.0021,247.02,248.32,246.54,117430702.0,5381252123684.0,919580089040800.0
2010-11-03,249.99,1.0,2.06,0.0083,249.62,251.33,249.28,119310282.0,5463245866153.0,928041478417665.0
2010-11-04,251.12,1.0,1.13,0.0045,250.73,251.51,250.17,110111679.0,5237066848882.0,931589625249875.0
2010-11-05,251.22,1.0,0.1,0.0004,253.85,254.82,251.14,153754655.0,6689767700425.0,930717551052085.0
2010-11-08,251.73,1.0,0.51,0.002,252.32,252.7,250.01,115566792.0,4477697323295.0,932705947920185.0
2010-11-09,252.07,1.0,0.34,0.0014,251.81,252.3,250.56,101965744.0,5128521465930.0,934503551421595.0
2010-11-10,255.13,1.0,3.06,0.0121,251.87,255.14,251.79,156525436.0,5408231645590.0,945324835641360.0
2010-11-11,247.51,2.0,-7.62,-0.0299,254.86,256.51,247.51,174612775.0,8359610630867.0,917784594507335.0
2010-11-12,248.35,1.0,0.84,0.0034,252.78,254.02,246.62,175489357.0,8053600162724.0,919920671512495.0
2010-11-15,249.22,1.0,0.87,0.0034999999999999,249.34,250.56,247.47,107192481.0,5162270480258.0,921613460647365.0
2010-11-16,247.84,2.0,-1.38,-0.0055,248.96,249.65,246.4,140888908.0,6078831147824.0,915452908980185.0
2010-11-17,247.3,2.0,-0.54,-0.0022,245.02,248.99,244.75,122731548.0,5075580444809.0,914081690686935.0
2010-11-18,251.15,1.0,3.85,0.0156,248.92,251.36,248.25,108936791.0,4907890881759.0,928666037632535.0
2010-11-19,253.04,1.0,1.89,0.0075,252.3,253.06,251.09,125813443.0,5311260036033.0,935546062907570.0
2010-11-22,254.0,1.0,0.96,0.0038,253.82,254.97,253.16,132860753.0,6509019231071.0,938081236478945.0
2010-11-23,252.12,2.0,-1.88,-0.0074,253.22,253.97,250.73,140762205.0,6506085698455.0,930781909152675.0
2010-11-24,252.38,1.0,0.26,0.001,246.77,252.78,246.57,154337708.0,7079039494312.0,930719645132525.0
2010-11-25,252.45,1.0,0.07,0.0003,253.3,253.42,250.68,111628164.0,4922671639671.0,931300331808535.0
2010-11-26,249.31,2.0,-3.14,-0.0124,253.07,253.69,248.27,109418420.0,4900908662719.0,919670271943875.0
2010-11-29,248.92,2.0,-0.39,-0.0016,249.92,251.02,246.84,87341036.0,3963547096639.0,916918008038185.0
2010-11-30,249.64,1.0,0.72,0.0029,247.97,251.82,247.86,118152013.0,5068773312069.0,920201642470285.0
2010-12-01,252.8,1.0,3.16,0.0127,250.08,252.8,249.54,85384380.0,4209117799436.0,932260834425120.0
2010-12-02,256.02,1.0,3.22,0.0127,254.61,256.1,254.24,99947698.0,5059681498568.0,943337544800900.0
2010-12-03,257.65,1.0,1.63,0.0064,257.51,257.65,256.15,106997798.0,5988328779320.0,948363736689895.0
2010-12-06,257.32,2.0,-0.33,-0.0013,258.12,258.26,256.28,100059915.0,4600428127760.0,946581217691255.0
2010-12-07,258.63,1.0,1.31,0.0051,257.46,259.16,256.96,102092417.0,5174053642332.0,951175861022615.0
2010-12-08,257.51,2.0,-1.12,-0.0043,258.25,259.76,257.35,96765710.0,4561029421865.0,947380294025700.0
2010-12-09,262.32,1.0,4.81,0.0187,258.57,262.32,258.17,122278052.0,6138727518399.0,964753875830625.0
2010-12-10,261.74,2.0,-0.58,-0.0022,261.57,262.73,260.82,92737356.0,4494849563225.0,962888960219895.0
2010-12-13,263.31,1.0,1.57,0.006,262.7,263.54,261.37,92886895.0,4336500317191.0,968098426475450.0
2010-12-14,265.13,1.0,1.82,0.0069,263.94,265.19,263.38,120699576.0,5600137402886.0,974481024516885.0
2010-12-15,265.95,1.0,0.82,0.0031,265.03,265.95,264.2,112013157.0,5665867126453.0,978527716063465.0
2010-12-16,264.92,2.0,-1.03,-0.0039,264.83,266.47,263.97,88005826.0,4590867778127.0,974934962915705.0
2010-12-17,267.67,1.0,2.75,0.0104,266.19,267.89,265.14,119461052.0,5862713970448.0,983969140844120.0
2010-12-20,267.42,2.0,-0.25,-0.0009,265.48,267.69,264.06,134870946.0,6292103366045.0,982539950137715.0
2010-12-21,269.31,1.0,1.89,0.0070999999999999,269.13,270.44,268.61,126913752.0,6439831177762.0,990375907538265.0
2010-12-22,269.6,1.0,0.29,0.0011,269.52,270.43,269.02,104032322.0,5307724058479.0,990989476394980.0
2010-12-23,269.62,1.0,0.02,0.0001,270.03,270.23,268.27,89670978.0,4278104295404.0,990859897519205.0
2010-12-24,268.5,2.0,-1.12,-0.0042,270.1,270.36,268.29,93033256.0,4495269229400.0,986872195075580.0
2010-12-27,267.35,2.0,-1.15,-0.0043,267.68,269.11,266.79,94704901.0,4399424196026.0,982535616766480.0
2010-12-28,269.04,1.0,1.69,0.0063,268.21,270.37,267.94,115967688.0,5118186890746.0,988464614633610.0
2010-12-29,270.44,1.0,1.4,0.0052,268.29,270.49,268.0,86463491.0,4107781187170.0,993205434661245.0
2010-12-30,271.19,1.0,0.75,0.0028,270.84,271.53,270.0,86065568.0,4258546239467.0,996186380574345.0
2011-01-03,273.81,1.0,2.62,0.0097,272.84,273.81,271.63,100075525.0,4872099536105.0,1005699475592030.0
2011-01-04,275.78,1.0,1.97,0.0072,274.29,275.78,273.69,113809011.0,6121660760357.0,1012702567543200.0
2011-01-05,275.35,2.0,-0.43,-0.0016,275.37,275.94,274.57,127213758.0,6860692529115.0,1011270304781255.0
2011-01-06,274.72,2.0,-0.63,-0.0023,276.91,277.13,273.08,143226705.0,6960294571000.0,1009445006102835.0
2011-01-07,275.61,1.0,0.89,0.0032,274.0,275.61,273.24,113105022.0,6131208760164.0,1013763300140560.0
2011-01-10,273.99,2.0,-1.62,-0.0059,274.91,275.75,272.44,123705415.0,5849439554797.0,1009809907456705.0
2011-01-11,275.1,1.0,1.11,0.0040999999999999,273.81,275.1,271.26,114625444.0,5609929851447.0,1013753055560305.0
2011-01-12,276.17,1.0,1.07,0.0039,275.53,276.7,274.79,134797528.0,6519954571049.0,1017060562801445.0
2011-01-13,275.52,2.0,-0.65,-0.0024,276.49,278.52,274.81,169447581.0,7836281021441.0,1014062421362675.0
2011-01-14,278.17,1.0,2.65,0.0096,275.39,278.17,273.45,183856905.0,7317315890963.0,1023688971748675.0
2011-01-17,277.05,2.0,-1.12,-0.004,278.49,279.67,277.04,151515728.0,6734197512339.0,1019531817394390.0
2011-01-18,276.6,2.0,-0.45,-0.0016,276.43,278.8,276.07,139441112.0,6722349031423.0,1019438710116045.0
2011-01-19,279.25,1.0,2.65,0.0096,277.9,279.86,274.81,151377513.0,7483324009224.0,1029185939447465.0
2011-01-20,277.75,2.0,-1.5,-0.0054,278.52,278.96,277.12,109291478.0,5524894855612.0,1024250044695950.0
2011-01-21,272.67,2.0,-5.08,-0.0183,277.22,277.38,272.28,140577697.0,6340962092543.0,1005908300814675.0
2011-01-24,274.5,1.0,1.83,0.0067,272.25,274.68,271.92,107723072.0,5132958116190.0,1012581817819415.0
2011-01-25,275.18,1.0,0.68,0.0025,275.8,277.76,274.86,130496968.0,6176666179411.0,1015380938606925.0
2011-01-26,278.81,1.0,3.63,0.0132,276.16,279.19,275.92,113838670.0,5160821004213.0,1028045664222330.0
2011-01-27,279.2,1.0,0.39,0.0014,279.34,280.26,278.34,124112916.0,6275938209764.0,1030266504665530.0
2011-01-28,278.45,2.0,-0.75,-0.0027,279.18,279.79,276.58,124678285.0,6740662732344.0,1027237588742385.0
2011-01-31,273.12,2.0,-5.33,-0.0191,274.8,275.95,273.12,116191625.0,6441655616294.0,1007726614705185.0
2011-02-01,273.45,1.0,0.33,0.0012,274.5,275.46,273.44,107293135.0,5351775827215.0,1003236279189740.0
2011-02-07,274.9,1.0,1.45,0.0053,277.76,278.68,274.9,114649361.0,5830209736018.0,1007957707999075.0
2011-02-08,273.16,2.0,-1.74,-0.0063,276.01,276.36,272.84,116763154.0,6492305642623.0,1001350169682995.0
2011-02-09,269.9,2.0,-3.26,-0.0118999999999999,274.18,274.2,268.84,109634101.0,5914782757073.0,989194248725415.0
2011-02-10,264.57,2.0,-5.33,-0.0197,269.21,269.83,264.57,119189835.0,6436774842658.0,970251419317655.0
2011-02-11,260.4,2.0,-4.17,-0.0158,264.8,266.76,260.13,124670005.0,6365675881329.0,954922389566105.0
2011-02-14,266.02,1.0,5.62,0.0216,263.49,266.29,261.98,107226623.0,5024173432338.0,974701552790655.0
2011-02-15,265.4,2.0,-0.62,-0.0023,266.49,268.23,264.39,108129015.0,5060111438133.0,973222049011980.0
2011-02-16,262.56,2.0,-2.84,-0.0107,264.95,267.14,262.52,106001905.0,4841237011670.0,962697588303790.0
2011-02-17,261.23,2.0,-1.33,-0.0051,264.41,265.14,258.83,132445178.0,5989030355465.0,957710659510950.0
2011-02-18,265.8,1.0,4.57,0.0175,263.03,266.22,261.82,111961140.0,5043462883603.0,974808593430220.0
2011-02-21,264.55,2.0,-1.25,-0.0046999999999999,265.88,266.07,262.71,113038476.0,5027136701265.0,970935931622720.0
2011-02-22,260.13,2.0,-4.42,-0.0167,260.81,262.06,258.58,113190270.0,5345544772510.0,954046013760370.0
2011-02-23,259.21,2.0,-0.92,-0.0034999999999999,259.18,261.3,257.87,105105855.0,4969090825029.0,950140876780660.0
2011-02-24,257.69,2.0,-1.52,-0.0059,258.69,260.4,257.04,96546490.0,4637852240883.0,944210231254145.0
2011-02-25,259.28,1.0,1.59,0.0062,258.49,259.68,256.43,89777465.0,4337787494012.0,955682470612905.0
2011-02-28,256.36,2.0,-2.92,-0.0113,257.96,258.83,255.88,86800542.0,4046829446970.0,944178162235390.0
2011-03-02,254.96,2.0,-1.4,-0.0055,253.95,256.58,253.9,81300074.0,4040981592181.0,938712846683315.0
2011-03-03,260.48,1.0,5.52,0.0217,256.82,260.48,256.55,85844408.0,4396555026328.0,959283841267895.0
2011-03-04,265.42,1.0,4.94,0.019,263.06,265.96,262.41,103584497.0,5334863423481.0,977099399263560.0
2011-03-07,261.44,2.0,-3.98,-0.015,264.12,265.2,261.12,69664154.0,3989034823153.0,963745153963620.0
2011-03-08,263.33,1.0,1.89,0.0072,261.87,265.09,260.56,88748525.0,4546579842648.0,971230183832005.0
2011-03-09,263.8,1.0,0.47,0.0018,264.84,266.18,262.39,110321585.0,5603839438995.0,973199149300925.0
2011-03-10,260.59,2.0,-3.21,-0.0121999999999999,263.41,263.66,259.55,118230248.0,6453540198456.0,963877920519685.0
2011-03-11,256.83,2.0,-3.76,-0.0144,257.17,259.22,256.15,88216142.0,4729185109619.0,950445489956765.0
2011-03-14,260.69,1.0,3.86,0.015,256.64,260.69,254.63,161481850.0,8377992075003.0,963136054033395.0
2011-03-15,254.29,2.0,-6.4,-0.0246,260.14,262.77,249.34,178117395.0,8596442457906.0,940152750657150.0
2011-03-16,259.44,1.0,5.15,0.0203,258.44,260.22,255.66,123216347.0,6160653333419.0,957849409385165.0
2011-03-17,259.8,1.0,0.36,0.0014,254.66,260.25,254.23,120056544.0,5986481602450.0,959166379349965.0
2011-03-18,262.39,1.0,2.59,0.01,260.13,263.59,259.58,111774603.0,5945762441795.0,968686995145190.0
2011-03-21,264.89,1.0,2.5,0.0095,262.74,265.18,262.64,99625070.0,4658747625593.0,978866875835180.0
2011-03-22,266.05,1.0,1.16,0.0044,265.97,266.48,264.76,115160078.0,6397836493084.0,984437924135200.0
2011-03-23,265.67,2.0,-0.38,-0.0014,266.69,266.99,264.64,148513199.0,6688755224773.0,983334763328940.0
2011-03-24,268.93,1.0,3.26,0.0123,266.97,268.95,266.85,128245003.0,5702362505904.0,995933525978420.0
2011-03-25,271.66,1.0,2.73,0.0102,271.91,272.22,269.78,134099473.0,6305817331123.0,1005406688368325.0
2011-03-28,272.13,1.0,0.47,0.0017,271.7,272.65,270.51,128562485.0,5718472643694.0,1006639682613960.0
2011-03-29,274.22,1.0,2.09,0.0077,271.49,274.22,271.04,106847005.0,5439259560401.0,1014662881742135.0
2011-03-30,277.04,1.0,2.82,0.0103,274.76,278.2,274.46,142844996.0,7226401710900.0,1022112768400995.0
2011-03-31,278.87,1.0,1.83,0.0066,277.97,278.87,276.52,142599424.0,7302365792442.0,1032033321931150.0
2011-04-01,280.73,1.0,1.86,0.0067,278.92,280.73,278.1,135226146.0,6590002262803.0,1039068588596405.0
2011-04-04,280.01,2.0,-0.72,-0.0026,281.1,281.3,278.38,138913551.0,7150410577466.0,1036086589301760.0
2011-04-05,282.03,1.0,2.02,0.0072,280.3,282.03,278.87,122669623.0,5765341529655.0,1043834863731535.0
2011-04-06,281.35,2.0,-0.68,-0.0024,281.8,282.73,280.25,161504151.0,7711589547366.0,1041934187733590.0
2011-04-07,280.45,2.0,-0.9,-0.0032,282.22,282.62,279.15,145993156.0,6392465049520.0,1039212390433670.0
2011-04-08,281.05,1.0,0.6,0.0021,280.0,282.21,279.7,167077094.0,7598303391294.0,1042157786571885.0
2011-04-11,280.49,2.0,-0.56,-0.002,280.79,282.03,279.34,128449747.0,6333566776447.0,1039838425317375.0
2011-04-12,276.13,2.0,-4.36,-0.0155,279.74,279.78,275.99,127622955.0,6130558116899.0,1023290276607590.0
2011-04-13,280.68,1.0,4.55,0.0165,276.5,280.68,275.12,117661127.0,5924906713535.0,1039693581805690.0
2011-04-14,283.15,1.0,2.47,0.0088,279.89,283.15,278.65,148798089.0,8121310489877.0,1049072701161915.0
2011-04-15,282.8,2.0,-0.35,-0.0012,282.36,283.23,280.83,125550288.0,6745215847607.0,1048086420318130.0
2011-04-18,282.14,2.0,-0.66,-0.0023,283.58,283.98,280.76,147749448.0,7886505770633.0,1046857450128845.0
2011-04-19,280.43,2.0,-1.71,-0.0060999999999999,279.36,282.12,278.83,146576384.0,7425454476694.0,1039636238055955.0
2011-04-20,287.19,1.0,6.76,0.0241,283.63,287.23,282.54,162546119.0,8621731860667.0,1063984789074550.0
2011-04-21,291.16,1.0,3.97,0.0138,289.99,293.16,289.09,191070658.0,10957872512322.0,1079938695502300.0
2011-04-22,290.84,2.0,-0.32,-0.0011,291.43,292.2,289.86,140819401.0,8257534716235.0,1079226493633135.0
2011-04-25,292.69,1.0,1.85,0.0064,291.72,293.01,290.82,121836037.0,6470513418721.0,1087631211203380.0
2011-04-26,291.38,2.0,-1.31,-0.0045,293.04,293.59,290.04,165640568.0,9198122708831.0,1082312039398100.0
2011-04-27,292.08,1.0,0.7,0.0024,294.05,295.16,290.04,190608500.0,11310874448408.0,1082645826199850.0
2011-04-28,292.15,1.0,0.07,0.0002,293.23,294.42,290.24,157385834.0,9043415976735.0,1083879272695740.0
2011-04-29,290.39,2.0,-1.76,-0.006,292.37,293.76,288.35,170786083.0,9940650613141.0,1075882663021125.0
2011-05-02,295.35,1.0,4.96,0.0171,291.93,295.37,291.88,120032921.0,7054564101695.0,1094021971218405.0
2011-05-03,291.65,2.0,-3.7,-0.0125,294.85,295.51,289.94,126165217.0,7418174590494.0,1079558831963485.0
2011-05-04,288.46,2.0,-3.19,-0.0109,290.87,291.49,287.43,132932221.0,7219083616228.0,1068889921835735.0
2011-05-06,283.68,2.0,-4.78,-0.0166,284.54,285.15,281.93,124216218.0,7499038146300.0,1051807052497770.0
2011-05-09,282.59,2.0,-1.09,-0.0038,285.16,285.8,282.22,91275062.0,5018478150000.0,1047547106791270.0
2011-05-11,286.3,1.0,3.71,0.0131,285.66,286.3,283.36,104688222.0,6106808176841.0,1061761488534460.0
2011-05-12,280.02,2.0,-6.28,-0.0219,282.52,283.98,280.02,134840177.0,6652955269898.0,1038573654659475.0
2011-05-13,279.59,2.0,-0.43,-0.0015,281.27,281.56,277.5,145732260.0,7590845726754.0,1037750014095405.0
2011-05-16,277.22,2.0,-2.37,-0.0085,277.53,278.85,276.39,104267747.0,5460323883086.0,1029646752253615.0
2011-05-17,277.15,2.0,-0.07,-0.0003,277.13,278.19,275.57,94316036.0,4852414083577.0,1029201719620150.0
2011-05-18,281.76,1.0,4.61,0.0166,278.22,282.24,277.53,97493460.0,6227444559966.0,1046993463162635.0
2011-05-19,276.47,2.0,-5.29,-0.0187999999999999,282.39,282.73,275.98,112884530.0,6854724164960.0,1027191241850930.0
2011-05-20,278.59,1.0,2.12,0.0077,277.26,278.81,274.89,96777108.0,5263588443783.0,1035315765407640.0
2011-05-23,271.19,2.0,-7.4,-0.0266,277.08,277.08,271.19,95181528.0,5510563778615.0,1007422965188395.0
2011-05-24,271.78,1.0,0.59,0.0022,270.87,273.27,270.4,87040623.0,5265308918106.0,1009776029202510.0
2011-05-25,268.62,2.0,-3.16,-0.0116,273.52,274.74,267.77,94770621.0,6077324482062.0,996881026527175.0
2011-05-26,276.33,1.0,7.71,0.0287,271.99,276.68,271.38,96148108.0,6377516182823.0,1025274622051645.0
2011-05-27,277.35,1.0,1.02,0.0037,275.62,278.97,275.26,96283204.0,6266786145361.0,1028826224221845.0
2011-05-30,276.32,2.0,-1.03,-0.0037,279.25,279.37,275.1,86821664.0,5077459331768.0,1025869836438455.0
2011-05-31,282.76,1.0,6.44,0.0233,277.73,283.92,277.44,136901735.0,8303776179626.0,1050707864444965.0
2011-06-01,282.75,2.0,-0.01,0.0,282.92,284.34,281.45,129261091.0,6924243222839.0,1050520915748335.0
2011-06-02,278.76,2.0,-3.99,-0.0141,277.07,280.73,276.37,111426323.0,6323841821375.0,1036190703064820.0
2011-06-03,278.84,1.0,0.08,0.0003,279.98,281.11,278.06,98779730.0,5751323017897.0,1035917384321395.0
2011-06-07,276.97,2.0,-1.87,-0.0067,276.0,277.88,275.92,94503449.0,5280849151248.0,1026908611884650.0
2011-06-08,274.46,2.0,-2.51,-0.0091,277.39,278.26,272.68,103488344.0,5818703200659.0,1020203194985790.0
2011-06-09,272.44,2.0,-2.02,-0.0074,273.55,274.84,271.79,110101426.0,6441229572791.0,1013710079096065.0
2011-06-10,269.04,2.0,-3.4,-0.0125,274.38,275.6,268.76,121661701.0,6257825278904.0,1018495758080975.0
2011-06-13,269.79,1.0,0.75,0.0028,266.81,270.76,266.44,90939749.0,4845386079983.0,1020433550533685.0
2011-06-14,273.67,1.0,3.88,0.0144,269.26,274.54,268.49,100051319.0,5490875268475.0,1035131485450825.0
2011-06-15,274.53,1.0,0.86,0.0031,275.12,275.26,271.51,93809650.0,5166100777768.0,1038988081712995.0
2011-06-16,268.88,2.0,-5.65,-0.0206,270.59,272.08,268.42,88884379.0,5062767121626.0,1018078174690925.0
2011-06-17,266.22,2.0,-2.66,-0.0098999999999999,270.18,270.33,263.02,138039177.0,7227552230453.0,1009814867400365.0
2011-06-20,264.39,2.0,-1.83,-0.0069,266.41,268.26,264.05,90678140.0,5600120183620.0,1003093342397175.0
2011-06-21,268.65,1.0,4.26,0.0161,267.27,269.24,264.28,100012315.0,5891987755955.0,1018124319858715.0
2011-06-22,270.71,1.0,2.06,0.0077,271.25,272.39,270.18,118052738.0,5484886103994.0,1026294037548185.0
2011-06-23,269.34,2.0,-1.37,-0.0051,268.35,270.77,268.29,89404768.0,4624517174212.0,1021578781043095.0
2011-06-24,274.31,1.0,4.97,0.0185,270.49,274.31,270.2,125717334.0,7213221667065.0,1039603343966445.0
2011-06-27,271.44,2.0,-2.87,-0.0105,272.23,272.42,269.68,78386765.0,4216600439344.0,1028585594704150.0
2011-06-28,270.41,2.0,-1.03,-0.0038,274.37,275.59,270.41,119446471.0,5017445884850.0,1024713477822445.0
2011-06-29,274.61,1.0,4.2,0.0155,275.33,275.47,273.06,114354124.0,4889490330460.0,1041282912245150.0
2011-06-30,275.17,1.0,0.56,0.002,275.82,276.08,274.02,106213554.0,4946966002800.0,1043648520247165.0
2011-07-01,278.77,1.0,3.6,0.0131,277.9,279.69,277.34,111585486.0,5510204534106.0,1056719382383415.0
2011-07-04,281.67,1.0,2.9,0.0104,281.28,282.85,281.13,136282936.0,5664064689920.0,1066496061852520.0
2011-07-05,283.88,1.0,2.21,0.0078,282.1,284.11,281.61,123468380.0,5396185226090.0,1074951637523805.0
2011-07-06,285.12,1.0,1.24,0.0044,283.08,285.12,282.93,123082120.0,6223082030087.0,1079439888466770.0
2011-07-07,286.07,1.0,0.95,0.0033,284.41,286.86,284.06,152459981.0,6983052270355.0,1084051063947125.0
2011-07-08,286.05,2.0,-0.02,-0.0001,287.73,287.73,285.07,172419751.0,8388608791058.0,1084151150453760.0
2011-07-11,282.46,2.0,-3.59,-0.0126,284.22,284.78,281.73,96269769.0,4775240815935.0,1071194928708680.0
2011-07-12,275.9,2.0,-6.56,-0.0232,278.96,279.77,275.77,117131328.0,5282381783325.0,1046538512903720.0
2011-07-13,278.32,1.0,2.42,0.0088,276.83,278.38,275.52,135524049.0,5439435064704.0,1056329477893110.0
2011-07-14,278.03,2.0,-0.29,-0.001,276.74,278.03,274.61,139758711.0,6069716152723.0,1056080800082170.0
2011-07-15,279.59,1.0,1.56,0.0056,276.98,279.59,276.86,108646075.0,4769803961953.0,1062571975441215.0
2011-07-18,276.71,2.0,-2.88,-0.0103,279.93,279.93,275.71,105937824.0,4711664033134.0,1052795541253940.0
2011-07-19,276.58,2.0,-0.13,-0.0005,276.16,278.08,275.75,103207987.0,4969686917710.0,1052196902798250.0
2011-07-20,280.41,1.0,3.83,0.0138,280.54,281.43,279.57,133540896.0,6933901647510.0,1065424548473580.0
2011-07-21,279.2,2.0,-1.21,-0.0043,280.19,280.47,277.9,107091719.0,6069563280307.0,1060348405161670.0
2011-07-22,282.59,1.0,3.39,0.0121,281.51,282.73,280.37,121553791.0,6114275472753.0,1073461935983740.0
2011-07-25,279.66,2.0,-2.93,-0.0104,280.0,280.47,279.0,100117153.0,4750842407110.0,1062581583009520.0
2011-07-26,282.04,1.0,2.38,0.0085,281.34,282.04,279.19,120045118.0,5561770371250.0,1071511145989050.0
2011-07-27,282.7,1.0,0.66,0.0023,279.54,282.77,279.49,108202706.0,5164885615279.0,1074159297924780.0
2011-07-28,280.04,2.0,-2.66,-0.0093999999999999,277.89,280.76,277.87,107025892.0,4711710911630.0,1064444634484400.0
2011-07-29,277.11,2.0,-2.93,-0.0105,280.52,280.52,277.05,127529730.0,4890111902563.0,1052801310442270.0
2011-08-01,282.36,1.0,5.25,0.0189,280.86,282.79,280.55,102247535.0,5297080243665.0,1072980797317690.0
2011-08-02,275.4,2.0,-6.96,-0.0246,279.54,279.88,274.71,129093059.0,6569244043917.0,1046881469217085.0
2011-08-03,267.8,2.0,-7.6,-0.0276,269.8,270.14,266.81,125313094.0,6890238417895.0,1018543296008065.0
2011-08-04,261.54,2.0,-6.26,-0.0233999999999999,267.78,268.35,261.0,119177068.0,6405255106944.0,994206348900055.0
2011-08-05,251.9,2.0,-9.64,-0.0369,251.09,255.15,249.32,181493046.0,8982111514942.0,957525321865360.0
2011-08-08,242.45,2.0,-9.45,-0.0375,248.34,251.38,233.89,204763185.0,9191206810662.0,921754030262110.0
2011-08-09,233.52,2.0,-8.93,-0.0368,234.26,237.55,218.66,268496194.0,11763627255127.0,888044679597019.0
2011-08-10,233.23,2.0,-0.29,-0.0012,243.34,243.36,232.75,207036035.0,9908260491741.0,887393847291335.0
2011-08-11,234.14,1.0,0.91,0.0039,223.79,236.6,223.79,172406690.0,7674334131288.0,891963672925095.0
2011-08-12,230.38,2.0,-3.76,-0.0161,237.41,237.94,229.77,174900185.0,7741992265683.0,878624614095060.0
2011-08-16,242.23,1.0,11.85,0.0513999999999999,238.06,242.23,237.75,123793297.0,6006462516908.0,922533812075130.0
2011-08-17,243.43,1.0,1.2,0.005,240.68,245.62,240.61,112888576.0,5101494306580.0,928234906393760.0
2011-08-18,238.31,2.0,-5.12,-0.021,243.15,243.61,234.93,159363007.0,7083256147429.0,910054922778385.0
2011-08-19,222.98,2.0,-15.33,-0.0643,228.95,229.75,222.95,178203580.0,8081544926959.0,851919208253070.0
2011-08-22,219.15,2.0,-3.83,-0.0172,224.62,225.49,218.09,141167912.0,6044056884765.0,835924079660125.0
2011-08-23,228.12,1.0,8.97,0.0409,222.3,229.17,220.38,152415439.0,6901232152392.0,869411808584170.0
2011-08-24,225.14,2.0,-2.98,-0.0131,229.56,231.08,223.52,147346814.0,6642765784220.0,858365037660336.0
2011-08-25,227.02,1.0,1.88,0.0084,230.3,232.0,226.73,117591693.0,4924568410471.0,864568130502744.0
2011-08-26,229.0,1.0,1.98,0.0087,225.55,229.73,225.54,93878958.0,4082981094776.0,871609156568111.0
2011-08-29,235.78,1.0,6.78,0.0296,232.8,236.95,229.94,127170846.0,5575939501346.0,897520046193566.0
2011-08-30,237.64,1.0,1.86,0.0079,239.13,240.47,236.72,139132575.0,5324474773348.0,903685799019345.0
2011-08-31,242.16,1.0,4.52,0.019,237.91,242.16,236.59,117003648.0,5409991465070.0,920915308542300.0
2011-09-01,242.37,1.0,0.21,0.0009,243.07,248.84,241.95,156980678.0,7352981292887.0,921807875489010.0
2011-09-02,240.16,2.0,-2.21,-0.0091,241.18,243.76,238.42,99294056.0,4331121105336.0,914458913019380.0
2011-09-05,228.89,2.0,-11.27,-0.0469,234.93,235.03,228.89,109884325.0,4779707184367.0,872211533649240.0
2011-09-06,226.65,2.0,-2.24,-0.0098,224.46,229.82,223.18,121424307.0,5240930252280.0,862896298844462.0
2011-09-07,236.12,1.0,9.47,0.0418,232.72,236.15,231.04,113520401.0,4962877572647.0,897052016231495.0
2011-09-08,238.47,1.0,2.35,0.01,239.55,239.64,235.48,143189225.0,6013550882261.0,905223644028374.0
2011-09-09,233.4,2.0,-5.07,-0.0213,234.09,238.51,233.4,122057339.0,4705439675454.0,886495003935329.0
2011-09-14,225.15,2.0,-8.25,-0.0353,231.92,232.68,224.16,119106816.0,4991695587005.0,855289100457115.0
2011-09-15,228.58,1.0,3.43,0.0152,231.65,233.01,224.54,140741442.0,5318917801488.0,868005184845430.0
2011-09-16,237.5,1.0,8.92,0.039,234.94,238.49,233.32,157879894.0,6500043442679.0,901721767232405.0
2011-09-19,235.32,2.0,-2.18,-0.0092,234.58,237.5,233.74,112096089.0,4109290919316.0,892331080766670.0
2011-09-20,237.53,1.0,2.21,0.0093999999999999,235.29,238.11,231.55,119237921.0,4743314800870.0,900627041409248.0
2011-09-21,239.51,1.0,1.98,0.0083,238.08,241.85,236.57,117466078.0,5090673564629.0,908724435841525.0
2011-09-22,232.05,2.0,-7.46,-0.0311,233.2,234.77,230.02,124626880.0,5014834434086.0,880716293715282.0
2011-09-23,218.62,2.0,-13.43,-0.0579,223.64,224.8,218.58,172809127.0,6598687562421.0,829806574339104.0
2011-09-26,214.18,2.0,-4.44,-0.0203,221.85,221.96,212.92,170275396.0,6347938998667.0,811491958828995.0
2011-09-27,225.29,1.0,11.11,0.0519,221.23,225.37,219.76,141047506.0,5349211735593.0,852977158185835.0
2011-09-28,223.82,2.0,-1.47,-0.0065,227.28,228.95,223.82,140274936.0,5559892675077.0,846293754640961.0
2011-09-29,230.37,1.0,6.55,0.0293,222.51,230.54,221.76,142378818.0,5772238484440.0,870317928780573.0
2011-09-30,230.41,1.0,0.04,0.0002,228.79,231.23,226.61,128253728.0,5617329267324.0,870133966184701.0
2011-10-04,221.93,2.0,-8.48,-0.0368,218.92,221.99,215.53,129782656.0,5959021920369.0,837906763165037.0
2011-10-05,217.34,2.0,-4.59,-0.0207,223.64,223.64,216.39,151545938.0,6640150760534.0,819723862598874.0
2011-10-06,223.94,1.0,6.6,0.0304,223.99,227.25,223.47,149970437.0,6526205689307.0,843964314912421.0
2011-10-07,230.27,1.0,6.33,0.0283,229.61,231.47,228.92,146174741.0,6516579736809.0,868556664588512.0
2011-10-10,230.82,1.0,0.55,0.0024,230.64,233.38,230.34,105534395.0,4278145928310.0,870826976726255.0
2011-10-11,234.8,1.0,3.98,0.0172,236.75,236.9,234.27,147524683.0,6083823162880.0,885800725173565.0
2011-10-12,236.66,1.0,1.86,0.0079,233.79,236.91,232.44,120235383.0,4893448758751.0,892536424929671.0
2011-10-13,238.09,1.0,1.43,0.006,239.65,240.32,238.09,139019910.0,5581332723098.0,898629358607378.0
2011-10-14,239.67,1.0,1.58,0.0066,236.96,240.3,235.44,105841291.0,4107360427061.0,904987353629737.0
2011-10-17,243.49,1.0,3.82,0.0159,242.43,243.49,241.0,117831660.0,4818449607810.0,919803703789470.0
2011-10-18,239.89,2.0,-3.6,-0.0148,238.47,240.98,237.99,127070623.0,5440034375574.0,906325126147475.0
2011-10-19,242.11,1.0,2.22,0.0093,241.5,242.11,239.09,125266427.0,4692416563913.0,914896725347720.0
2011-10-20,235.57,2.0,-6.54,-0.027,242.2,244.22,235.36,127361873.0,5725550216694.0,889544883222611.0
2011-10-21,240.02,1.0,4.45,0.0189,239.03,240.83,235.94,145358186.0,5546465206312.0,906229678700608.0
2011-10-24,248.21,1.0,8.19,0.0341,242.5,248.21,242.44,133087740.0,5634810918672.0,936973991664725.0
2011-10-25,247.2,2.0,-1.01,-0.0040999999999999,248.41,249.18,246.43,129311899.0,5147320174023.0,932390611951582.0
2011-10-26,247.56,1.0,0.36,0.0015,244.87,247.9,243.73,113158546.0,4526064626084.0,934715204703633.0
2011-10-27,251.2,1.0,3.64,0.0147,249.0,251.5,246.96,162709347.0,6842138537760.0,949062863141768.0
2011-10-28,252.47,1.0,1.27,0.0051,256.42,256.88,251.4,202223867.0,8685211936052.0,953450398328990.0
2011-10-31,249.88,2.0,-2.59,-0.0103,251.36,254.33,248.83,122904635.0,5269816968818.0,942874231638847.0
2011-11-01,249.92,1.0,0.04,0.0002,247.51,252.22,247.5,114249961.0,5268708679458.0,943011579815150.0
2011-11-02,248.03,2.0,-1.89,-0.0076,244.87,248.28,243.24,123597499.0,5652023438453.0,936550414840529.0
2011-11-03,244.09,2.0,-3.94,-0.0159,247.4,247.4,243.14,116211732.0,5112864779001.0,922191227120726.0
2011-11-04,252.34,1.0,8.25,0.0338,249.8,252.44,248.95,125153039.0,5957543251036.0,952375180327589.0
2011-11-07,250.78,2.0,-1.56,-0.0062,252.66,252.66,250.14,97703969.0,4317927683869.0,947298825998000.0
2011-11-08,248.32,2.0,-2.46,-0.0098,251.85,251.94,247.86,95100049.0,4166804389027.0,938898554970892.0
2011-11-09,249.23,1.0,0.91,0.0037,251.38,252.0,247.92,123056310.0,5180272649480.0,941070767780543.0
2011-11-10,236.02,2.0,-13.21,-0.053,243.07,243.38,236.02,156656530.0,6875185495509.0,892246512701578.0
2011-11-11,242.99,1.0,6.97,0.0295,239.79,243.05,237.35,101270202.0,4437922994845.0,917765976333636.0
2011-11-14,248.27,1.0,5.28,0.0217,246.4,249.02,246.37,98629212.0,4427924062524.0,938088585034712.0
2011-11-15,246.21,2.0,-2.06,-0.0083,246.25,247.97,244.98,90563380.0,3915718833399.0,930068054554840.0
2011-11-16,241.98,2.0,-4.23,-0.0172,247.71,249.6,241.44,112956200.0,4688120984348.0,916072020409997.0
2011-11-17,244.6,1.0,2.62,0.0108,242.87,244.84,239.09,100808871.0,4024682517269.0,925842047619127.0
2011-11-18,239.43,2.0,-5.17,-0.0210999999999999,239.55,241.13,238.5,93936948.0,4092822231060.0,906355780795175.0
2011-11-21,236.64,2.0,-2.79,-0.0116999999999999,238.54,238.54,235.32,78292874.0,3331464982164.0,896128244782633.0
2011-11-22,237.8,1.0,1.16,0.0049,233.8,238.46,233.71,82979472.0,3274879835304.0,899861787315471.0
2011-11-23,231.68,2.0,-6.12,-0.0256999999999999,236.81,236.93,231.32,142238767.0,3775860254720.0,877464209825542.0
2011-11-24,233.35,1.0,1.67,0.0072,230.7,234.26,229.93,95018619.0,3338311366114.0,883413733120428.0
2011-11-25,231.03,2.0,-2.32,-0.0098999999999999,231.11,232.78,229.74,118202206.0,3496229279272.0,874372288687054.0
2011-11-28,236.59,1.0,5.56,0.0241,235.09,236.86,233.87,94256317.0,3548643578288.0,894803582070527.0
2011-11-29,242.5,1.0,5.91,0.025,238.4,242.61,237.77,122975948.0,5340055078947.0,916816076149115.0
2011-11-30,241.19,2.0,-1.31,-0.0054,241.15,242.64,240.04,111047441.0,5128644170396.0,911775296617339.0
2011-12-01,251.52,1.0,10.33,0.0428,250.12,252.82,249.76,181355396.0,7968851068463.0,949435905251002.0
2011-12-02,251.19,2.0,-0.33,-0.0013,251.23,252.04,249.95,98221279.0,4655271030722.0,948943828168200.0
2011-12-05,252.22,1.0,1.03,0.0040999999999999,252.87,253.02,250.52,77099154.0,3233148225575.0,952251689115853.0
2011-12-06,249.48,2.0,-2.74,-0.0109,250.94,251.94,247.88,105783925.0,3523229858424.0,942093227488711.0
2011-12-07,251.57,1.0,2.09,0.0084,251.08,252.12,249.69,102435285.0,4694710289763.0,950549041447578.0
2011-12-08,250.31,2.0,-1.26,-0.005,250.26,252.4,248.47,117825207.0,4841708254125.0,946715843353640.0
2011-12-09,244.93,2.0,-5.38,-0.0215,246.28,247.85,244.67,96220869.0,3824782012872.0,926582440138090.0
2011-12-12,248.55,1.0,3.62,0.0148,248.73,248.86,247.0,119576044.0,4084941931500.0,939544014220055.0
2011-12-13,243.48,2.0,-5.07,-0.0204,245.44,245.87,243.48,104582860.0,4014273312756.0,920814185900740.0
2011-12-14,242.35,2.0,-1.13,-0.0046,241.67,243.54,241.59,75951988.0,3351376420707.0,917117654030836.0
2011-12-15,236.72,2.0,-5.63,-0.0232,239.15,240.02,236.48,100326665.0,4214725214080.0,896294803888037.0
2011-12-16,239.82,1.0,3.1,0.0131,237.85,240.13,237.22,102227521.0,3356850194736.0,907352068468074.0
2011-12-19,231.74,2.0,-8.08,-0.0337,238.3,238.35,227.54,145242996.0,5054320751014.0,876490521689638.0
2011-12-20,233.83,1.0,2.09,0.009,233.79,234.49,232.25,81004428.0,3046980183584.0,884338277892922.0
2011-12-21,241.51,1.0,7.68,0.0327999999999999,240.01,241.87,239.1,100366852.0,3963373648034.0,912523038929887.0
2011-12-22,241.4,2.0,-0.11,-0.0005,240.5,241.4,239.67,57908389.0,2197808934723.0,911851146215164.0
2011-12-23,244.22,1.0,2.82,0.0116999999999999,243.26,244.95,243.06,82083518.0,3016943757717.0,922496247161545.0
2011-12-26,242.64,2.0,-1.58,-0.0065,244.96,245.1,242.04,56772913.0,1853364807238.0,917301455522548.0
2011-12-27,240.79,2.0,-1.85,-0.0076,242.69,243.91,236.43,77864739.0,3016942320414.0,910064895518306.0
2011-12-28,238.15,2.0,-2.64,-0.011,239.44,239.44,237.28,64039207.0,2231572101033.0,900370887809773.0
2011-12-29,238.08,2.0,-0.07,-0.0003,236.87,239.55,235.7,63990850.0,2716045190873.0,900139092470410.0
2012-01-02,238.7,1.0,0.62,0.0026,239.04,239.96,236.81,67445841.0,2469596046066.0,901410896679802.0
2012-01-03,245.82,1.0,7.12,0.0298,241.56,245.82,241.56,91374258.0,3744217248151.0,927879260209434.0
2012-01-04,244.24,2.0,-1.58,-0.0064,246.89,247.06,244.16,97162966.0,3551204627423.0,922793503056227.0
2012-01-05,243.56,2.0,-0.68,-0.0028,244.58,245.5,243.25,90095723.0,3614346036889.0,921064741299418.0
2012-01-06,240.57,2.0,-2.99,-0.0123,243.97,243.97,237.88,84537806.0,3250463894172.0,910075825287593.0
2012-01-09,238.02,2.0,-2.55,-0.0106,238.88,238.99,235.95,81891620.0,3189468254167.0,902412627379152.0
2012-01-10,241.69,1.0,3.67,0.0154,240.07,242.69,239.89,101264606.0,3729437777977.0,916649181654050.0
2012-01-11,240.83,2.0,-0.86,-0.0036,242.19,242.29,240.46,90006617.0,3694866783596.0,913155305898261.0
2012-01-12,243.46,1.0,2.63,0.0109,241.8,243.46,239.82,109239763.0,4247920752131.0,923407127801640.0
2012-01-13,245.28,1.0,1.82,0.0075,243.6,246.06,243.02,103130675.0,4890230258059.0,929737281680375.0
2012-01-16,243.1,2.0,-2.18,-0.0089,243.34,243.7,240.88,77774080.0,3167341862258.0,921487037844728.0
2012-01-17,247.81,1.0,4.71,0.0194,245.79,247.82,245.76,114954438.0,4912314690913.0,939213861687367.0
2012-01-18,247.82,1.0,0.01,0.0,247.57,248.81,246.68,108636047.0,4957314498219.0,939411169567365.0
2012-01-19,251.27,1.0,3.45,0.0139,250.6,251.34,249.15,117021786.0,5479980484238.0,951399857826964.0
2012-01-20,256.61,1.0,5.34,0.0213,252.28,256.94,252.28,137407573.0,6158574494708.0,971132691565170.0
2012-01-25,257.14,1.0,0.53,0.0021,256.22,260.07,256.1,109026235.0,5229816349753.0,972766263653870.0
2012-01-26,257.52,1.0,0.38,0.0015,258.05,258.49,256.49,92234406.0,4536816789562.0,974666591338655.0
2012-01-27,258.65,1.0,1.13,0.0044,258.01,258.88,256.38,103438412.0,4889580376135.0,978469387351090.0
2012-01-30,255.21,2.0,-3.44,-0.0133,257.39,258.12,254.68,97916583.0,5177506924168.0,965346919614970.0
2012-01-31,256.9,1.0,1.69,0.0066,255.45,257.88,254.09,105571722.0,5414348682353.0,972930989224540.0
2012-02-01,257.06,1.0,0.16,0.0006,255.73,258.81,255.56,125417862.0,5614371126427.0,973931904993155.0
2012-02-02,260.35,1.0,3.29,0.0128,260.18,261.96,259.25,162792537.0,7126387708296.0,986803968345100.0
2012-02-03,258.53,2.0,-1.82,-0.0069999999999999,259.95,260.09,257.06,114436371.0,5877773952173.0,980292610702730.0
2012-02-06,258.93,1.0,0.4,0.0015,261.65,262.0,257.65,133300731.0,5849720782599.0,981120574154975.0
2012-02-07,259.8,1.0,0.87,0.0034,259.37,260.26,258.41,169724892.0,5201893766202.0,984761501202910.0
2012-02-08,262.94,1.0,3.14,0.0121,260.26,262.94,259.96,157645381.0,5695667059539.0,996897888577905.0
2012-02-09,264.5,1.0,1.56,0.0059,261.99,264.5,259.28,146866940.0,6385334551674.0,1002885416942130.0
2012-02-10,261.17,2.0,-3.33,-0.0126,263.6,263.77,260.19,128415586.0,5622398720025.0,990815270585320.0
2012-02-13,262.75,1.0,1.58,0.006,262.14,263.56,260.88,92770452.0,4274915097328.0,996519121744775.0
2012-02-14,262.38,2.0,-0.37,-0.0014,261.69,263.08,261.32,128315306.0,5165594358465.0,994485639630330.0
2012-02-15,265.88,1.0,3.5,0.0133,263.76,266.13,263.69,124833511.0,5584291197373.0,1006552052606535.0
2012-02-16,261.89,2.0,-3.99,-0.015,262.99,263.93,261.61,108158236.0,4816800102762.0,991783531582235.0
2012-02-17,265.82,1.0,3.93,0.015,265.9,266.84,265.01,114220286.0,5346506932550.0,1005512159623440.0
2012-02-20,265.95,1.0,0.13,0.0005,268.28,269.26,265.92,93695693.0,4247588305110.0,1006383997651780.0
2012-02-21,265.89,2.0,-0.06,-0.0002,265.41,266.89,263.5,104149778.0,3770500178493.0,1006040196584120.0
2012-02-22,266.63,1.0,0.74,0.0028,264.88,266.69,264.55,99175689.0,4075252509633.0,1008212985456830.0
2012-02-23,263.58,2.0,-3.05,-0.0113999999999999,264.78,264.78,262.72,93834701.0,4507543964335.0,1000057404421288.0
2012-02-24,265.2,1.0,1.62,0.0060999999999999,263.77,265.2,262.1,87389188.0,4099508350137.0,1006234765105745.0
2012-02-27,261.3,2.0,-3.9,-0.0147,264.21,264.33,260.76,88070458.0,4007749478360.0,991580151159347.0
2012-02-28,263.45,1.0,2.15,0.0081999999999999,262.19,263.93,261.8,104865401.0,4778616002281.0,999172793164284.0
2012-02-29,267.13,1.0,3.68,0.0139999999999999,265.06,267.68,265.03,110705615.0,5320532961955.0,1013013976110670.0
2012-03-02,267.45,1.0,0.32,0.0012,268.64,269.5,267.27,101552859.0,4504840505804.0,1014477882482287.0
2012-03-05,264.75,2.0,-2.7,-0.0101,266.56,266.9,264.12,79269452.0,3751985239296.0,1004446151048326.0
2012-03-06,262.85,2.0,-1.9,-0.0072,265.25,265.94,261.2,89749195.0,3993466541271.0,997280793663055.0
2012-03-07,260.35,2.0,-2.5,-0.0095,258.65,261.17,258.32,76945361.0,3790031045817.0,987470615009671.0
2012-03-08,262.85,1.0,2.5,0.0096,261.23,263.55,259.65,101648104.0,5253302488056.0,996960310430300.0
2012-03-09,265.62,1.0,2.77,0.0105,265.27,266.33,263.18,87937373.0,4314902442679.0,1006641700559773.0
2012-03-12,263.74,2.0,-1.88,-0.0070999999999999,265.67,265.74,263.6,82961656.0,3801565558710.0,998542904489430.0
2012-03-13,266.9,1.0,3.16,0.012,265.1,267.74,265.1,95564111.0,4530449084996.0,1009975482991207.0
2012-03-14,269.85,1.0,2.95,0.0111,270.47,271.68,269.85,106298848.0,5031867713167.0,1020790869357564.0
2012-03-15,269.76,2.0,-0.09,-0.0003,269.81,270.61,269.05,94162263.0,4850320711882.0,1020459004922138.0
2012-03-16,268.27,2.0,-1.49,-0.0055,271.39,271.48,268.22,95675744.0,4152751831447.0,1015741030233846.0
2012-03-19,270.27,1.0,2.0,0.0075,269.01,270.61,268.58,88412134.0,3702419478003.0,1022630473745837.0
2012-03-20,269.68,2.0,-0.59,-0.0022,270.2,271.59,268.74,91829390.0,4010655615197.0,1020072279382629.0
2012-03-21,267.79,2.0,-1.89,-0.0069999999999999,268.14,269.46,266.9,80315846.0,3852604124367.0,1012716199819216.0
2012-03-22,267.98,1.0,0.19,0.0007,267.6,268.45,266.44,83235342.0,3906878140890.0,1012678495206396.0
2012-03-23,267.95,2.0,-0.03,-0.0001,266.36,268.44,266.15,74561141.0,3539815223505.0,1012904732237247.0
2012-03-26,267.41,2.0,-0.54,-0.002,269.13,270.06,266.43,73543311.0,3563165475938.0,1009649258380328.0
2012-03-27,270.71,1.0,3.3,0.0123,270.62,270.87,268.97,79633921.0,3822627634645.0,1021224433779727.0
2012-03-28,269.64,2.0,-1.07,-0.004,269.86,270.55,269.07,74424604.0,3907018827233.0,1017022553938997.0
2012-03-29,267.13,2.0,-2.51,-0.0093,267.87,268.72,266.15,81470670.0,3911670603466.0,1008289143147197.0
2012-03-30,266.58,2.0,-0.55,-0.0021,266.5,267.22,265.19,84296438.0,4270356692103.0,1007462518612452.0
2012-04-02,268.99,1.0,2.41,0.009,267.72,269.36,266.8,67188044.0,3343654639636.0,1015673961950904.0
2012-04-03,272.46,1.0,3.47,0.0129,270.66,272.83,270.31,89676790.0,4706967413164.0,1027505905929508.0
2012-04-04,268.33,2.0,-4.13,-0.0152,272.13,272.48,267.98,94921050.0,5103228743056.0,1011852257279984.0
2012-04-05,269.96,1.0,1.63,0.0060999999999999,266.69,270.33,265.48,84363843.0,4320065556830.0,1017108508123462.0
2012-04-06,269.97,1.0,0.01,0.0,269.54,270.41,268.96,81238970.0,3534885847833.0,1017347279609833.0
2012-04-09,265.88,2.0,-4.09,-0.0151,266.95,267.24,265.44,76048491.0,3260594059951.0,1001773699909604.0
2012-04-10,265.38,2.0,-0.5,-0.0019,266.48,267.81,264.83,71706928.0,3701547150406.0,999950376519048.0
2012-04-12,263.95,2.0,-1.43,-0.0054,263.88,263.95,261.47,73627475.0,4137852824735.0,995342288066705.0
2012-04-13,266.86,1.0,2.91,0.011,265.95,267.27,265.11,75455025.0,4321227086563.0,1006218078074731.0
2012-04-16,264.49,2.0,-2.37,-0.0089,263.58,265.4,263.28,57339277.0,2937614331314.0,997057836988067.0
2012-04-17,263.32,2.0,-1.17,-0.0044,264.72,265.43,263.02,58805139.0,3017741348082.0,992885002901595.0
2012-04-18,266.22,1.0,2.9,0.011,267.39,267.51,265.72,66985855.0,3707573486388.0,1003305151706505.0
2012-04-19,265.58,2.0,-0.64,-0.0024,265.6,266.86,264.74,62062907.0,3218943249891.0,1000750603673521.0
2012-04-20,261.84,2.0,-3.74,-0.0141,263.79,263.83,261.25,66065819.0,3843955067366.0,987130225770259.0
2012-04-23,261.66,2.0,-0.18,-0.0007,261.31,262.8,260.34,52135210.0,2652011501119.0,986683791853293.0
2012-04-24,260.76,2.0,-0.9,-0.0034,259.47,261.82,259.22,66407463.0,3881799978967.0,982894195316247.0
2012-04-25,260.82,1.0,0.06,0.0002,263.24,263.24,260.72,68589729.0,3880800934095.0,982548701672344.0
2012-04-26,261.51,1.0,0.69,0.0026,262.89,263.25,260.28,73178969.0,4158218576790.0,984094449786047.0
2012-04-27,263.43,1.0,1.92,0.0073,262.7,264.48,262.3,75942159.0,4297430424969.0,990420970893907.0
2012-04-30,264.35,1.0,0.92,0.0034999999999999,265.4,265.67,263.7,83132183.0,4917046914446.0,993678485208033.0
2012-05-02,266.61,1.0,2.26,0.0085,266.1,267.01,265.35,89924342.0,5435419201683.0,1002350716470387.0
2012-05-03,266.05,2.0,-0.56,-0.0021,266.05,266.7,265.35,69298008.0,3527447702045.0,999763120294377.0
2012-05-04,264.4,2.0,-1.65,-0.0062,264.72,265.41,263.72,69558982.0,3834924635173.0,995572078534539.0
2012-05-07,259.73,2.0,-4.67,-0.0177,259.71,260.29,259.1,68578602.0,3879199864063.0,978002644430342.0
2012-05-08,261.12,1.0,1.39,0.0054,261.28,261.62,260.35,56947892.0,3320546059161.0,983136978132059.0
2012-05-09,258.79,2.0,-2.33,-0.0089,259.88,260.46,258.22,71958162.0,4020492754062.0,973831596727196.0
2012-05-10,257.89,2.0,-0.9,-0.0034999999999999,258.0,259.01,256.94,67639041.0,3697830916800.0,970518567314210.0
2012-05-11,254.0,2.0,-3.89,-0.0151,256.97,256.97,253.91,66778130.0,3515692549626.0,956249554248305.0
2012-05-14,254.11,1.0,0.11,0.0004,254.07,255.02,252.3,64484508.0,3341503286793.0,955876590810929.0
2012-05-15,252.32,2.0,-1.79,-0.0069999999999999,251.97,253.08,250.24,87799016.0,4285984555470.0,948123810211843.0
2012-05-16,243.93,2.0,-8.39,-0.0333,250.63,250.88,243.79,92631935.0,4754393413309.0,918122902658271.0
2012-05-17,244.48,1.0,0.55,0.0023,244.15,246.21,242.52,113902490.0,4931243014244.0,920257946245982.0
2012-05-18,235.85,2.0,-8.63,-0.0353,240.12,240.14,235.46,114551874.0,4816365875967.0,888218653487237.0
2012-05-21,238.62,1.0,2.77,0.0116999999999999,238.61,239.41,237.02,73315237.0,3550432792649.0,897734437089229.0
2012-05-22,242.66,1.0,4.04,0.0169,242.38,243.04,240.58,87079842.0,4102722738102.0,912651701033999.0
2012-05-23,239.76,2.0,-2.9,-0.012,240.7,240.71,237.93,71289024.0,3333769283619.0,901944172966507.0
2012-05-24,240.51,1.0,0.75,0.0031,239.44,240.72,238.43,56793285.0,2740998185380.0,904979742993548.0
2012-05-25,241.6,1.0,1.09,0.0045,241.06,242.92,240.36,58904669.0,2799501028522.0,909808228971532.0
2012-05-29,245.26,1.0,3.66,0.0151,241.14,245.67,240.49,67500573.0,3067572945537.0,923646444831986.0
2012-05-30,244.68,2.0,-0.58,-0.0024,244.68,244.92,242.27,71992874.0,3083868329720.0,921002425661688.0
2012-05-31,244.05,2.0,-0.63,-0.0026,241.17,244.05,240.16,70501575.0,3695348571128.0,919528748952621.0
2012-06-01,242.98,2.0,-1.07,-0.0044,242.45,244.03,240.97,53504760.0,2845206054098.0,915199367394579.0
2012-06-04,236.3,2.0,-6.68,-0.0275,235.91,237.51,235.37,85762605.0,4130197933901.0,890602961184172.0
2012-06-05,238.79,1.0,2.49,0.0105,238.54,239.47,237.36,60181723.0,2766975636265.0,899956601769530.0
2012-06-07,245.51,1.0,6.72,0.0281,244.1,246.16,244.1,78823661.0,3708365607290.0,923862207499553.0
2012-06-08,243.69,2.0,-1.82,-0.0074,246.34,246.39,243.3,55107930.0,2663529351688.0,917613999615001.0
2012-06-11,248.3,1.0,4.61,0.0189,247.3,248.55,247.12,71405851.0,3545633462864.0,934512073459129.0
2012-06-12,246.43,2.0,-1.87,-0.0075,244.62,246.99,244.55,55954043.0,2666918133332.0,927829038504301.0
2012-06-13,247.08,1.0,0.65,0.0026,248.14,248.14,245.64,55171915.0,2749568126989.0,930197161753293.0
2012-06-14,248.62,1.0,1.54,0.0062,246.7,248.62,246.43,78573766.0,3957191027485.0,936695383472086.0
2012-06-15,246.57,2.0,-2.05,-0.0081999999999999,248.52,248.54,245.09,86490569.0,3905093496653.0,938095498584152.0
2012-06-18,251.37,1.0,4.8,0.0195,251.43,252.69,250.57,77067491.0,3662417988775.0,956020052663515.0
2012-06-19,251.31,2.0,-0.06,-0.0002,250.5,251.7,250.0,53489482.0,2782545612549.0,956149116444722.0
2012-06-20,252.92,1.0,1.61,0.0064,253.59,253.59,251.71,65356459.0,2961997470426.0,962466369069052.0
2012-06-21,250.46,2.0,-2.46,-0.0097,251.59,252.31,249.22,60710894.0,3101311526689.0,953932377112870.0
2012-06-22,244.15,2.0,-6.31,-0.0252,246.57,246.92,243.74,67327729.0,3721652320430.0,930869405782746.0
2012-06-25,240.75,2.0,-3.4,-0.0139,243.37,243.37,239.19,61377431.0,3559752747179.0,919002590304690.0
2012-06-26,239.68,2.0,-1.07,-0.0044,239.81,241.0,239.18,55096540.0,3021519341005.0,914577660625490.0
2012-06-27,239.85,1.0,0.17,0.0007,239.31,240.39,236.6,62421799.0,3606523656417.0,914498702861522.0
2012-06-28,239.98,1.0,0.13,0.0005,241.07,241.24,238.09,50744434.0,2529533325691.0,915300086912550.0
2012-06-29,244.9,1.0,4.92,0.0204999999999999,238.46,244.9,237.42,74222287.0,3644417863031.0,933575467815621.0
2012-07-02,244.46,2.0,-0.44,-0.0018,246.35,246.63,244.42,64206656.0,3009074923043.0,932375801271189.0
2012-07-03,246.8,1.0,2.34,0.0096,245.47,247.24,245.37,79930011.0,4115224015141.0,940966723708592.0
2012-07-04,247.76,1.0,0.96,0.0039,247.88,248.83,247.32,69946276.0,3805205667905.0,944511832227427.0
2012-07-05,247.67,2.0,-0.09,-0.0004,247.01,248.01,246.49,65161964.0,2905675634542.0,945006375529659.0
2012-07-06,245.07,2.0,-2.6,-0.0105,247.93,248.36,243.91,57041364.0,2946611658927.0,935364747838101.0
2012-07-09,241.73,2.0,-3.34,-0.0136,242.36,242.92,241.26,52017549.0,2749497242871.0,923275156440846.0
2012-07-10,240.88,2.0,-0.85,-0.0034999999999999,242.81,243.14,240.01,56646860.0,2702431268023.0,919868612378645.0
2012-07-11,240.34,2.0,-0.54,-0.0022,240.37,240.69,238.66,54513279.0,2725441809522.0,918218995345218.0
2012-07-12,234.66,2.0,-5.68,-0.0236,240.49,241.06,234.66,76189660.0,3715167949738.0,896692585328352.0
2012-07-13,238.77,1.0,4.11,0.0175,235.49,239.98,233.58,77879285.0,4022383607718.0,911753201902928.0
2012-07-16,239.39,1.0,0.62,0.0026,239.81,240.11,237.92,53360511.0,2700097682719.0,914189562172453.0
2012-07-17,240.19,1.0,0.8,0.0033,238.07,242.21,237.15,68345462.0,4061013801496.0,916823594233487.0
2012-07-18,236.42,2.0,-3.77,-0.0157,240.11,241.1,235.61,81573544.0,3612389762866.0,902632968359868.0
2012-07-19,240.44,1.0,4.02,0.017,240.09,241.53,239.41,78779298.0,3899358624287.0,917515232988790.0
2012-07-20,240.35,2.0,-0.09,-0.0004,240.59,241.49,239.8,69455623.0,2934702628370.0,917322584425165.0
2012-07-23,235.75,2.0,-4.6,-0.0191,236.89,236.91,234.36,63947946.0,2756099451451.0,899927458676448.0
2012-07-24,236.65,1.0,0.9,0.0038,235.19,237.04,234.77,69332181.0,3323208025183.0,902677419596818.0
2012-07-25,233.49,2.0,-3.16,-0.0134,231.9,235.78,231.68,69158341.0,3001657097630.0,890915817090020.0
2012-07-26,235.33,1.0,1.84,0.0079,234.75,236.02,233.04,67561691.0,3131728516133.0,897882151205931.0
2012-07-27,242.23,1.0,6.9,0.0293,239.64,242.23,238.72,72050941.0,3920785093481.0,923064027181497.0
2012-07-30,244.58,1.0,2.35,0.0097,244.8,245.35,244.08,63836946.0,3295613213122.0,930988964703816.0
2012-07-31,250.08,1.0,5.5,0.0225,244.83,252.53,244.39,101308635.0,4964883885825.0,951598731418335.0
2012-08-01,249.6,2.0,-0.48,-0.0019,248.42,250.83,247.95,84479619.0,3211897627640.0,950237421482523.0
2012-08-02,247.9,2.0,-1.7,-0.0068,250.15,250.43,247.23,81365169.0,2928661693318.0,944815383464839.0
2012-08-03,244.81,2.0,-3.09,-0.0125,244.57,247.13,244.17,72681145.0,3159176663177.0,933508066028157.0
2012-08-06,250.36,1.0,5.55,0.0227,249.92,251.74,249.67,79216216.0,3673947148660.0,953605261572716.0
2012-08-07,250.39,1.0,0.03,0.0001,250.04,251.14,249.66,75163689.0,2950086112589.0,953745400525621.0
2012-08-08,252.84,1.0,2.45,0.0098,251.8,255.13,251.74,119791857.0,4796012152521.0,962573412752709.0
2012-08-09,258.08,1.0,5.24,0.0207,253.34,259.11,253.34,124578587.0,5682080114426.0,982768660881113.0
2012-08-10,258.91,1.0,0.83,0.0032,257.59,259.12,257.17,74297099.0,3423147759604.0,985806852811887.0
2012-08-13,256.65,2.0,-2.26,-0.0087,258.71,258.76,256.63,53299978.0,2536176601623.0,977845127396886.0
2012-08-14,260.11,1.0,3.46,0.0135,258.14,260.3,257.62,79677603.0,3440777576727.0,990877472832385.0
2012-08-16,260.08,2.0,-0.03,-0.0001,260.03,260.56,258.59,78940930.0,3275592521372.0,991137282143072.0
2012-08-17,258.2,2.0,-1.88,-0.0072,260.92,261.08,257.6,76694878.0,4020536481377.0,985031142114828.0
2012-08-20,258.03,2.0,-0.17,-0.0007,257.65,258.57,256.64,60971580.0,3086855409460.0,984407152272465.0
2012-08-21,257.5,2.0,-0.53,-0.0021,259.19,260.2,257.43,66817891.0,2963013241757.0,982442798690594.0
2012-08-22,256.21,2.0,-1.29,-0.005,256.9,258.07,253.79,70274227.0,3203548689242.0,977928571146041.0
2012-08-23,257.28,1.0,1.07,0.0042,256.06,257.32,254.6,67347857.0,3223620657944.0,981665397953131.0
2012-08-24,253.73,2.0,-3.55,-0.0138,254.12,254.92,252.95,73622496.0,3197348407900.0,968877666071602.0
2012-08-27,252.77,2.0,-0.96,-0.0038,251.65,253.95,251.34,83956024.0,4975844734798.0,967600778204355.0
2012-08-28,252.57,2.0,-0.2,-0.0008,253.46,254.12,251.83,66759602.0,3246070864121.0,966223199226870.0
2012-08-29,254.22,1.0,1.65,0.0065,253.09,254.64,252.31,72304421.0,3613106559689.0,972095570879740.0
2012-08-30,250.96,2.0,-3.26,-0.0128,253.29,253.39,249.65,70441184.0,3535006495750.0,959893815672096.0
2012-08-31,250.56,2.0,-0.4,-0.0016,249.58,251.78,249.52,77429609.0,3167371526460.0,958331962006400.0
2012-09-03,251.23,1.0,0.67,0.0027,250.97,252.65,247.36,72075044.0,2842947222116.0,961856930124976.0
2012-09-04,250.56,2.0,-0.67,-0.0027,251.03,251.81,250.22,67614945.0,2892286523386.0,958895675100473.0
2012-09-05,245.75,2.0,-4.81,-0.0192,248.73,248.77,245.75,74320138.0,3364367519679.0,941140404848392.0
2012-09-06,246.79,1.0,1.04,0.0042,246.79,247.77,245.68,61614266.0,2761130262439.0,944925463387296.0
2012-09-07,254.02,1.0,7.23,0.0293,252.16,254.02,251.79,99417372.0,4630040525421.0,971147153840333.0
2012-09-10,253.38,2.0,-0.64,-0.0025,254.8,255.29,253.38,60202832.0,2843235971687.0,968481083000360.0
2012-09-11,252.73,2.0,-0.65,-0.0026,252.72,253.32,251.48,54591236.0,2396204817771.0,965757145473656.0
2012-09-12,256.95,1.0,4.22,0.0167,254.35,257.4,253.78,70225407.0,3436144374369.0,980965696686616.0
2012-09-13,256.87,2.0,-0.08,-0.0003,256.68,257.54,255.08,78983745.0,3707417676341.0,980687138932795.0
2012-09-14,265.02,1.0,8.15,0.0317,263.14,265.3,262.68,155885623.0,6719973002223.0,1011427421480225.0
2012-09-17,263.97,2.0,-1.05,-0.004,264.79,265.63,263.48,105934012.0,4556461229846.0,1008193455541519.0
2012-09-18,264.25,1.0,0.28,0.0011,263.39,264.56,263.05,71046835.0,3243817249900.0,1009372108121381.0
2012-09-19,264.44,1.0,0.19,0.0007,263.44,265.34,262.55,86342018.0,3747992920293.0,1010192013636167.0
2012-09-20,261.87,2.0,-2.57,-0.0097,262.87,263.93,261.54,86264673.0,3807732388565.0,1000415520670584.0
2012-09-21,263.41,1.0,1.54,0.0059,263.26,264.05,262.16,75208968.0,3348257758304.0,1006719502941035.0
2012-09-24,263.56,1.0,0.15,0.0006,262.47,263.87,259.94,70724852.0,3074108051275.0,1007335565971695.0
2012-09-25,262.03,2.0,-1.53,-0.0058,262.18,263.77,261.63,76464365.0,3211932007006.0,1001316419405167.0
2012-09-26,260.42,2.0,-1.61,-0.0060999999999999,259.38,261.25,258.8,96422452.0,3302514831077.0,995415275157264.0
2012-09-27,261.62,1.0,1.2,0.0046,258.99,262.06,258.91,86742460.0,3497985277630.0,1000086383746467.0
2012-09-28,262.49,1.0,0.87,0.0033,263.22,263.3,261.48,105005212.0,3782192202468.0,1003264412577635.0
2012-10-02,262.48,2.0,-0.01,0.0,262.82,263.53,262.3,72507997.0,2673672972948.0,1002902410580775.0
2012-10-04,261.92,2.0,-0.56,-0.0021,262.68,262.91,260.44,96252203.0,3590263238756.0,995161973479604.0
2012-10-05,262.07,1.0,0.15,0.0006,263.65,264.16,261.46,80773574.0,3130738107903.0,995817093041313.0
2012-10-08,260.11,2.0,-1.96,-0.0075,261.83,261.89,259.7,70884511.0,3389923408551.0,988667297434214.0
2012-10-09,259.66,2.0,-0.45,-0.0017,260.1,261.65,259.65,66413698.0,2699179888243.0,986899884694828.0
2012-10-10,255.15,2.0,-4.51,-0.0174,257.25,257.49,255.15,91614717.0,3606141500497.0,970741067206348.0
2012-10-11,252.84,2.0,-2.31,-0.0091,253.14,255.22,250.97,67764508.0,3530070261033.0,962211063783041.0
2012-10-12,252.44,2.0,-0.4,-0.0016,253.5,253.75,251.69,66984622.0,2888845932937.0,961317815877174.0
2012-10-15,251.44,2.0,-1.0,-0.004,251.6,253.14,250.77,87480789.0,3269008659930.0,957560664837725.0
2012-10-16,253.98,1.0,2.54,0.0101,253.88,254.36,252.49,66370988.0,2764959926026.0,966295347164500.0
2012-10-17,256.06,1.0,2.08,0.0081999999999999,255.98,257.41,255.19,77970805.0,3216427555754.0,974018468268973.0
2012-10-18,257.27,1.0,1.21,0.0046999999999999,256.73,257.82,256.11,74108578.0,3212711211336.0,977811479779821.0
2012-10-19,254.79,2.0,-2.48,-0.0096,256.45,257.12,254.3,57044753.0,2872261292159.0,969500194533804.0
2012-10-22,254.22,2.0,-0.57,-0.0022,250.19,254.42,250.04,70465039.0,2699024502497.0,967381989724192.0
2012-10-23,251.86,2.0,-2.36,-0.0093,254.41,254.43,251.86,64096685.0,2903918571496.0,958915661297599.0
2012-10-24,249.8,2.0,-2.06,-0.0081999999999999,249.14,251.12,248.32,86819682.0,4155691391363.0,951176695641783.0
2012-10-25,251.72,1.0,1.92,0.0077,248.68,251.72,248.37,72846949.0,3599173329105.0,957574790587389.0
2012-10-26,247.18,2.0,-4.54,-0.018,250.53,251.19,247.15,71434875.0,3441575810637.0,940837691973186.0
2012-10-29,247.66,1.0,0.48,0.0019,248.65,249.13,246.69,69116652.0,3126066309348.0,942478098000395.0
2012-10-30,248.52,1.0,0.86,0.0034999999999999,248.06,250.68,247.83,54963354.0,2385300557054.0,945831111275404.0
2012-10-31,250.18,1.0,1.66,0.0067,250.42,251.11,249.83,57916401.0,2815306016572.0,951942780502293.0
2012-11-01,247.83,2.0,-2.35,-0.0093999999999999,248.7,248.97,246.39,80305445.0,4053716566467.0,944026591469014.0
2012-11-02,251.04,1.0,3.21,0.013,250.98,251.49,250.24,75662284.0,3752253973807.0,955440456556894.0
2012-11-05,249.5,2.0,-1.54,-0.0060999999999999,249.17,250.55,249.01,64360122.0,3473219600447.0,948900821063690.0
2012-11-06,252.3,1.0,2.8,0.0112,249.97,252.33,249.57,66715252.0,3141661420979.0,959713859718005.0
2012-11-07,253.7,1.0,1.4,0.0055,253.01,253.73,250.71,72041693.0,3276047167684.0,965076139296374.0
2012-11-08,250.13,2.0,-3.57,-0.0141,250.33,251.04,249.24,74681527.0,4007903576351.0,951698383546036.0
2012-11-09,248.69,2.0,-1.44,-0.0058,247.1,249.21,245.28,79109023.0,3430221240367.0,946150733117416.0
2012-11-12,248.18,2.0,-0.51,-0.0021,247.87,248.58,246.91,65569020.0,2556323028761.0,944408117632819.0
2012-11-13,246.9,2.0,-1.28,-0.0052,248.55,248.65,245.67,75630288.0,2670679000318.0,939274932527666.0
2012-11-14,247.8,1.0,0.9,0.0036,247.17,247.81,245.81,79336896.0,3412771884687.0,942755552033594.0
2012-11-15,244.64,2.0,-3.16,-0.0128,244.65,245.27,243.34,79077636.0,2930928852067.0,930795542519617.0
2012-11-16,243.45,2.0,-1.19,-0.0049,243.88,244.92,242.9,75182772.0,2973981742097.0,926460922339821.0
2012-11-19,245.82,1.0,2.37,0.0097,244.71,246.78,244.62,54023357.0,2346025864621.0,935368843483754.0
2012-11-20,247.72,1.0,1.9,0.0077,248.42,248.55,247.11,56564682.0,2749997658337.0,942038081386083.0
2012-11-21,247.02,2.0,-0.7,-0.0028,248.52,249.0,246.11,61790823.0,2962781322976.0,939394549680945.0
2012-11-22,249.51,1.0,2.49,0.0101,248.5,250.09,248.25,51858149.0,2740345383992.0,947941479262768.0
2012-11-23,251.44,1.0,1.93,0.0077,249.83,251.44,248.99,50340474.0,2687904642507.0,954410859376093.0
2012-11-26,250.73,2.0,-0.71,-0.0028,252.26,252.31,250.45,52929669.0,2461416468390.0,952395913782279.0
2012-11-27,253.41,1.0,2.68,0.0107,251.94,254.27,251.55,75320659.0,3580892302358.0,962485688241253.0
2012-11-28,251.72,2.0,-1.69,-0.0067,251.99,252.26,250.88,56735247.0,2924468143525.0,956010167185898.0
2012-11-29,254.73,1.0,3.01,0.012,253.03,254.79,252.92,82947878.0,3771902787768.0,967443812099329.0
2012-11-30,254.25,2.0,-0.48,-0.0019,254.45,255.95,253.79,80309408.0,3642469308285.0,966108837942722.0
2012-12-03,255.57,1.0,1.32,0.0052,254.91,256.07,254.42,55439574.0,2515795435215.0,970237139384383.0
2012-12-04,254.83,2.0,-0.74,-0.0029,254.5,255.3,253.72,51107437.0,2194517625457.0,967577670504605.0
2012-12-05,256.63,1.0,1.8,0.0070999999999999,254.58,257.02,254.19,62416330.0,2955641874995.0,974205208271732.0
2012-12-06,257.27,1.0,0.64,0.0025,256.97,257.85,256.39,71825277.0,3669315552824.0,976338234595662.0
2012-12-07,258.78,1.0,1.51,0.0059,257.75,259.42,257.63,68621844.0,3340173314751.0,980919134332252.0
2012-12-10,259.03,1.0,0.25,0.001,260.06,260.75,258.79,56321533.0,2836573425216.0,981539331652173.0
2012-12-11,260.12,1.0,1.09,0.0042,259.7,260.27,258.96,91602761.0,3676917871658.0,985514992626559.0
2012-12-12,261.67,1.0,1.55,0.006,261.19,261.67,260.54,97871196.0,3762285935762.0,991224811669531.0
2012-12-13,265.79,1.0,4.12,0.0157,261.84,265.79,261.76,110715738.0,5190814135660.0,1006249299351961.0
2012-12-14,264.56,2.0,-1.23,-0.0046,263.76,265.51,263.08,93769072.0,3556404747789.0,1001805338467150.0
2012-12-17,262.76,2.0,-1.8,-0.0068,264.17,265.07,262.51,95348701.0,3483090743390.0,995575954960135.0
2012-12-18,264.23,1.0,1.47,0.0056,263.76,264.23,262.27,98467956.0,3734394985842.0,1001117815376993.0
2012-12-20,264.78,1.0,0.55,0.0021,265.36,265.98,263.72,130590440.0,4669832140710.0,1003750599104105.0
2012-12-21,261.89,2.0,-2.89,-0.0109,265.45,265.46,261.22,101254617.0,4370165931409.0,993965338906828.0
2012-12-24,262.11,1.0,0.22,0.0008,262.39,262.72,261.32,69268708.0,2628733886048.0,994168808287525.0
2012-12-26,261.97,2.0,-0.14,-0.0005,263.61,264.91,261.94,70566598.0,2800158521429.0,994298789933879.0
2012-12-27,262.68,1.0,0.71,0.0027,261.64,262.83,260.45,61699232.0,2399517840287.0,996993295011740.0
2012-12-28,263.92,1.0,1.24,0.0046999999999999,262.27,264.83,262.25,64398382.0,2643745752342.0,1001476017349991.0
2013-01-02,269.16,1.0,5.24,0.0199,266.24,269.51,266.1,91361255.0,3662975224919.0,1020428590887172.0
2013-01-03,267.52,2.0,-1.64,-0.0060999999999999,270.54,270.74,267.45,149954022.0,5125093013448.0,1015133827474495.0
2013-01-04,266.14,2.0,-1.38,-0.0052,267.23,267.46,264.74,103701615.0,3936314603725.0,1010289798818367.0
2013-01-07,265.97,2.0,-0.17,-0.0006,266.12,266.43,263.87,76678703.0,3112794570508.0,1009590545926314.0
2013-01-08,263.95,2.0,-2.02,-0.0076,264.81,265.87,263.95,81343510.0,3124162289325.0,1002005568993173.0
2013-01-09,262.9,2.0,-1.05,-0.004,264.48,265.42,262.53,83537739.0,3014514812083.0,998406860595545.0
2013-01-10,264.95,1.0,2.05,0.0078,263.09,265.25,262.13,96078087.0,3588347388449.0,1006570579199791.0
2013-01-11,263.32,2.0,-1.63,-0.0062,266.47,266.58,261.49,103871418.0,3451744764787.0,1000630073653155.0
2013-01-14,264.8,1.0,1.48,0.0056,262.84,264.8,262.18,123545676.0,3384666361837.0,1005952458686863.0
2013-01-15,261.43,2.0,-3.37,-0.0127,264.82,266.21,261.43,129604486.0,3444782335875.0,994128871579807.0
2013-01-16,260.49,2.0,-0.94,-0.0036,262.07,263.34,259.42,109605476.0,3403530366640.0,990672844006653.0
2013-01-17,260.1,2.0,-0.39,-0.0015,261.44,261.88,258.65,91559516.0,2948030011137.0,989536079469265.0
2013-01-18,261.71,1.0,1.61,0.0062,262.02,262.08,260.08,98804787.0,2909491213664.0,996055466892780.0
2013-01-21,261.3,2.0,-0.41,-0.0016,261.59,262.25,259.36,80472030.0,2910292297735.0,994893815362350.0
2013-01-22,262.91,1.0,1.61,0.0062,261.25,263.35,260.79,97430646.0,3265327105787.0,1000869654949816.0
2013-01-23,261.1,2.0,-1.81,-0.0069,264.04,264.83,261.1,107085674.0,3290587443508.0,992811301819185.0
2013-01-24,258.74,2.0,-2.36,-0.009,259.69,260.99,258.15,83483726.0,3501468164710.0,984198565305312.0
2013-01-25,256.06,2.0,-2.68,-0.0104,258.94,259.06,254.62,79571383.0,4073936681358.0,974487052831810.0
2013-01-28,254.66,2.0,-1.4,-0.0055,255.01,255.43,253.49,81350939.0,3848110740718.0,970156122009927.0
2013-01-29,257.22,1.0,2.56,0.0101,255.69,257.66,255.42,79501625.0,3855707868082.0,978933316094035.0
2013-01-30,258.47,1.0,1.25,0.0049,258.08,258.85,256.42,89959104.0,3420344108597.0,983284158827196.0
2013-01-31,258.07,2.0,-0.4,-0.0015,257.71,258.44,256.94,89008175.0,3590692780930.0,981907132233941.0
2013-02-01,257.64,2.0,-0.43,-0.0017,258.57,259.01,255.48,80951942.0,3276888760464.0,979819353973406.0
2013-02-04,256.89,2.0,-0.75,-0.0029,259.28,259.35,256.77,76363148.0,2816250740155.0,977403513727802.0
2013-02-05,254.82,2.0,-2.07,-0.0081,254.49,255.77,253.5,76724959.0,3010507335724.0,970111427181784.0
2013-02-06,254.31,2.0,-0.51,-0.002,255.44,255.64,254.21,71919769.0,2923497207909.0,968654691738399.0
2013-02-07,254.0,2.0,-0.31,-0.0012,254.68,255.97,253.8,69487442.0,2783708158593.0,966880958881527.0
2013-02-08,257.09,1.0,3.09,0.0121999999999999,253.8,257.9,253.61,74464025.0,3309137980182.0,977210185609667.0
2013-02-12,256.65,2.0,-0.44,-0.0017,258.33,258.44,256.35,54159224.0,2224801996786.0,974816267256953.0
2013-02-13,260.92,1.0,4.27,0.0166,257.65,260.97,257.22,72431312.0,2919348110250.0,991488393642023.0
2013-02-14,261.44,1.0,0.52,0.002,261.14,262.52,260.41,66977024.0,2703395201164.0,993434521790941.0
2013-02-15,261.61,1.0,0.17,0.0007,261.58,261.85,260.79,88344279.0,3064624447811.0,994084584034227.0
2013-02-18,261.63,1.0,0.02,0.0001,261.3,262.29,260.49,56463254.0,2123178919834.0,994371333820327.0
2013-02-19,262.16,1.0,0.53,0.002,261.64,262.89,261.28,58775415.0,2097061718023.0,996527147586794.0
2013-02-20,268.07,1.0,5.91,0.0225,263.79,268.07,263.51,96247690.0,4017158165957.0,1017806327127515.0
2013-02-21,266.85,2.0,-1.22,-0.0046,266.64,267.73,266.1,80756880.0,3165911701708.0,1013172022645665.0
2013-02-22,267.15,1.0,0.3,0.0011,265.63,268.89,265.56,86921447.0,3158852016591.0,1014996489318720.0
2013-02-25,266.01,2.0,-1.14,-0.0043,267.7,267.96,265.89,62738925.0,2408762913110.0,1010428799527556.0
2013-02-26,264.68,2.0,-1.33,-0.005,263.76,265.71,263.57,86847666.0,2685229293714.0,1004979622286055.0
2013-02-27,265.04,1.0,0.36,0.0014,265.91,266.94,264.57,64993558.0,2655178111035.0,1006790866662200.0
2013-02-28,268.01,1.0,2.97,0.0112,267.13,268.95,266.69,79507501.0,3271651836007.0,1018218009952912.0
2013-03-04,266.14,2.0,-1.87,-0.0069999999999999,268.51,268.61,265.78,72088950.0,3563811153858.0,1010676638836875.0
2013-03-05,266.54,1.0,0.4,0.0015,267.57,268.88,266.54,64854102.0,2836897152958.0,1012074404127195.0
2013-03-06,267.25,1.0,0.71,0.0027,269.01,269.12,266.62,86655063.0,3202781022625.0,1014332577107323.0
2013-03-07,264.78,2.0,-2.47,-0.0092,266.83,266.83,263.88,67345040.0,2827793093699.0,1005601305552029.0
2013-03-08,264.57,2.0,-0.21,-0.0008,264.25,264.92,263.1,62069040.0,2810040995655.0,1005775055796862.0
2013-03-11,264.15,2.0,-0.42,-0.0016,263.75,264.81,261.5,65571991.0,2941245930022.0,1004322566438637.0
2013-03-12,262.43,2.0,-1.72,-0.0065,264.66,264.75,262.01,58267916.0,2467071626665.0,998410044857749.0
2013-03-13,263.33,1.0,0.9,0.0034,262.69,263.38,261.67,64157782.0,2637500145800.0,1001157954540803.0
2013-03-14,263.37,1.0,0.04,0.0002,263.41,263.41,260.08,76656448.0,3204742862483.0,1001910432888205.0
2013-03-15,260.84,2.0,-2.53,-0.0096,264.44,264.44,260.83,85507365.0,4384861570107.0,992430057706689.0
2013-03-18,258.3,2.0,-2.54,-0.0097,259.03,260.15,258.17,61647951.0,3102466423736.0,983039931660045.0
2013-03-19,259.79,1.0,1.49,0.0058,259.69,261.42,258.85,98143249.0,2940819126512.0,988161520626937.0
2013-03-20,257.04,2.0,-2.75,-0.0106,258.3,259.81,257.04,86768705.0,2983224331514.0,977816262335746.0
2013-03-21,255.82,2.0,-1.22,-0.0046999999999999,258.34,258.9,255.82,65454814.0,2835209755030.0,973140578083821.0
2013-03-22,255.33,2.0,-0.49,-0.0019,255.61,256.54,255.1,71332264.0,2649640608381.0,971167327320205.0
2013-03-25,259.58,1.0,4.25,0.0166,258.18,260.18,258.06,66160116.0,2736611338185.0,986829102527649.0
2013-03-26,260.54,1.0,0.96,0.0037,259.42,261.63,259.22,69087500.0,3252295764286.0,990047559251419.0
2013-03-27,261.86,1.0,1.32,0.0051,261.7,262.5,259.02,63430460.0,3032282370074.0,995435078049608.0
2013-03-28,261.86,3.0,0.0,0.0,261.44,262.28,260.84,60922086.0,2639746907707.0,995434247239123.0
2013-03-29,263.39,1.0,1.53,0.0058,263.88,264.74,263.31,63239447.0,2690896101866.0,1001354818387815.0
2013-04-01,262.27,2.0,-1.12,-0.0043,264.16,264.19,262.03,53065103.0,1870905789927.0,997029038740731.0
2013-04-02,260.79,2.0,-1.48,-0.0056,262.37,263.16,259.06,109187716.0,3463156875139.0,991535609123903.0
2013-04-03,260.36,2.0,-0.43,-0.0016,261.32,261.65,258.88,107593267.0,3419954889894.0,989762630999828.0
2013-04-04,257.05,2.0,-3.31,-0.0127,257.57,257.94,254.63,92190786.0,3658372561861.0,977071750343078.0
2013-04-05,252.77,2.0,-4.28,-0.0167,255.4,256.16,251.35,84368863.0,3953857419444.0,960598546312605.0
2013-04-08,252.39,2.0,-0.38,-0.0015,252.85,253.92,251.84,75740535.0,3036592757989.0,957254203164530.0
2013-04-09,252.53,1.0,0.14,0.0006,252.44,254.52,250.14,81651337.0,2959900742754.0,958039388569765.0
2013-04-10,254.34,1.0,1.81,0.0072,254.4,255.14,252.94,88085901.0,3398918174509.0,965128229992250.0
2013-04-11,256.18,1.0,1.84,0.0072,255.4,256.18,253.04,88423693.0,3916664172848.0,972353078062406.0
2013-04-12,252.0,2.0,-4.18,-0.0163,256.81,257.12,251.34,90867231.0,3940170876747.0,956893070444983.0
2013-04-15,251.51,2.0,-0.49,-0.0019,250.7,252.6,249.6,85935281.0,3423981305618.0,954512399056062.0
2013-04-16,251.78,1.0,0.27,0.0011,248.69,252.61,248.37,102487717.0,4470234031275.0,955514677136533.0
2013-04-17,251.51,2.0,-0.27,-0.0011,253.46,253.61,249.63,104163244.0,4181464324407.0,955569910809005.0
2013-04-18,247.85,2.0,-3.66,-0.0146,250.55,250.93,247.82,77142101.0,3297577594231.0,942476828867900.0
2013-04-19,248.77,1.0,0.92,0.0037,247.64,249.41,246.11,67331850.0,3514255221072.0,946440009804218.0
2013-04-22,251.46,1.0,2.69,0.0108,248.35,251.46,247.89,59871455.0,2828534921680.0,956204066958796.0
2013-04-23,250.01,2.0,-1.45,-0.0058,251.12,251.16,248.64,58450283.0,2733257838822.0,951211858304961.0
2013-04-24,252.0,1.0,1.99,0.008,251.74,252.65,250.03,89097244.0,3402503028392.0,958088444228521.0
2013-04-25,254.49,1.0,2.49,0.0098999999999999,252.2,254.49,251.97,92723943.0,3625555509153.0,967502152140360.0
2013-04-26,253.04,2.0,-1.45,-0.0056999999999999,254.11,254.42,252.79,78716815.0,3111018507405.0,964568552824340.0
2013-04-29,252.25,2.0,-0.79,-0.0031,253.63,253.67,251.55,63970654.0,2747402010844.0,962117792179936.0
2013-04-30,255.72,1.0,3.47,0.0138,253.17,256.36,253.13,91719226.0,3804606544974.0,974761895701591.0
2013-05-02,254.92,2.0,-0.8,-0.0031,255.49,256.32,254.52,81028966.0,3254834369324.0,971677612580431.0
2013-05-03,256.02,1.0,1.1,0.0043,256.4,256.47,254.5,79860571.0,3224018080006.0,975689531777951.0
2013-05-06,255.2,2.0,-0.82,-0.0032,257.63,258.56,254.96,74481629.0,3088011765478.0,973008460347176.0
2013-05-07,253.84,2.0,-1.36,-0.0053,255.22,255.41,253.61,63805570.0,2688267009328.0,968467208066126.0
2013-05-08,254.02,1.0,0.18,0.0007,254.86,255.27,253.47,71738046.0,3098121239461.0,968994539659456.0
2013-05-09,257.53,1.0,3.51,0.0138,255.0,257.99,254.77,94754079.0,4130048515405.0,981517103691491.0
2013-05-10,252.72,2.0,-4.81,-0.0187,256.94,256.96,252.72,77900468.0,3422463345630.0,962660001986116.0
2013-05-13,253.29,1.0,0.57,0.0023,251.46,253.29,251.19,50981390.0,2313827257292.0,964843485981126.0
2013-05-14,256.29,1.0,3.0,0.0118,254.09,256.67,253.98,84230521.0,3171823688038.0,976399995430881.0
2013-05-15,256.6,1.0,0.31,0.0012,256.56,256.74,255.49,65480657.0,2938774165053.0,977380747146616.0
2013-05-16,258.99,1.0,2.39,0.0093,257.94,259.81,257.94,93759535.0,3870077434586.0,985978264221531.0
2013-05-20,258.6,2.0,-0.39,-0.0015,259.51,259.9,258.6,83861178.0,3339267435102.0,983654935100341.0
2013-05-21,258.18,2.0,-0.42,-0.0016,260.31,260.48,257.59,76263130.0,2855708348979.0,982167270396191.0
2013-05-22,260.19,1.0,2.01,0.0078,259.7,260.89,259.19,80622206.0,3472067445635.0,989095197629541.0
2013-05-23,256.66,2.0,-3.53,-0.0136,258.96,259.78,256.66,80113481.0,3705632446466.0,976034800555511.0
2013-05-24,257.32,1.0,0.66,0.0026,258.13,258.28,255.73,63868946.0,2863531628375.0,978152771096796.0
2013-05-27,258.19,1.0,0.87,0.0034,257.41,258.82,256.99,51963623.0,2202708755655.0,981413672842726.0
2013-05-28,258.59,1.0,0.4,0.0015,258.63,259.53,257.97,65646052.0,2987356947445.0,983247953923171.0
2013-05-29,260.92,1.0,2.33,0.009,259.64,262.16,259.58,99141602.0,3793745703979.0,991067642979661.0
2013-05-30,261.21,1.0,0.29,0.0011,260.7,262.1,260.41,100362733.0,4037673449714.0,991230655880440.0
2013-05-31,261.47,1.0,0.26,0.001,262.46,263.34,261.41,98227994.0,4271643529805.0,992458485728910.0
2013-06-03,260.29,2.0,-1.18,-0.0045,260.48,262.03,260.13,79707774.0,2851569753307.0,987292246788480.0
2013-06-04,260.54,1.0,0.25,0.001,261.45,261.69,259.15,77535272.0,3072505075736.0,988384938860860.0
2013-06-05,256.51,2.0,-4.03,-0.0155,260.57,260.7,256.51,92667196.0,3607427774674.0,973298024087210.0
2013-06-07,251.2,2.0,-5.31,-0.0207,255.51,255.7,251.14,80457581.0,4554796656863.0,954557166600965.0
2013-06-10,252.2,1.0,1.0,0.004,251.49,252.48,251.02,62723650.0,3001206366643.0,958329529453280.0
2013-06-11,250.19,2.0,-2.01,-0.008,252.29,252.39,248.72,79080603.0,3692979290795.0,950366364630100.0
2013-06-12,248.5,2.0,-1.69,-0.0068,249.16,250.32,248.04,60165571.0,2670532706730.0,944225321182115.0
2013-06-13,244.49,2.0,-4.01,-0.0161,247.76,248.72,244.38,94948975.0,4176052173749.0,929643300133835.0
2013-06-14,245.36,1.0,0.87,0.0036,246.21,246.42,244.22,81820370.0,2884333641283.0,944979144971434.0
2013-06-17,244.77,2.0,-0.59,-0.0024,245.43,246.59,244.18,69774729.0,2594316767913.0,943003822239180.0
2013-06-18,247.13,1.0,2.36,0.0096,245.44,247.13,243.45,80876944.0,2758705997796.0,951626042616035.0
2013-06-19,245.44,2.0,-1.69,-0.0068,246.94,246.96,244.77,83448296.0,2646254429299.0,945342210349790.0
2013-06-20,240.26,2.0,-5.18,-0.0210999999999999,242.08,243.28,239.45,88983601.0,3583655449060.0,925672020120165.0
2013-06-21,236.57,2.0,-3.69,-0.0154,234.23,236.9,234.15,102435547.0,4256009535530.0,911274592086720.0
2013-06-24,233.47,2.0,-3.1,-0.0131,236.33,236.33,233.47,63139636.0,2608756406407.0,899249909712490.0
2013-06-25,231.75,2.0,-1.72,-0.0074,232.25,235.04,230.38,88859927.0,3641967496648.0,892545956592285.0
2013-06-26,231.52,2.0,-0.23,-0.001,234.26,234.26,230.18,78194995.0,3616433431373.0,892665486969610.0
2013-06-27,238.65,1.0,7.13,0.0308,235.19,239.37,235.11,72357946.0,3555642589371.0,919120966104104.0
2013-06-28,242.27,1.0,3.62,0.0152,240.01,242.68,240.0,78921052.0,3830977284744.0,933793135021445.0
2013-07-01,241.05,2.0,-1.22,-0.005,240.58,242.69,240.28,55145098.0,2517302944263.0,929110883863030.0
2013-07-02,240.8,2.0,-0.25,-0.001,241.76,242.61,240.24,88065568.0,3163028531400.0,928634268795585.0
2013-07-03,236.63,2.0,-4.17,-0.0173,240.69,241.68,236.28,78749579.0,3030963012953.0,912743473142715.0
2013-07-04,238.56,1.0,1.93,0.0081999999999999,237.36,238.78,236.64,76998558.0,2583711871247.0,920397972603710.0
2013-07-05,237.28,2.0,-1.28,-0.0054,239.72,241.12,236.56,76784888.0,3182967333102.0,916743469708150.0
2013-07-08,235.12,2.0,-2.16,-0.0091,236.86,238.42,234.11,78223318.0,2974480415226.0,908674948953255.0
2013-07-09,236.94,1.0,1.82,0.0077,236.69,237.23,235.02,62564376.0,2580763099871.0,915631709656275.0
2013-07-10,236.23,2.0,-0.71,-0.003,237.74,237.94,235.41,59414711.0,2682424569563.0,912577969364425.0
2013-07-11,243.88,1.0,7.65,0.0324,238.49,243.88,238.45,86887479.0,3396930289730.0,941468097843523.0
2013-07-12,242.72,2.0,-1.16,-0.0048,243.28,243.33,241.74,78663174.0,2963924968856.0,936699674127605.0
2013-07-15,243.43,1.0,0.71,0.0029,242.75,243.77,239.51,74263378.0,2512840178076.0,939496698263905.0
2013-07-16,242.02,2.0,-1.41,-0.0058,243.4,243.52,241.06,58986532.0,2368139450945.0,934137186949405.0
2013-07-17,244.82,1.0,2.8,0.0116,242.64,245.87,240.42,95072889.0,3237071278625.0,945213553352205.0
2013-07-18,242.92,2.0,-1.9,-0.0078,244.09,244.41,242.25,72850219.0,2734899091096.0,939796201930405.0
2013-07-19,242.03,2.0,-0.89,-0.0037,243.51,243.66,240.63,72276264.0,2875494270167.0,936893986660980.0
2013-07-22,243.18,1.0,1.15,0.0048,243.32,245.27,242.18,81320120.0,2849027216469.0,941854922172115.0
2013-07-23,246.63,1.0,3.45,0.0141999999999999,244.62,246.76,243.86,81578325.0,3553259573392.0,954472585637095.0
2013-07-24,247.84,1.0,1.21,0.0049,246.61,248.17,246.16,72120357.0,2798812876050.0,959103770294000.0
2013-07-25,247.71,2.0,-0.13,-0.0005,247.11,248.29,246.74,76305758.0,2943659191457.0,958350698393175.0
2013-07-26,247.8,1.0,0.09,0.0004,248.04,248.68,246.6,98265447.0,3166530125975.0,958734911512345.0
2013-07-29,246.53,2.0,-1.27,-0.0051,247.4,248.22,246.37,118395456.0,3504859247091.0,954183820059185.0
2013-07-30,248.78,1.0,2.25,0.0091,246.78,248.81,246.47,98466440.0,2710354136137.0,962813479746045.0
2013-07-31,247.99,2.0,-0.79,-0.0032,248.37,249.03,247.74,89609655.0,3068746903683.0,960150991165295.0
2013-08-01,248.89,1.0,0.9,0.0036,248.33,249.62,246.94,91584011.0,2752362351478.0,963583774537000.0
2013-08-02,249.33,1.0,0.44,0.0018,251.03,251.65,249.05,98129437.0,3270590276807.0,965161903029395.0
2013-08-05,248.25,2.0,-1.08,-0.0043,248.92,249.66,248.21,62218744.0,2091364557190.0,961250127120295.0
2013-08-06,246.8,2.0,-1.45,-0.0058,247.85,247.94,245.37,106231155.0,2864327141568.0,955948850883335.0
2013-08-07,242.75,2.0,-4.05,-0.0163999999999999,244.73,245.11,242.75,103333105.0,2891318598965.0,940591074716215.0
2013-08-08,243.39,1.0,0.64,0.0026,243.52,245.11,242.77,116508724.0,2962111339024.0,943469781921815.0
2013-08-09,243.13,2.0,-0.26,-0.0011,243.51,244.43,242.42,91837392.0,2899243522300.0,941578613472965.0
2013-08-12,243.78,1.0,0.65,0.0027,242.79,245.19,242.74,92466221.0,2435765150608.0,944427274767950.0
2013-08-13,248.2,1.0,4.42,0.0181,245.08,248.21,244.68,115631616.0,3262678988110.0,960403770809665.0
2013-08-14,249.82,1.0,1.62,0.0065,248.2,250.04,247.69,83697374.0,3287228584385.0,966444536650650.0
2013-08-16,249.23,2.0,-0.59,-0.0024,247.12,250.36,246.76,73761424.0,2932659765904.0,964693523430100.0
2013-08-19,248.89,2.0,-0.34,-0.0014,248.76,249.04,247.68,90684778.0,2645777332883.0,963494602127055.0
2013-08-20,245.13,2.0,-3.76,-0.0151,247.97,249.89,244.82,89308012.0,3321406403172.0,948669684622255.0
2013-08-21,242.49,2.0,-2.64,-0.0108,245.48,246.15,242.11,102107677.0,3225861137928.0,938152738805270.0
2013-08-22,240.37,2.0,-2.12,-0.0087,239.93,241.63,239.01,116922039.0,3293783586445.0,929378157006315.0
2013-08-23,243.37,1.0,3.0,0.0125,242.17,244.25,241.05,88265608.0,2940838781525.0,940184772869251.0
2013-08-26,245.71,1.0,2.34,0.0096,244.21,246.13,244.16,78632042.0,2494020712203.0,949799125171911.0
2013-08-27,245.71,3.0,0.0,0.0,245.13,247.21,244.87,89064872.0,2877095414263.0,949728224044980.0
2013-08-28,245.67,2.0,-0.04,-0.0002,242.7,245.78,242.54,70691534.0,2548218083094.0,949611325295866.0
2013-08-29,248.86,1.0,3.19,0.013,246.69,250.02,246.62,75560599.0,4018568489720.0,963460550740050.0
2013-08-30,251.74,1.0,2.88,0.0116,250.52,251.74,249.36,68668000.0,3642775200730.0,974034735953935.0
2013-09-02,251.13,2.0,-0.61,-0.0024,251.65,252.51,250.84,55644267.0,2666175629437.0,974759742158750.0
2013-09-03,252.05,1.0,0.92,0.0037,252.43,253.37,251.49,73560363.0,3201091267576.0,978990031212520.0
2013-09-04,252.15,1.0,0.1,0.0004,251.4,252.99,250.4,69844798.0,3283894836027.0,978870690075640.0
2013-09-05,254.62,1.0,2.47,0.0098,253.68,255.12,252.79,76579501.0,3653157858778.0,988392973225595.0
2013-09-06,255.25,1.0,0.63,0.0025,255.01,256.24,254.19,82368140.0,3369627567418.0,990869326346775.0
2013-09-09,258.12,1.0,2.87,0.0112,256.48,258.12,256.27,76067478.0,3684348448718.0,1001836689251231.0
2013-09-10,261.2,1.0,3.08,0.0118999999999999,258.62,261.2,258.53,89515842.0,4486726266244.0,1013139019023740.0
2013-09-11,262.38,1.0,1.18,0.0045,261.38,262.38,260.13,86137752.0,3786856995873.0,1017913139115108.0
2013-09-12,262.32,2.0,-0.06,-0.0002,262.4,264.27,261.1,98835489.0,5744428572074.0,1017698305674265.0
2013-09-13,260.83,2.0,-1.49,-0.0056999999999999,260.99,262.38,260.52,77929057.0,3306484802260.0,1012043552885570.0
2013-09-16,263.86,1.0,3.03,0.0116,263.4,264.38,262.53,74975627.0,3391673275130.0,1023310542637355.0
2013-09-17,262.56,2.0,-1.3,-0.0049,263.19,263.39,261.06,71055276.0,3474375582245.0,1018706344625965.0
2013-09-23,263.02,1.0,0.46,0.0018,261.64,263.92,260.76,80445407.0,4317654370126.0,1020967534179540.0
2013-09-24,262.83,2.0,-0.19,-0.0007,261.85,263.43,260.42,108559817.0,3481543443662.0,1019579671101496.0
2013-09-25,261.45,2.0,-1.38,-0.0053,262.42,262.76,260.23,104132703.0,3572522790296.0,1014512562845673.0
2013-09-26,262.68,1.0,1.23,0.0046999999999999,260.59,262.68,260.47,81536051.0,3093432873335.0,1019131743515866.0
2013-09-27,262.94,1.0,0.26,0.001,263.34,263.65,262.66,91122915.0,3312875514152.0,1020725180753776.0
2013-09-30,260.91,2.0,-2.03,-0.0077,261.56,262.3,260.55,65543743.0,3254224894694.0,1013405348794056.0
2013-10-01,261.48,1.0,0.57,0.0022,261.08,263.29,260.55,70906254.0,3004314247714.0,1014915183256866.0
2013-10-02,261.87,1.0,0.39,0.0015,263.42,263.57,261.66,73520376.0,3677327347012.0,1015477134431965.0
2013-10-04,261.78,2.0,-0.09,-0.0003,262.27,263.04,260.25,74144051.0,3585901292189.0,1014318640946140.0
2013-10-07,261.85,1.0,0.07,0.0003,261.93,262.76,261.38,64708540.0,2791270806133.0,1013825632889035.0
2013-10-08,263.14,1.0,1.29,0.0049,260.95,263.15,260.09,73858993.0,3386802407457.0,1018794014666650.0
2013-10-10,262.9,2.0,-0.24,-0.0009,262.83,264.16,262.39,73049650.0,3427230995067.0,1018087600985005.0
2013-10-11,266.35,1.0,3.45,0.0131,265.19,266.81,264.41,91604979.0,4057515620496.0,1031003592978010.0
2013-10-14,265.81,2.0,-0.54,-0.002,266.52,266.77,265.81,69322574.0,3048589104763.0,1028658864743505.0
2013-10-15,269.02,1.0,3.21,0.0121,267.87,269.53,267.87,68331928.0,3432126777019.0,1040216034333565.0
2013-10-16,268.25,2.0,-0.77,-0.0029,268.92,270.3,268.19,73543637.0,3621397091415.0,1037181812702735.0
2013-10-17,269.59,1.0,1.34,0.005,270.6,270.76,268.9,93651896.0,4134200065761.0,1041355071166615.0
2013-10-18,271.24,1.0,1.65,0.0060999999999999,270.51,271.25,269.7,73412354.0,3804282649742.0,1047215682478195.0
2013-10-21,271.22,2.0,-0.02,-0.0001,271.55,272.56,270.56,62478981.0,3449576511919.0,1047049693060335.0
2013-10-22,271.11,2.0,-0.11,-0.0004,270.75,271.13,269.71,84119001.0,4052314395905.0,1048022504335850.0
2013-10-23,268.03,2.0,-3.08,-0.0113999999999999,271.96,272.06,268.0,105485822.0,4616274669302.0,1037149431586880.0
2013-10-24,269.36,1.0,1.33,0.005,267.85,269.36,266.75,59138102.0,3130043795828.0,1042318065200170.0
2013-10-25,267.51,2.0,-1.85,-0.0069,269.42,269.42,266.01,66297011.0,3398886981555.0,1034722628344890.0
2013-10-28,269.74,1.0,2.23,0.0083,267.96,269.77,267.21,70676454.0,3295008801305.0,1042420034302785.0
2013-10-29,270.28,1.0,0.54,0.002,269.5,270.6,268.5,64058859.0,2998500491677.0,1044817585552020.0
2013-10-30,271.44,1.0,1.16,0.0043,270.72,271.44,269.13,58681881.0,2979241048114.0,1049125583801200.0
2013-10-31,266.91,2.0,-4.53,-0.0167,270.13,270.81,266.88,66797540.0,3577932246074.0,1033051400889950.0
2013-11-01,268.63,1.0,1.72,0.0064,268.06,268.83,267.23,53924014.0,2787453040067.0,1037985395064075.0
2013-11-04,266.59,2.0,-2.04,-0.0076,267.88,268.01,266.2,57546280.0,2831065870330.0,1030362877613535.0
2013-11-05,264.96,2.0,-1.63,-0.0060999999999999,266.98,267.3,264.37,61080396.0,2792484732417.0,1024279907288690.0
2013-11-06,264.62,2.0,-0.34,-0.0013,265.16,266.19,264.31,58305600.0,3230398194911.0,1024315939773080.0
2013-11-07,263.34,2.0,-1.28,-0.0048,264.71,265.12,262.71,59119953.0,2825604440040.0,1019357725404680.0
2013-11-08,260.53,2.0,-2.81,-0.0107,260.97,262.58,260.53,64729565.0,3186866775301.0,1010014767445695.0
2013-11-11,260.15,2.0,-0.38,-0.0015,262.14,262.14,259.49,54846240.0,2517603157001.0,1007473613663770.0
2013-11-12,262.81,1.0,2.66,0.0102,261.21,263.57,261.13,58732822.0,2567719092105.0,1016723896975300.0
2013-11-13,258.04,2.0,-4.77,-0.0181,262.42,262.45,258.04,59294348.0,2744951407221.0,999142563577500.0
2013-11-14,258.44,1.0,0.4,0.0016,260.53,260.79,258.11,68231190.0,2932574218685.0,1000389030287050.0
2013-11-15,264.2,1.0,5.76,0.0223,260.48,264.33,260.47,70120315.0,2947036130267.0,1021798581720225.0
2013-11-18,265.03,1.0,0.83,0.0031,265.38,265.96,264.65,58663328.0,2281746573147.0,1024877209700900.0
2013-11-19,267.81,1.0,2.78,0.0105,264.84,268.37,264.68,76854126.0,3227486428276.0,1036243237857205.0
2013-11-20,265.62,2.0,-2.19,-0.0081999999999999,267.23,267.43,264.69,85759938.0,3623217070373.0,1028171076873415.0
2013-11-21,262.2,2.0,-3.42,-0.0129,265.06,265.06,260.97,58362681.0,2652793631255.0,1015147457871280.0
2013-11-22,263.86,1.0,1.66,0.0063,263.4,264.65,261.89,56990394.0,2510467871470.0,1021584566160820.0
2013-11-25,265.21,1.0,1.35,0.0051,265.85,267.45,265.2,56729972.0,2319766018638.0,1026651600052560.0
2013-11-26,266.26,1.0,1.05,0.004,264.02,266.26,262.78,54064660.0,2634965764753.0,1030553255741605.0
2013-11-27,267.15,1.0,0.89,0.0033,265.28,267.15,264.5,84488403.0,3083011178803.0,1033896630822485.0
2013-11-28,269.7,1.0,2.55,0.0095,268.8,270.07,268.42,62913223.0,3260326119703.0,1043115559750115.0
2013-11-29,269.57,2.0,-0.13,-0.0005,269.61,270.36,268.68,54353782.0,2426062680102.0,1042769765225475.0
2013-12-02,267.58,2.0,-1.99,-0.0074,270.48,270.84,267.35,57620809.0,2538350060540.0,1035067747957960.0
2013-12-03,264.84,2.0,-2.74,-0.0102,266.64,267.33,264.79,61970676.0,3018821238007.0,1023699239417125.0
2013-12-04,261.48,2.0,-3.36,-0.0127,263.39,264.53,261.48,54677281.0,2698091460045.0,1011372985505640.0
2013-12-05,261.1,2.0,-0.38,-0.0015,262.5,262.6,259.21,51680024.0,2759449399166.0,1009920589163775.0
2013-12-06,260.71,2.0,-0.39,-0.0015,261.04,262.17,260.54,52755332.0,2550218320476.0,1006983109058870.0
2013-12-09,263.7,1.0,2.99,0.0115,263.52,264.14,263.24,52025538.0,2272358394464.0,1018405075062600.0
2013-12-10,262.68,2.0,-1.02,-0.0039,263.55,263.75,262.24,56661616.0,2429776143472.0,1014624170438310.0
2013-12-11,260.55,2.0,-2.13,-0.0081,261.74,263.67,259.78,59242984.0,2614521244306.0,1006451026542045.0
2013-12-12,259.05,2.0,-1.5,-0.0058,258.95,259.46,257.7,93726158.0,3430093357735.0,1000650654475495.0
2013-12-13,258.04,2.0,-1.01,-0.0039,258.29,258.49,256.08,61162998.0,3022523200497.0,997610884688445.0
2013-12-16,257.9,2.0,-0.14,-0.0005,257.7,259.07,257.0,46762350.0,2260190764510.0,997290707056265.0
2013-12-17,258.72,1.0,0.82,0.0032,260.27,260.67,258.18,78914154.0,3090434578931.0,1000164110570575.0
2013-12-18,259.98,1.0,1.26,0.0049,259.62,261.24,258.74,56756809.0,2924875703187.0,1005247690406090.0
2013-12-19,260.2,1.0,0.22,0.0008,263.16,263.21,259.46,58313555.0,3104562609451.0,1005343868778610.0
2013-12-20,261.27,1.0,1.07,0.0040999999999999,259.85,261.55,259.78,55377583.0,2531946644405.0,1010043819310525.0
2013-12-23,263.24,1.0,1.97,0.0075,262.78,263.89,262.14,59325491.0,2618330110696.0,1017531350445005.0
2013-12-24,263.58,1.0,0.34,0.0013,263.72,264.54,262.79,62873575.0,2681114528215.0,1019888325774855.0
2013-12-26,263.15,2.0,-0.43,-0.0016,263.85,264.63,262.82,52440963.0,2608962517144.0,1018713536859920.0
2013-12-27,263.32,1.0,0.17,0.0006,262.47,263.79,261.54,56679458.0,2349931522840.0,1019772288902010.0
2013-12-30,264.24,1.0,0.92,0.0034999999999999,263.55,264.24,262.53,55608877.0,2704281681605.0,1024197103431040.0
2014-01-02,257.64,2.0,-6.6,-0.025,264.35,264.51,257.63,64004630.0,3624928314540.0,999278222068725.0
2014-01-03,254.48,2.0,-3.16,-0.0123,257.05,257.29,253.18,62393899.0,3429557603037.0,987619798790620.0
2014-01-06,255.41,1.0,0.93,0.0037,254.7,256.67,254.11,59076506.0,3103343123670.0,991493026179935.0
2014-01-07,255.98,1.0,0.57,0.0022,254.53,257.02,254.41,60982610.0,3079838262685.0,994118003225115.0
2014-01-08,255.76,2.0,-0.22,-0.0009,256.85,257.06,254.63,66026364.0,3490192201506.0,993180708257740.0
2014-01-09,253.63,2.0,-2.13,-0.0083,256.26,256.65,253.63,77981243.0,3901894228822.0,985373727445440.0
2014-01-10,252.48,2.0,-1.15,-0.0045,254.05,255.14,251.59,78932145.0,3780774405444.0,981383569399185.0
2014-01-13,254.08,1.0,1.6,0.0063,253.83,254.84,253.16,54397789.0,2721846445147.0,987111235853525.0
2014-01-14,253.97,2.0,-0.11,-0.0004,253.3,256.27,252.75,59996802.0,2874340596960.0,985916592803720.0
2014-01-15,254.73,1.0,0.76,0.003,255.52,255.65,253.82,64619543.0,3032356593169.0,989722721109920.0
2014-01-16,255.36,1.0,0.63,0.0025,255.43,256.52,255.11,57598452.0,2693069367961.0,991884289969530.0
2014-01-17,253.46,2.0,-1.9,-0.0074,255.54,256.13,253.37,58435940.0,2629856570687.0,984750055605950.0
2014-01-20,254.81,1.0,1.35,0.0053,253.66,255.06,252.0,47195210.0,2188588608760.0,989743531680360.0
2014-01-21,256.34,1.0,1.53,0.006,255.03,256.65,254.29,56956943.0,2587771681570.0,995671753565205.0
2014-01-22,257.08,1.0,0.74,0.0029,255.73,257.08,255.53,61703704.0,2773602453064.0,998724652921950.0
2014-01-23,253.74,2.0,-3.34,-0.013,256.72,256.75,253.72,61082019.0,2878342633952.0,986463061502560.0
2014-01-24,252.89,2.0,-0.85,-0.0033,252.93,253.83,250.58,68979998.0,3741494992093.0,982885970422105.0
2014-01-27,248.95,2.0,-3.94,-0.0156,248.22,250.18,247.43,74545905.0,3639297860974.0,967391709675235.0
2014-01-28,249.91,1.0,0.96,0.0039,248.48,250.23,248.16,79258577.0,3490489975859.0,971214089214170.0
2014-01-29,252.89,1.0,2.98,0.0118999999999999,251.11,253.31,250.98,75454351.0,3749827347844.0,983580144348180.0
2014-02-03,250.01,2.0,-2.88,-0.0113999999999999,251.37,251.76,249.7,71711923.0,3301259329944.0,972028070730560.0
2014-02-04,245.3,2.0,-4.71,-0.0187999999999999,246.56,247.04,245.1,81418961.0,3802173401064.0,954031287743650.0
2014-02-05,246.04,1.0,0.74,0.003,246.79,247.44,245.5,74756082.0,3190649809802.0,956563199536435.0
2014-02-06,248.56,1.0,2.52,0.0102,246.92,249.04,246.85,69978843.0,3336250186786.0,965545817118070.0
2014-02-07,250.51,1.0,1.95,0.0078,250.69,250.69,248.94,83453872.0,3741748573039.0,972915654784310.0
2014-02-10,250.47,2.0,-0.04,-0.0002,251.2,251.26,249.39,62574605.0,2659384404051.0,973355784318160.0
2014-02-11,251.87,1.0,1.4,0.0056,250.59,252.39,250.06,66997436.0,2771493463158.0,978300366142730.0
2014-02-12,252.31,1.0,0.44,0.0017,253.29,253.29,252.07,71973523.0,2990385254360.0,980011541350190.0
2014-02-13,250.97,2.0,-1.34,-0.0053,252.37,253.61,250.49,56633476.0,2385959582790.0,974780046653890.0
2014-02-14,252.74,1.0,1.77,0.0070999999999999,251.38,253.83,251.35,61587330.0,2508219916660.0,982285095195815.0
2014-02-17,253.64,1.0,0.9,0.0036,254.33,254.98,253.17,62250940.0,2781580371483.0,985522300968005.0
2014-02-18,253.66,1.0,0.02,0.0001,253.69,254.3,252.07,48393447.0,2080530996800.0,985347124775455.0
2014-02-19,252.92,2.0,-0.74,-0.0029,253.35,253.35,251.39,54396914.0,2430446779529.0,982691153570560.0
2014-02-20,250.95,2.0,-1.97,-0.0078,251.34,252.57,250.65,63249191.0,3209440158816.0,975853324312835.0
2014-02-21,255.22,1.0,4.27,0.017,253.63,255.22,253.34,67090860.0,2870186837044.0,991435513812875.0
2014-02-24,254.01,2.0,-1.21,-0.0046999999999999,255.25,255.82,253.21,48157977.0,2246835967547.0,986621303989765.0
2014-02-25,256.24,1.0,2.23,0.0088,255.27,256.29,254.85,71628797.0,3221188465071.0,994792102120700.0
2014-02-26,257.31,1.0,1.07,0.0042,256.13,257.8,255.03,62751203.0,3248415818808.0,998297702852910.0
2014-02-27,258.28,1.0,0.97,0.0038,257.06,258.62,256.42,66749685.0,3224491205311.0,1002311461586085.0
2014-02-28,258.41,1.0,0.13,0.0005,257.98,258.74,257.35,97751854.0,3980447271132.0,1002535275426935.0
2014-03-03,256.29,2.0,-2.12,-0.0081999999999999,256.55,256.86,254.71,58276461.0,2819048060722.0,994580896705985.0
2014-03-04,254.78,2.0,-1.51,-0.0059,254.9,256.22,254.52,51566834.0,2464298536450.0,988762959173970.0
2014-03-05,257.3,1.0,2.52,0.0098999999999999,257.52,258.23,257.23,65360947.0,2901703327531.0,997886366161925.0
2014-03-06,257.63,1.0,0.33,0.0013,257.66,257.73,256.68,58291335.0,2675233980000.0,999405785569765.0
2014-03-07,257.35,2.0,-0.28,-0.0011,258.21,258.76,256.46,63451671.0,2708195108076.0,998935524797595.0
2014-03-10,254.48,2.0,-2.87,-0.0112,256.19,256.23,254.1,56878726.0,2634215441079.0,987561422987930.0
2014-03-11,255.49,1.0,1.01,0.004,254.88,255.5,253.8,61954816.0,2649736699055.0,991745245574500.0
2014-03-12,251.11,2.0,-4.38,-0.0171,254.52,254.75,250.75,75957898.0,3394219808937.0,975132158510170.0
2014-03-13,251.09,2.0,-0.02,-0.0001,252.14,252.96,250.97,76667908.0,3601741128673.0,975087272240085.0
2014-03-14,249.02,2.0,-2.07,-0.0081999999999999,248.56,250.12,248.2,69089507.0,3186178872624.0,967522026573430.0
2014-03-17,250.15,1.0,1.13,0.0045,249.12,250.26,248.86,59057437.0,2582958736746.0,972359778945490.0
2014-03-18,251.87,1.0,1.72,0.0069,252.05,252.75,250.59,60883316.0,2772312819562.0,978826136416665.0
2014-03-19,251.32,2.0,-0.55,-0.0022,252.81,252.99,251.07,63956957.0,2690343837802.0,976718639237980.0
2014-03-20,248.68,2.0,-2.64,-0.0105,250.88,251.0,248.68,62124283.0,2689650108275.0,966677612998755.0
2014-03-21,250.68,1.0,2.0,0.008,250.17,250.81,249.76,63810610.0,2715628258575.0,974353926663475.0
2014-03-24,252.31,1.0,1.63,0.0065,250.89,252.84,250.87,60235450.0,2522435962997.0,980630385269540.0
2014-03-25,251.56,2.0,-0.75,-0.003,251.6,252.31,250.88,66631126.0,3022850626444.0,978918590668190.0
2014-03-26,255.08,1.0,3.52,0.0139999999999999,253.55,255.4,253.36,70210918.0,3192231272896.0,991622530454925.0
2014-03-27,257.26,1.0,2.18,0.0085,254.83,257.49,254.76,66750284.0,3191086192691.0,999494422884935.0
2014-03-28,257.44,1.0,0.18,0.0007,256.37,258.07,255.96,54783436.0,2664765959689.0,1000555669185895.0
2014-03-31,258.11,1.0,0.67,0.0026,258.54,258.71,256.3,70004918.0,3661546008574.0,1003315337558465.0
2014-04-01,258.95,1.0,0.84,0.0033,257.88,259.01,256.78,65182423.0,3221069194866.0,1006387440996435.0
2014-04-02,259.7,1.0,0.75,0.0029,260.14,260.34,259.33,68687388.0,3210629756139.0,1008926520509400.0
2014-04-03,259.34,2.0,-0.36,-0.0014,259.99,261.49,259.07,69460807.0,3426166279082.0,1007416847742785.0
2014-04-04,259.47,1.0,0.13,0.0005,259.21,260.35,258.98,60463071.0,3236559355216.0,1008019177782200.0
2014-04-07,259.89,1.0,0.42,0.0016,259.03,260.09,258.16,55818558.0,2984037717252.0,1009476787724080.0
2014-04-08,260.47,1.0,0.58,0.0022,258.15,260.85,258.15,60640974.0,3072532975398.0,1011072503732865.0
2014-04-09,261.21,1.0,0.74,0.0028,261.18,261.55,260.31,88112325.0,3970591156289.0,1014373621013165.0
2014-04-10,262.41,1.0,1.2,0.0046,262.4,262.57,260.62,69195793.0,3404076352232.0,1019104805379065.0
2014-04-11,260.53,2.0,-1.88,-0.0072,259.1,260.53,259.08,59843501.0,2814914053173.0,1012285663520500.0
2014-04-14,260.51,2.0,-0.02,-0.0001,260.02,261.21,259.92,51721159.0,2310164010075.0,1011906260763205.0
2014-04-15,259.74,2.0,-0.77,-0.003,262.22,262.29,259.46,59519889.0,2812929181086.0,1009024644839160.0
2014-04-16,259.83,1.0,0.09,0.0003,260.03,260.44,258.96,54097782.0,2539568446112.0,1009162671885305.0
2014-04-17,259.66,2.0,-0.17,-0.0007,260.96,261.08,258.63,54370917.0,2205514909163.0,1009080992375915.0
2014-04-18,261.52,1.0,1.86,0.0072,260.65,261.69,260.6,48579061.0,2176142714375.0,1015763755847105.0
2014-04-21,260.9,2.0,-0.62,-0.0024,261.77,261.87,260.06,41414571.0,1579588154370.0,1013129190610145.0
2014-04-22,261.55,1.0,0.65,0.0025,261.17,261.66,259.83,61076987.0,2437936256195.0,1015569292437160.0
2014-04-23,261.2,2.0,-0.35,-0.0013,262.37,262.87,260.93,76560720.0,3484023760981.0,1013673347642830.0
2014-04-24,261.08,2.0,-0.12,-0.0005,262.09,262.22,260.39,67307849.0,2950617431132.0,1013186238322040.0
2014-04-25,257.42,2.0,-3.66,-0.0139999999999999,260.83,260.86,257.42,61353446.0,3124224569416.0,998816791290165.0
2014-04-28,256.8,2.0,-0.62,-0.0024,256.95,257.97,256.8,56167258.0,2335903752233.0,996968900968410.0
2014-04-29,255.8,2.0,-1.0,-0.0039,257.52,257.74,255.16,53836745.0,2457795734496.0,993977747949290.0
2014-04-30,255.33,2.0,-0.47,-0.0018,257.16,257.29,254.28,65986384.0,3213339233680.0,992002301661200.0
2014-05-02,255.07,2.0,-0.26,-0.001,256.08,256.49,254.79,54123259.0,2702481214587.0,990620455435110.0
2014-05-07,252.35,2.0,-2.72,-0.0107,255.83,255.88,252.35,60556648.0,3020410030070.0,980108930404850.0
2014-05-08,253.84,1.0,1.49,0.0059,253.31,253.85,251.72,59471013.0,3235736954906.0,986213246922580.0
2014-05-09,254.31,1.0,0.47,0.0019,254.2,254.8,253.45,49655513.0,2729064919923.0,988982731543300.0
2014-05-12,255.8,1.0,1.49,0.0059,254.23,256.11,253.44,58444915.0,3048764514956.0,993626630197800.0
2014-05-13,258.4,1.0,2.6,0.0102,256.99,259.27,256.58,60698095.0,2945752492255.0,1003298613264520.0
2014-05-14,262.43,1.0,4.03,0.0156,259.63,262.43,259.57,57235008.0,2927872692082.0,1018793189083595.0
2014-05-15,262.4,2.0,-0.03,-0.0001,261.98,263.17,261.82,60167314.0,2592941238785.0,1018504701087635.0
2014-05-16,262.97,1.0,0.57,0.0022,261.45,262.97,260.64,57490138.0,3222022820873.0,1020939810001705.0
2014-05-19,263.42,1.0,0.45,0.0017,262.88,263.5,261.25,66141451.0,3328733724531.0,1022487428495985.0
2014-05-20,263.04,2.0,-0.38,-0.0014,262.97,263.38,262.07,59785165.0,2943430618112.0,1020785992734020.0
2014-05-21,262.4,2.0,-0.64,-0.0024,261.9,263.58,261.56,53824578.0,2572250499628.0,1018784551068450.0
2014-05-22,263.33,1.0,0.93,0.0034999999999999,263.41,264.5,262.8,66933895.0,2775532985061.0,1021988484376885.0
2014-05-23,263.42,1.0,0.09,0.0003,262.8,263.63,262.59,53468598.0,2239158664680.0,1022297272949225.0
2014-05-26,262.33,2.0,-1.09,-0.0040999999999999,263.14,263.87,261.99,45732669.0,1981248206006.0,1018453447125495.0
2014-05-27,260.36,2.0,-1.97,-0.0075,262.92,263.22,259.31,46543988.0,2038019398193.0,1011201876665850.0
2014-05-28,263.01,1.0,2.65,0.0102,260.83,263.01,260.46,52057210.0,2493270517394.0,1021288939371355.0
2014-05-29,262.57,2.0,-0.44,-0.0017,263.61,263.98,262.15,57988541.0,2815878159125.0,1018863558748130.0
2014-05-30,259.94,2.0,-2.63,-0.01,263.07,263.68,259.93,90314247.0,4162040189550.0,1009395835734865.0
2014-06-02,261.4,1.0,1.46,0.0056,260.49,261.92,260.49,52324716.0,2140897430130.0,1014146078639895.0
2014-06-03,262.22,1.0,0.82,0.0031,262.1,262.32,260.07,73581344.0,3846249600309.0,1018216781063000.0
2014-06-05,260.56,2.0,-1.66,-0.0063,262.27,262.28,259.31,80373819.0,4271364427985.0,1011343655971105.0
2014-06-09,259.68,2.0,-0.88,-0.0034,261.97,262.45,259.18,64803277.0,3726631650614.0,1008165677094315.0
2014-06-10,262.64,1.0,2.96,0.0113999999999999,261.24,262.77,260.36,58608976.0,2990353510957.0,1019492215487570.0
2014-06-11,262.62,2.0,-0.02,-0.0001,262.19,263.19,261.58,62390062.0,2972614563639.0,1020067015006900.0
2014-06-12,262.01,2.0,-0.61,-0.0023,262.57,262.83,260.83,64444078.0,3228026775417.0,1017757360417810.0
2014-06-13,258.75,2.0,-3.26,-0.0124,261.09,261.11,257.89,49989574.0,2730418251260.0,1017979636312120.0
2014-06-16,259.43,1.0,0.68,0.0026,258.16,259.7,258.04,57203612.0,3657057962283.0,1019741014213515.0
2014-06-17,260.43,1.0,1.0,0.0039,259.57,260.74,259.02,57920227.0,2797208811962.0,1024054958470055.0
2014-06-18,258.7,2.0,-1.73,-0.0066,260.46,260.46,258.31,52470142.0,2691221153699.0,1017526311475340.0
2014-06-19,258.83,1.0,0.13,0.0005,259.19,259.95,258.15,59346482.0,3187184821418.0,1018737451356250.0
2014-06-20,255.31,2.0,-3.52,-0.0136,258.65,258.7,255.03,68582143.0,4044217215553.0,1004723910789560.0
2014-06-23,256.77,1.0,1.46,0.0056999999999999,256.43,257.55,256.0,52711833.0,2647068825116.0,1009324620629540.0
2014-06-24,259.75,1.0,2.98,0.0116,257.1,260.38,257.04,65842732.0,2867377108633.0,1020722140802100.0
2014-06-25,258.16,2.0,-1.59,-0.0060999999999999,259.51,259.72,257.99,57618687.0,2600705206977.0,1014431049631230.0
2014-06-26,260.03,1.0,1.87,0.0072,258.2,260.46,258.11,62559328.0,3132661737174.0,1021509881788890.0
2014-06-27,258.78,2.0,-1.25,-0.0048,259.28,260.13,258.25,53438235.0,2792370211010.0,1014323320036655.0
2014-06-30,260.56,1.0,1.78,0.0069,259.81,260.64,259.14,51516340.0,2372967521916.0,1021358675192775.0
2014-07-01,259.74,2.0,-0.82,-0.0031,259.14,259.93,258.49,50686900.0,2264561216733.0,1018301096286455.0
2014-07-02,262.04,1.0,2.3,0.0089,261.01,262.23,260.19,67559245.0,2954722895296.0,1026727217160160.0
2014-07-03,261.13,2.0,-0.91,-0.0034999999999999,262.03,262.03,260.71,56222652.0,2670362190196.0,1023730731076705.0
2014-07-04,260.63,2.0,-0.5,-0.0019,262.09,262.09,260.08,47253563.0,2262919777744.0,1022618507327445.0
2014-07-07,259.95,2.0,-0.68,-0.0026,260.18,260.48,258.88,47813626.0,2292309414361.0,1020072574094065.0
2014-07-08,259.93,2.0,-0.02,-0.0001,259.7,260.76,258.74,46763249.0,2541449482136.0,1020308652112550.0
2014-07-09,258.87,2.0,-1.06,-0.0040999999999999,258.6,259.01,257.83,56680797.0,2880117812644.0,1016364197154375.0
2014-07-10,259.17,1.0,0.3,0.0012,259.4,259.73,258.74,57225883.0,2775156394582.0,1017554902214760.0
2014-07-11,256.72,2.0,-2.45,-0.0095,257.14,257.81,256.23,54163363.0,2793071831076.0,1009349748107030.0
2014-07-14,257.27,1.0,0.55,0.0021,258.11,258.59,257.27,51371714.0,2299096183385.0,1011531068736950.0
2014-07-15,260.4,1.0,3.13,0.0121999999999999,258.87,260.79,258.79,66257469.0,3046699450809.0,1026829688944505.0
2014-07-16,260.82,1.0,0.42,0.0016,260.85,261.19,260.27,67664414.0,3043616796096.0,1028138562959410.0
2014-07-17,261.93,1.0,1.11,0.0043,261.8,262.65,261.52,71866009.0,3039347483360.0,1032306799909690.0
2014-07-18,261.66,2.0,-0.27,-0.001,259.97,261.68,259.78,82260033.0,2819644655170.0,1031402064927795.0
2014-07-21,261.51,2.0,-0.15,-0.0006,262.88,263.33,261.26,54653021.0,2436216383439.0,1030804657017790.0
2014-07-22,262.86,1.0,1.35,0.0052,261.94,262.86,261.39,52128563.0,2349614766707.0,1036084059110410.0
2014-07-23,262.56,2.0,-0.3,-0.0011,263.34,263.67,262.0,84365683.0,3241098891437.0,1035216890243120.0
2014-07-24,262.72,1.0,0.16,0.0006,263.28,263.72,261.86,90697006.0,3675552332517.0,1035418687292315.0
2014-07-25,263.47,1.0,0.75,0.0029,263.13,263.84,262.55,69724251.0,3154251483010.0,1039294958840960.0
2014-07-28,265.53,1.0,2.06,0.0078,263.77,266.4,263.74,90745145.0,3681483374719.0,1047862285764365.0
2014-07-29,268.01,1.0,2.48,0.0093,266.2,268.31,266.04,107138147.0,4886359229859.0,1056671283636325.0
2014-07-30,271.17,1.0,3.16,0.0118,268.44,272.83,268.21,113709263.0,5463467192340.0,1068371960999845.0
2014-07-31,269.68,2.0,-1.49,-0.0055,270.93,272.12,269.15,102611339.0,4975443733478.0,1064642784456880.0
2014-08-01,268.56,2.0,-1.12,-0.0042,268.01,269.88,267.8,80937372.0,4176009937816.0,1062002894914430.0
2014-08-04,269.65,1.0,1.09,0.0040999999999999,269.66,270.09,267.9,67252294.0,3076485162838.0,1065502832875175.0
2014-08-05,267.63,2.0,-2.02,-0.0075,268.92,269.14,266.54,87505919.0,3111459289108.0,1057895851150040.0
2014-08-06,266.6,2.0,-1.03,-0.0038,267.12,267.85,265.92,94604923.0,4034406405877.0,1054810140823815.0
2014-08-07,265.64,2.0,-0.96,-0.0036,266.73,266.94,264.76,63544798.0,2768083718115.0,1051010303557395.0
2014-08-08,262.02,2.0,-3.62,-0.0136,264.74,265.08,261.53,72439385.0,3387052688266.0,1037319482648685.0
2014-08-11,263.32,1.0,1.3,0.005,264.59,264.59,262.99,61273115.0,2761453909401.0,1042027831947150.0
2014-08-12,263.34,1.0,0.02,0.0001,264.54,265.75,263.08,70309420.0,2866035961411.0,1042981136771225.0
2014-08-13,265.91,1.0,2.57,0.0098,264.14,265.91,263.3,70975791.0,3261151272810.0,1053799898381065.0
2014-08-14,265.88,2.0,-0.03,-0.0001,266.47,267.37,264.94,63803873.0,3007977174574.0,1053996658356620.0
2014-08-18,264.24,2.0,-1.64,-0.0062,267.03,267.29,264.24,60713129.0,2743575885502.0,1047556388231280.0
2014-08-19,266.62,1.0,2.38,0.009,266.07,267.17,265.87,68137436.0,3166296843068.0,1057244405475640.0
2014-08-20,266.79,1.0,0.17,0.0006,268.03,268.28,265.52,70812840.0,3463561207740.0,1058372242678715.0
2014-08-21,262.53,2.0,-4.26,-0.016,265.98,266.12,262.14,70916318.0,3467116456412.0,1042121862937495.0
2014-08-22,264.26,1.0,1.73,0.0066,263.08,264.43,262.8,54836528.0,2545146717713.0,1048857748527565.0
2014-08-25,264.46,1.0,0.2,0.0008,262.89,264.69,262.19,57892149.0,2444707969129.0,1050318137692200.0
2014-08-26,265.14,1.0,0.68,0.0026,265.51,266.07,264.97,60689992.0,2674285236407.0,1053526539843450.0
2014-08-27,265.88,1.0,0.74,0.0028,266.12,267.04,265.42,73631782.0,3262967261160.0,1056785809567970.0
2014-08-28,266.19,1.0,0.31,0.0012,267.24,268.13,265.66,57040201.0,2803119027253.0,1057292040074660.0
2014-08-29,265.41,2.0,-0.78,-0.0029,265.38,266.1,264.03,61094511.0,3071987930365.0,1053698148950090.0
2014-09-01,265.27,2.0,-0.14,-0.0005,265.28,265.93,264.58,54167973.0,2322432795865.0,1053625689562455.0
2014-09-02,262.61,2.0,-2.66,-0.01,264.96,265.0,262.29,58035892.0,2977382562319.0,1044151256342280.0
2014-09-03,262.27,2.0,-0.34,-0.0013,262.49,263.02,260.87,78813382.0,3704241753397.0,1043572153358360.0
2014-09-04,263.19,1.0,0.92,0.0034999999999999,263.52,264.41,262.37,68756092.0,3216193218086.0,1046819307312855.0
2014-09-05,262.09,2.0,-1.1,-0.0042,262.9,263.64,261.34,54455604.0,2830462549168.0,1042382042023195.0
2014-09-11,259.8,2.0,-2.29,-0.0087,261.72,262.45,259.8,66345636.0,4107985448444.0,1033433155701925.0
2014-09-12,261.39,1.0,1.59,0.0060999999999999,261.01,262.29,260.54,54094923.0,2891997737979.0,1041376105248780.0
2014-09-15,260.56,2.0,-0.83,-0.0032,260.92,261.2,259.6,49203428.0,2260568675640.0,1038772152295295.0
2014-09-16,261.45,1.0,0.89,0.0034,261.14,261.94,260.58,48354012.0,2153092626408.0,1042210597511230.0
2014-09-17,264.01,1.0,2.56,0.0098,262.71,264.01,262.56,54244910.0,2532532705697.0,1052621107889005.0
2014-09-18,261.72,2.0,-2.29,-0.0087,263.35,264.3,261.27,66606350.0,4213502570927.0,1043906936146500.0
2014-09-19,262.31,1.0,0.59,0.0023,262.99,263.64,262.29,83956649.0,3894784374941.0,1046368673455990.0
2014-09-22,260.15,2.0,-2.16,-0.0081999999999999,262.06,262.1,259.16,45658249.0,2497221503411.0,1038324374026635.0
2014-09-23,258.49,2.0,-1.66,-0.0064,258.53,259.63,258.11,59132022.0,3514340496942.0,1032596525593050.0
2014-09-24,258.88,1.0,0.39,0.0015,257.81,258.98,256.88,59343393.0,3405128296185.0,1035285507108925.0
2014-09-25,258.46,2.0,-0.42,-0.0016,260.25,260.36,257.88,64473295.0,3559633387930.0,1034291877672720.0
2014-09-26,258.33,2.0,-0.13,-0.0005,256.41,258.34,256.25,55002910.0,2857012266457.0,1032868310310575.0
2014-09-29,257.95,2.0,-0.38,-0.0015,258.95,259.12,257.38,66200745.0,3338777213654.0,1030877612185070.0
2014-09-30,256.77,2.0,-1.18,-0.0046,257.37,258.14,255.09,63850874.0,3460521908945.0,1026756029427615.0
2014-10-01,252.81,2.0,-3.96,-0.0154,255.78,255.81,252.65,70721118.0,3262607561763.0,1011709712280650.0
2014-10-02,250.06,2.0,-2.75,-0.0109,252.09,252.2,249.22,72612410.0,3638915774925.0,1001796159681390.0
2014-10-06,249.19,2.0,-0.87,-0.0034999999999999,251.59,251.66,249.1,73536302.0,3726696537519.0,996152596214750.0
2014-10-07,249.93,1.0,0.74,0.003,250.9,251.49,249.07,67298087.0,2871239428475.0,998784689005310.0
2014-10-08,248.36,2.0,-1.57,-0.0063,247.89,249.87,247.88,56217253.0,2963469502350.0,993956434485340.0
2014-10-10,245.06,2.0,-3.3,-0.0133,246.48,246.48,243.85,62335489.0,3410437789394.0,981598324615585.0
2014-10-13,244.18,2.0,-0.88,-0.0036,241.95,244.68,241.86,66686768.0,3044923105804.0,976667832505000.0
2014-10-14,244.47,1.0,0.29,0.0012,245.27,246.07,244.2,67997256.0,3255765522714.0,977051317700155.0
2014-10-15,243.87,2.0,-0.6,-0.0025,244.91,245.85,242.95,65318448.0,3140454135605.0,974561669045055.0
2014-10-16,242.79,2.0,-1.08,-0.0044,241.98,243.31,241.17,71171965.0,3706423186796.0,970652102071285.0
2014-10-17,239.84,2.0,-2.95,-0.0121999999999999,243.26,243.29,239.43,74575749.0,3536891145514.0,960278905924330.0
2014-10-20,243.9,1.0,4.06,0.0169,242.36,244.34,242.08,52795073.0,2550067970914.0,975827833994765.0
2014-10-21,241.48,2.0,-2.42,-0.0098999999999999,242.73,242.73,240.91,63162354.0,3236092408057.0,967419579958010.0
2014-10-22,244.12,1.0,2.64,0.0109,244.43,244.46,242.43,61462304.0,3193298551889.0,977942680616085.0
2014-10-23,243.38,2.0,-0.74,-0.003,243.45,245.02,242.32,58954799.0,3192786369732.0,974744417158360.0
2014-10-24,242.91,2.0,-0.47,-0.0019,244.75,244.76,241.25,88301612.0,4048210350231.0,972605072082305.0
2014-10-27,243.89,1.0,0.98,0.004,244.02,244.94,243.52,65959233.0,2958681050597.0,975795546843645.0
2014-10-28,243.3,2.0,-0.59,-0.0024,244.26,244.42,242.93,59979816.0,2812411031151.0,972743787967995.0
2014-10-29,248.64,1.0,5.34,0.0219,245.16,248.7,244.18,97393053.0,4349417585673.0,992800071733460.0
2014-10-30,248.84,1.0,0.2,0.0008,248.01,248.91,246.76,72499000.0,4030705402098.0,992334745748315.0
2014-10-31,250.45,1.0,1.61,0.0065,249.55,250.73,247.96,76870049.0,4481237098877.0,996328523862200.0
2014-11-03,248.69,2.0,-1.76,-0.0069999999999999,249.79,250.01,247.9,68494737.0,3482237804898.0,990217313377215.0
2014-11-04,246.51,2.0,-2.18,-0.0088,248.15,249.19,245.59,81762695.0,3881969210357.0,982012466449885.0
2014-11-05,245.86,2.0,-0.65,-0.0026,246.83,247.66,245.28,68313544.0,3096386415361.0,980139966145705.0
2014-11-06,247.19,1.0,1.33,0.0054,246.04,247.65,245.17,67675170.0,3302458033167.0,984365609425040.0
2014-11-07,247.39,1.0,0.2,0.0008,247.05,248.04,246.5,57975693.0,2787132318185.0,985837429625215.0
2014-11-10,250.64,1.0,3.25,0.0131,249.16,251.37,249.11,67041173.0,3511968328203.0,997251912704070.0
2014-11-11,250.45,2.0,-0.19,-0.0008,250.41,251.07,249.99,58414597.0,3293659296015.0,998781594923330.0
2014-11-12,251.26,1.0,0.81,0.0032,250.76,252.2,250.29,73322968.0,3449949512744.0,1001064337426775.0
2014-11-13,250.11,2.0,-1.15,-0.0046,251.59,251.98,249.28,72729495.0,3025837748935.0,997057967100330.0
2014-11-14,248.18,2.0,-1.93,-0.0077,249.84,249.84,247.33,63205364.0,2989809374371.0,989648334745260.0
2014-11-17,248.3,1.0,0.12,0.0005,247.73,248.92,246.97,63261916.0,2938792207582.0,989479606123765.0
2014-11-18,250.65,1.0,2.35,0.0095,249.45,250.96,249.45,59583122.0,2783705335245.0,999827977750435.0
2014-11-19,250.33,2.0,-0.32,-0.0013,251.71,251.71,249.4,70736892.0,3688994008232.0,990759560533930.0
2014-11-20,248.96,2.0,-1.37,-0.0055,249.43,249.76,248.36,86158507.0,3335794541708.0,993486123888380.0
2014-11-21,249.9,1.0,0.94,0.0038,250.14,250.45,249.25,72381463.0,3013392365576.0,997610477837220.0
2014-11-24,252.34,1.0,2.44,0.0098,252.52,253.05,251.83,94991951.0,4261313184858.0,1005858444047410.0
2014-11-25,251.72,2.0,-0.62,-0.0025,252.9,252.92,251.71,79997891.0,3967524151254.0,1004723304077270.0
2014-11-26,252.0,1.0,0.28,0.0011,252.59,252.6,250.87,72469194.0,2925771884243.0,1005324205691070.0
2014-11-27,253.3,1.0,1.3,0.0052,254.13,254.57,253.3,93042524.0,4410722184969.0,1009005804664650.0
2014-11-28,253.7,1.0,0.4,0.0016,253.6,253.98,252.7,67307419.0,2901085008523.0,1010849317358010.0
2014-12-01,251.59,2.0,-2.11,-0.0083,252.09,252.15,250.86,79209155.0,3406870438270.0,1002327326567305.0
2014-12-02,251.41,2.0,-0.18,-0.0007,250.69,251.44,250.12,67719615.0,2677511600474.0,1001547658216605.0
2014-12-03,251.65,1.0,0.24,0.001,251.94,252.51,251.13,52746755.0,2244460198810.0,1002915124719735.0
2014-12-04,254.06,1.0,2.41,0.0096,252.48,254.31,252.43,59998500.0,2677876460443.0,1012503159599325.0
2014-12-05,254.24,1.0,0.18,0.0007,254.08,254.58,253.8,73556496.0,2563608043626.0,1013012301517440.0
2014-12-08,253.71,2.0,-0.53,-0.0021,254.49,254.68,253.38,46984799.0,2220951534409.0,1010059049963875.0
2014-12-09,253.21,2.0,-0.5,-0.002,253.39,253.8,252.49,73576390.0,2736776509895.0,1007286645696505.0
2014-12-10,249.35,2.0,-3.86,-0.0152,252.21,252.57,249.35,60544957.0,2846889777530.0,992520967784555.0
2014-12-11,245.54,2.0,-3.81,-0.0153,247.22,248.37,245.53,69802234.0,3463660163272.0,976740734388730.0
2014-12-12,246.44,1.0,0.9,0.0037,246.2,247.23,245.48,62640109.0,2752024355488.0,980995148375695.0
2014-12-15,246.27,2.0,-0.17,-0.0007,243.93,246.27,243.25,55403601.0,2673454887245.0,980509186654545.0
2014-12-16,244.43,2.0,-1.84,-0.0075,244.73,246.57,243.96,67729537.0,3071601996735.0,972141469058720.0
2014-12-17,243.72,2.0,-0.71,-0.0029,245.35,245.37,243.72,61633400.0,2944297309417.0,969596964075100.0
2014-12-18,243.82,1.0,0.1,0.0004,246.08,246.4,241.89,58766276.0,2685303341947.0,970162946621245.0
2014-12-19,247.96,1.0,4.14,0.017,246.88,248.14,245.95,55461387.0,2770727903097.0,986053368325095.0
2014-12-22,249.7,1.0,1.74,0.0069999999999999,248.93,249.84,247.67,46010417.0,2254603101606.0,993343591999615.0
2014-12-23,249.06,2.0,-0.64,-0.0026,249.58,249.92,248.74,50657509.0,2213793060090.0,990933877584900.0
2014-12-24,250.07,1.0,1.01,0.0040999999999999,249.16,250.17,248.63,43539619.0,1903787676464.0,994672222194355.0
2014-12-26,250.05,2.0,-0.02,-0.0001,250.08,251.12,249.65,48848023.0,2083232452911.0,994942792186610.0
2014-12-29,246.3,2.0,-3.75,-0.015,248.25,248.45,246.3,44542216.0,1849060913255.0,980461941732150.0
2014-12-30,244.05,2.0,-2.25,-0.0091,247.09,247.39,243.78,52929949.0,2290468021390.0,971878636211495.0
2015-01-02,244.79,1.0,0.74,0.003,243.96,245.32,243.25,54153879.0,2146860296567.0,974225692717830.0
2015-01-05,244.26,2.0,-0.53,-0.0022,243.83,244.56,241.76,62845108.0,2622821317695.0,971857343770735.0
2015-01-06,239.93,2.0,-4.33,-0.0177,241.36,242.06,239.32,66249937.0,2992594273218.0,954573349992405.0
2015-01-07,240.53,1.0,0.6,0.0025,239.41,240.91,239.09,54599968.0,2610334705312.0,957104719372640.0
2015-01-08,243.94,1.0,3.41,0.0141999999999999,242.28,244.13,241.68,64021136.0,3155894203006.0,969237085185585.0
2015-01-09,246.05,1.0,2.11,0.0086,245.97,247.11,245.4,65125468.0,2936280975193.0,978040629091335.0
2015-01-12,245.7,2.0,-0.35,-0.0014,245.16,246.27,245.05,64517194.0,2335661828492.0,976959318044745.0
2015-01-13,246.29,1.0,0.59,0.0024,244.98,246.64,244.47,59912830.0,3273254269891.0,978610325658525.0
2015-01-14,245.99,2.0,-0.3,-0.0012,246.48,247.46,245.78,70777826.0,3370237565166.0,976446786856205.0
2015-01-15,245.76,2.0,-0.23,-0.0009,245.96,246.63,244.9,59449702.0,2821400282219.0,975843590038800.0
2015-01-16,242.22,2.0,-3.54,-0.0144,244.7,244.7,241.77,73306353.0,2976312996030.0,961987177535885.0
2015-01-19,244.78,1.0,2.56,0.0106,244.06,245.82,243.69,63223607.0,2502405834400.0,971922851847025.0
2015-01-20,247.24,1.0,2.46,0.01,245.52,247.39,245.5,55117429.0,2500367006282.0,982720352263075.0
2015-01-21,248.59,1.0,1.35,0.0055,247.01,248.59,246.63,64991528.0,2993529121729.0,986896157733745.0
2015-01-22,248.47,2.0,-0.12,-0.0005,249.22,249.98,248.01,76606527.0,3351549912661.0,987512533626085.0
2015-01-23,250.32,1.0,1.85,0.0074,251.76,251.8,249.55,78373654.0,3484372408133.0,994588208807390.0
2015-01-26,250.14,2.0,-0.18,-0.0007,248.92,250.21,248.42,62741687.0,2850568675437.0,993552165849465.0
2015-01-27,252.2,1.0,2.06,0.0081999999999999,250.76,252.2,250.56,85047883.0,3436705005231.0,1002074990641775.0
2015-01-28,252.21,1.0,0.01,0.0,250.82,252.5,250.12,85186518.0,3796038805041.0,1003210564424690.0
2015-01-29,250.46,2.0,-1.75,-0.0069,250.45,251.84,249.78,83370835.0,3959044980249.0,996984475551700.0
2015-01-30,249.88,2.0,-0.58,-0.0023,251.82,251.84,249.88,93066184.0,4409458773272.0,995941035813800.0
2015-02-02,250.61,1.0,0.73,0.0029,249.83,251.2,249.49,76488024.0,3157527300937.0,998793213675010.0
2015-02-03,250.38,2.0,-0.23,-0.0009,251.63,251.66,249.22,79093848.0,3360480447233.0,997651685636050.0
2015-02-04,251.6,1.0,1.22,0.0049,251.98,253.07,251.6,78229154.0,3737134751982.0,1002695424481020.0
2015-02-05,249.78,2.0,-1.82,-0.0072,251.33,251.42,248.9,69969310.0,2900430013397.0,996471489141055.0
2015-02-06,250.16,1.0,0.38,0.0015,249.89,250.16,248.68,76076254.0,4765844932235.0,997917133556825.0
2015-02-09,249.26,2.0,-0.9,-0.0036,249.05,249.94,248.58,64832394.0,3097916237955.0,994619225751945.0
2015-02-10,247.66,2.0,-1.6,-0.0064,249.62,250.42,247.66,62808141.0,2959997343700.0,988679658082855.0
2015-02-11,248.4,1.0,0.74,0.003,248.49,249.01,247.77,64784736.0,2995794081765.0,991909633058655.0
2015-02-12,247.71,2.0,-0.69,-0.0028,248.48,248.5,246.32,66380496.0,3004184281552.0,990053911724305.0
2015-02-13,249.76,1.0,2.05,0.0083,248.65,249.76,248.26,63130742.0,2611895344334.0,997622150552690.0
2015-02-16,249.81,1.0,0.05,0.0002,250.17,250.55,249.54,52102868.0,2223546843472.0,996519932796925.0
2015-02-17,250.37,1.0,0.56,0.0022,249.36,250.67,248.92,55683001.0,2356036658257.0,998646535799235.0
2015-02-23,250.8,1.0,0.43,0.0017,252.13,252.51,250.56,58970802.0,2958136839887.0,1001121947024675.0
2015-02-24,251.28,1.0,0.48,0.0019,251.83,252.11,251.09,61664090.0,2852773554835.0,1002979459034465.0
2015-02-25,252.96,1.0,1.68,0.0067,252.72,253.22,252.01,79616142.0,3391037102918.0,1009861747668735.0
2015-02-26,252.93,2.0,-0.03,-0.0001,253.03,253.13,251.89,79376042.0,3518726297162.0,1009462158691065.0
2015-02-27,251.46,2.0,-1.47,-0.0058,252.73,252.83,251.2,80294087.0,3844901072288.0,1003726450372115.0
2015-03-02,253.65,1.0,2.19,0.0087,253.13,253.74,252.39,92832492.0,4204664652629.0,1011069248222420.0
2015-03-03,254.5,1.0,0.85,0.0034,254.55,254.97,253.89,87501070.0,3960096569533.0,1014362798323820.0
2015-03-04,254.31,2.0,-0.19,-0.0007,254.56,254.72,253.89,72310858.0,3398683315539.0,1012663737345785.0
2015-03-05,254.16,2.0,-0.15,-0.0006,254.02,254.86,253.64,58424708.0,2666420308045.0,1012281704667515.0
2015-03-06,255.96,1.0,1.8,0.0070999999999999,254.74,256.15,254.73,83128515.0,3492983333854.0,1019793092223155.0
2015-03-09,252.77,2.0,-3.19,-0.0125,254.81,254.94,252.69,65398824.0,2858040932870.0,1007538738304860.0
2015-03-10,251.75,2.0,-1.02,-0.004,253.76,254.16,251.75,76302693.0,3304261079788.0,1003318940556105.0
2015-03-11,252.16,1.0,0.41,0.0016,250.09,252.66,250.09,79665718.0,4204233285969.0,1003613212997685.0
2015-03-12,250.28,2.0,-1.88,-0.0075,251.67,253.23,250.28,98652771.0,4686739593495.0,996147256632190.0
2015-03-13,252.18,1.0,1.9,0.0076,252.56,253.31,251.98,66614932.0,3255251169759.0,1046579330820515.0
2015-03-16,252.44,1.0,0.26,0.001,252.13,253.2,251.56,72869701.0,3488698975102.0,1046958484316745.0
2015-03-17,258.18,1.0,5.74,0.0227,253.77,258.19,253.7,85121839.0,4053505254772.0,1071566685087540.0
2015-03-18,258.22,1.0,0.04,0.0002,258.45,259.19,257.87,85366887.0,4154638733755.0,1070829693648280.0
2015-03-19,258.99,1.0,0.77,0.003,260.68,260.68,258.37,120601717.0,4415867038200.0,1075424154504110.0
2015-03-20,258.7,2.0,-0.29,-0.0011,258.92,259.32,257.42,81297758.0,3906745907549.0,1074193067341320.0
2015-03-23,258.95,1.0,0.25,0.001,259.48,259.88,258.16,84485852.0,3549302093627.0,1074005033456975.0
2015-03-24,259.16,1.0,0.21,0.0008,258.58,259.34,257.56,71439763.0,3353696061488.0,1075515588126155.0
2015-03-25,258.94,2.0,-0.22,-0.0008,259.35,259.84,258.38,84764664.0,3635072365127.0,1075451457696010.0
2015-03-26,255.99,2.0,-2.95,-0.0113999999999999,256.69,258.08,255.81,78163874.0,3748424562301.0,1064220767083290.0
2015-03-27,255.54,2.0,-0.45,-0.0018,256.41,256.73,255.1,72668968.0,3470210155534.0,1062442325775080.0
2015-03-30,256.1,1.0,0.56,0.0022,256.45,256.57,254.91,68984635.0,2916293064855.0,1065732423662110.0
2015-03-31,257.28,1.0,1.18,0.0046,257.66,258.43,256.16,83462334.0,3533700211685.0,1070662230613895.0
2015-04-01,254.97,2.0,-2.31,-0.009,256.44,256.75,254.74,83087175.0,3571906611435.0,1062026677782990.0
2015-04-02,254.99,1.0,0.02,0.0001,256.07,256.37,254.7,76748078.0,3857806630219.0,1061799258401370.0
2015-04-03,256.75,1.0,1.76,0.0069,255.77,256.92,255.05,67526315.0,2672514985115.0,1069624708536200.0
2015-04-06,256.93,1.0,0.18,0.0007,257.2,258.43,256.34,79386800.0,3100528918616.0,1069038733147180.0
2015-04-07,256.88,2.0,-0.05,-0.0002,258.65,258.68,256.61,74986301.0,3240203758328.0,1069459259450910.0
2015-04-08,258.51,1.0,1.63,0.0063,257.09,258.81,256.83,99675787.0,4330009254509.0,1075561828447890.0
2015-04-09,258.33,2.0,-0.18,-0.0007,258.44,259.21,257.61,85942676.0,4071237138771.0,1074857232085170.0
2015-04-10,261.95,1.0,3.62,0.0139999999999999,259.35,262.2,259.2,104469595.0,4304570816039.0,1090338850226790.0
2015-04-13,263.48,1.0,1.53,0.0058,262.62,263.75,262.11,123221397.0,4943262701647.0,1096045422855200.0
2015-04-14,265.57,1.0,2.09,0.0079,263.81,265.6,263.2,151051155.0,5632644996914.0,1104422772874115.0
2015-04-15,265.77,1.0,0.2,0.0008,265.76,266.41,264.93,111941827.0,5312891724055.0,1108257102378895.0
2015-04-16,268.45,1.0,2.68,0.0101,267.67,268.45,266.42,113925064.0,5326278788516.0,1119825669096030.0
2015-04-17,268.28,2.0,-0.17,-0.0006,268.73,268.81,267.42,90557141.0,4295514110542.0,1120528810753275.0
2015-04-20,268.55,1.0,0.27,0.001,266.14,268.59,266.14,100121531.0,4948478612334.0,1122533253614450.0
2015-04-21,268.17,2.0,-0.38,-0.0014,269.03,269.13,267.56,102396952.0,4901393623689.0,1120980775121520.0
2015-04-22,268.64,1.0,0.47,0.0018,268.2,270.65,267.22,136287742.0,5580303827572.0,1122271696747810.0
2015-04-23,272.59,1.0,3.95,0.0147,270.27,272.78,268.85,134658263.0,6223119629804.0,1141022594080700.0
2015-04-24,271.05,2.0,-1.54,-0.0056,273.81,275.11,270.33,144045532.0,6416263945656.0,1133880054805835.0
2015-04-27,270.05,2.0,-1.0,-0.0037,272.16,272.29,269.29,92875855.0,4566315149390.0,1130491877962420.0
2015-04-28,268.55,2.0,-1.5,-0.0056,270.63,270.93,268.1,100582787.0,4473108639358.0,1125232470280780.0
2015-04-29,268.03,2.0,-0.52,-0.0019,269.54,269.76,265.92,117334622.0,5028596547392.0,1122315675523935.0
2015-04-30,266.42,2.0,-1.61,-0.006,267.04,267.57,265.85,106977761.0,4511481476470.0,1114298388280590.0
2015-05-04,267.33,1.0,0.91,0.0034,267.57,268.56,266.99,81081807.0,3368419870975.0,1118616989294540.0
2015-05-06,264.03,2.0,-3.3,-0.0123,265.96,266.18,263.09,103583671.0,4097334657515.0,1104738340253850.0
2015-05-07,262.47,2.0,-1.56,-0.0059,263.11,263.49,260.1,97357301.0,3858959965181.0,1096692150174280.0
2015-05-08,260.81,2.0,-1.66,-0.0063,262.11,262.72,260.81,69308472.0,3467357369591.0,1090877234753620.0
2015-05-11,261.49,1.0,0.68,0.0026,263.45,263.88,261.49,71248477.0,3453890866731.0,1095081210367750.0
2015-05-12,261.42,2.0,-0.07,-0.0003,262.12,262.35,260.52,78806725.0,3281124207407.0,1093272805222895.0
2015-05-13,263.25,1.0,1.83,0.0069999999999999,261.82,263.65,261.73,73273723.0,3434489471270.0,1102859376103460.0
2015-05-14,263.69,1.0,0.44,0.0017,263.18,263.88,262.63,74918229.0,3433552462748.0,1104543650558075.0
2015-05-15,261.33,2.0,-2.36,-0.0089,265.24,265.51,261.09,82257756.0,4253382777430.0,1096089792978800.0
2015-05-18,261.97,1.0,0.64,0.0024,261.28,261.97,260.45,81474969.0,3841322055176.0,1100171927648850.0
2015-05-19,262.92,1.0,0.95,0.0036,261.84,263.97,261.04,87586164.0,3826415213221.0,1103531538774280.0
2015-05-20,265.36,1.0,2.44,0.0093,263.79,265.54,263.43,92553867.0,3808827522905.0,1113159576780975.0
2015-05-21,262.66,2.0,-2.7,-0.0102,265.2,265.38,262.41,84424667.0,3714064044802.0,1102568720977880.0
2015-05-22,266.03,1.0,3.37,0.0128,263.66,266.03,263.28,99743651.0,4084252134757.0,1116327362246245.0
2015-05-26,265.41,2.0,-0.62,-0.0023,265.96,266.16,263.82,100614834.0,5001649866561.0,1114988630605855.0
2015-05-27,260.16,2.0,-5.25,-0.0197999999999999,263.9,264.22,259.72,103094585.0,6037398931750.0,1094483432525460.0
2015-05-28,260.06,2.0,-0.1,-0.0004,261.13,261.93,260.06,93498428.0,4931302696570.0,1094904760928390.0
2015-05-29,260.39,1.0,0.33,0.0013,259.88,261.91,259.47,106343249.0,5675872280472.0,1096672290198870.0
2015-06-01,258.74,2.0,-1.65,-0.0063,259.84,260.0,257.13,80713574.0,4138656355086.0,1089374487943435.0
2015-06-02,256.29,2.0,-2.45,-0.0095,258.8,259.49,255.91,114420592.0,4834843278953.0,1077974596547160.0
2015-06-03,254.11,2.0,-2.18,-0.0085,256.54,257.44,253.51,104074267.0,4477385862976.0,1069018075076540.0
2015-06-04,255.47,1.0,1.36,0.0054,255.4,257.04,254.34,101269972.0,5675249228744.0,1074063648787495.0
2015-06-05,254.94,2.0,-0.53,-0.0021,254.09,256.12,254.0,94583710.0,4501892723154.0,1071469568052805.0
2015-06-08,254.21,2.0,-0.73,-0.0029,254.87,254.87,253.34,84658216.0,3995890637679.0,1068698522560665.0
2015-06-09,253.51,2.0,-0.7,-0.0028,253.78,255.06,252.68,79051343.0,3922922272710.0,1066364860474115.0
2015-06-10,252.11,2.0,-1.4,-0.0055,255.5,255.68,251.95,85553747.0,4260871777754.0,1059691495435295.0
2015-06-11,252.32,1.0,0.21,0.0008,253.77,253.83,251.74,129133552.0,5457754935523.0,1061908148241380.0
2015-06-12,251.66,2.0,-0.66,-0.0026,253.94,254.77,250.84,89308353.0,4435951978580.0,1073669415741340.0
2015-06-15,250.74,2.0,-0.92,-0.0037,250.14,251.37,249.38,67758114.0,3564945792715.0,1069386865701365.0
2015-06-16,248.49,2.0,-2.25,-0.009,250.94,251.0,246.42,93164622.0,4515694409110.0,1061282834714830.0
2015-06-17,249.08,1.0,0.59,0.0024,249.27,249.53,247.52,71024150.0,3652687161601.0,1063602895115290.0
2015-06-18,249.67,1.0,0.59,0.0024,250.42,251.26,248.92,72995691.0,3912136774375.0,1067377159455605.0
2015-06-19,249.84,1.0,0.17,0.0007,251.37,251.41,249.79,88051502.0,4018830160857.0,1068581474294660.0
2015-06-22,250.99,1.0,1.15,0.0046,251.6,252.69,250.45,64166618.0,3083063430245.0,1072850360835085.0
2015-06-23,254.52,1.0,3.53,0.0141,253.25,255.42,252.52,83598457.0,3666383655573.0,1087112810181860.0
2015-06-24,254.94,1.0,0.42,0.0017,255.01,255.24,253.79,72505623.0,3554205226842.0,1088857664893915.0
2015-06-25,253.8,2.0,-1.14,-0.0045,253.84,254.66,253.42,80939569.0,3910912365970.0,1086045396792605.0
2015-06-26,254.48,1.0,0.68,0.0027,253.29,255.35,252.89,83208331.0,4073639344861.0,1088658397795495.0
2015-06-29,251.26,2.0,-3.22,-0.0127,250.61,251.96,250.36,89002620.0,4015674372917.0,1072696999477085.0
2015-06-30,252.27,1.0,1.01,0.004,250.52,252.39,250.2,74407057.0,3733537280113.0,1079273831731180.0
2015-07-01,255.07,1.0,2.8,0.0111,252.49,255.52,251.65,85790155.0,4112132198433.0,1091117297388940.0
2015-07-02,255.5,1.0,0.43,0.0017,255.84,256.12,254.75,90089731.0,4776561635069.0,1094237476376675.0
2015-07-03,254.66,2.0,-0.84,-0.0033,255.34,255.62,253.56,98712696.0,3790918101966.0,1091697663234265.0
2015-07-06,248.3,2.0,-6.36,-0.025,251.25,252.54,248.03,166945414.0,4217849733231.0,1064076470609970.0
2015-07-07,248.05,2.0,-0.25,-0.001,249.57,249.86,246.56,149355998.0,5443820667821.0,1061655267444360.0
2015-07-08,244.94,2.0,-3.11,-0.0125,248.65,248.66,244.94,118840432.0,4695532954272.0,1048226519811895.0
2015-07-09,246.77,1.0,1.83,0.0075,243.17,246.77,241.49,107123052.0,4797236334131.0,1055665902956140.0
2015-07-10,246.83,1.0,0.06,0.0002,247.8,247.8,246.08,101705134.0,4474921784436.0,1056865912982645.0
2015-07-13,249.84,1.0,3.01,0.0121999999999999,247.0,250.12,246.64,118985564.0,4348627266125.0,1070969016983460.0
2015-07-14,248.64,2.0,-1.2,-0.0048,250.7,250.79,247.98,107053904.0,4671361859400.0,1067253809654870.0
2015-07-15,249.65,1.0,1.01,0.0040999999999999,249.63,250.94,248.38,188368464.0,4913855778451.0,1073743580763885.0
2015-07-16,251.47,1.0,1.82,0.0073,249.51,251.59,249.3,150452766.0,4809873628665.0,1080986460064290.0
2015-07-17,250.23,2.0,-1.24,-0.0049,253.05,253.15,249.02,133782095.0,5896152895279.0,1074535758349335.0
2015-07-20,248.91,2.0,-1.32,-0.0053,250.02,250.52,248.43,95326330.0,3626104765188.0,1071045583335440.0
2015-07-21,250.35,1.0,1.44,0.0058,249.93,251.15,248.57,108289339.0,3996502847804.0,1076870047623105.0
2015-07-22,247.88,2.0,-2.47,-0.0098999999999999,248.69,249.42,247.04,96059690.0,4106646132814.0,1066480455124515.0
2015-07-23,247.31,2.0,-0.57,-0.0023,248.3,248.39,246.46,96301019.0,4080615906375.0,1065122538525265.0
2015-07-24,244.91,2.0,-2.4,-0.0097,246.66,246.67,244.38,95762104.0,3967408683441.0,1054448925277900.0
2015-07-27,244.98,1.0,0.07,0.0003,243.58,246.16,243.54,98465634.0,4351258890295.0,1054141206610305.0
2015-07-28,245.21,1.0,0.23,0.0009,243.82,246.1,242.86,97425491.0,4454488439335.0,1053951193897020.0
2015-07-29,245.97,1.0,0.76,0.0031,246.75,247.36,245.73,85212197.0,4497678394951.0,1056656271483505.0
2015-07-30,243.61,2.0,-2.36,-0.0096,246.01,246.5,243.61,106335826.0,5007997196167.0,1047526055557300.0
2015-07-31,244.3,1.0,0.69,0.0028,244.62,244.9,241.87,95354595.0,4568105041769.0,1052263918952960.0
2015-08-03,241.48,2.0,-2.82,-0.0115,243.71,243.71,241.06,79207892.0,3722243660854.0,1034176732145385.0
2015-08-04,243.55,1.0,2.07,0.0086,241.46,243.56,241.42,71970280.0,3462796043568.0,1042413054372575.0
2015-08-05,243.12,2.0,-0.43,-0.0018,243.5,244.05,242.33,75475583.0,3497395034226.0,1041214407197690.0
2015-08-06,240.04,2.0,-3.08,-0.0127,243.85,243.86,239.98,84494907.0,4193959033532.0,1029368028348715.0
2015-08-07,239.79,2.0,-0.25,-0.001,239.71,240.15,238.66,61300292.0,3184965772229.0,1027584112036260.0
2015-08-10,239.18,2.0,-0.61,-0.0025,239.54,239.58,238.07,64388927.0,3020720793500.0,1024194195006195.0
2015-08-11,237.91,2.0,-1.27,-0.0053,241.23,241.92,237.85,96678163.0,3563420237806.0,1017420230936735.0
2015-08-12,237.24,2.0,-0.67,-0.0028,237.06,238.65,234.75,103292020.0,4665465255640.0,1013900470542495.0
2015-08-13,237.32,1.0,0.08,0.0003,237.02,238.38,235.79,80878100.0,3616450251927.0,1015982844571665.0
2015-08-17,235.37,2.0,-1.95,-0.0081999999999999,238.22,238.28,235.35,61976494.0,2877699394279.0,1017248492578560.0
2015-08-18,235.2,2.0,-0.17,-0.0007,236.69,236.95,234.98,78968295.0,3463217327125.0,1013754418919070.0
2015-08-19,234.27,2.0,-0.93,-0.004,235.49,236.22,232.47,104794952.0,4845483720802.0,1007371317845865.0
2015-08-20,231.59,2.0,-2.68,-0.0113999999999999,233.28,233.55,231.16,78670261.0,3588914103585.0,994998796851450.0
2015-08-21,227.14,2.0,-4.45,-0.0192,226.06,228.53,225.18,104152076.0,4641106927003.0,976079041358640.0
2015-08-24,221.53,2.0,-5.61,-0.0247,225.16,226.58,217.52,116372962.0,4631805809910.0,952256444416195.0
2015-08-25,223.07,1.0,1.54,0.0069999999999999,222.56,225.69,218.6,140958023.0,5057899293600.0,958591530849140.0
2015-08-26,227.71,1.0,4.64,0.0208,222.49,228.14,221.3,139394577.0,5152267683141.0,981872646264470.0
2015-08-27,228.94,1.0,1.23,0.0054,229.78,230.34,228.11,107374929.0,4781006405925.0,988578173009515.0
2015-08-28,232.35,1.0,3.41,0.0149,231.81,232.55,231.1,101461050.0,4530034360397.0,1003789982806145.0
2015-08-31,232.8,1.0,0.45,0.0019,231.56,232.8,230.53,97988704.0,4203720194541.0,1006173491957175.0
2015-09-01,229.55,2.0,-3.25,-0.0139999999999999,231.86,232.5,229.51,77917832.0,3439525464561.0,987861641365420.0
2015-09-02,229.91,1.0,0.36,0.0016,226.36,230.71,226.03,79282229.0,3626343683499.0,988605913633670.0
2015-09-03,230.4,1.0,0.49,0.0021,231.52,231.77,229.58,73804353.0,3278489105861.0,989693510360925.0
2015-09-04,227.9,2.0,-2.5,-0.0109,231.23,231.38,227.11,67222468.0,3215667439684.0,977358477013345.0
2015-09-07,227.31,2.0,-0.59,-0.0026,227.53,228.71,226.13,58979662.0,2680418069674.0,975733193219770.0
2015-09-08,227.76,1.0,0.45,0.002,227.97,228.61,226.61,82248106.0,3324283717616.0,976114386428895.0
2015-09-09,234.4,1.0,6.64,0.0292,230.54,234.4,230.5,82866831.0,3781037320470.0,1005148942608340.0
2015-09-10,237.18,1.0,2.78,0.0118999999999999,232.34,237.18,231.96,95434451.0,4026083887732.0,1019216924824115.0
2015-09-11,233.74,2.0,-3.44,-0.0144999999999999,234.52,235.54,233.61,65039813.0,2927711648988.0,1005156296688025.0
2015-09-14,233.06,2.0,-0.68,-0.0029,234.45,234.56,231.65,60761375.0,2728299950239.0,1001521695818045.0
2015-09-15,233.59,1.0,0.53,0.0023,232.91,233.91,232.49,55627251.0,2776067760941.0,1012974908047370.0
2015-09-16,238.78,1.0,5.19,0.0222,234.89,239.29,234.77,89244074.0,4118246164509.0,1033877508969135.0
2015-09-17,239.29,1.0,0.51,0.0021,240.35,240.35,238.51,85405732.0,3960649257232.0,1034991735881955.0
2015-09-18,241.12,1.0,1.83,0.0076,239.01,241.3,236.93,84509934.0,4335293234803.0,1043422950635850.0
2015-09-21,236.72,2.0,-4.4,-0.0182,238.06,239.11,236.3,52059895.0,2532702441246.0,1025193189761940.0
2015-09-22,238.68,1.0,1.96,0.0083,237.84,239.05,236.74,62133209.0,2916986608990.0,1034357783898545.0
2015-09-23,234.26,2.0,-4.42,-0.0185,235.85,237.02,234.25,71152793.0,3628031492664.0,1014476811075720.0
2015-09-24,234.26,2.0,0.0,0.0,235.65,235.96,233.9,56936529.0,3105004719386.0,1014992232924625.0
2015-09-25,233.79,2.0,-0.47,-0.002,234.48,234.99,232.66,53231378.0,2868829818049.0,1012888566442280.0
2015-09-30,236.71,1.0,2.92,0.0125,230.45,236.73,230.34,76014873.0,4196501628851.0,1025239594908810.0
2015-10-01,238.62,1.0,1.91,0.0081,236.6,239.61,235.83,62046934.0,3255573983978.0,1033966045877000.0
2015-10-02,237.15,2.0,-1.47,-0.0062,238.39,239.17,237.15,65101460.0,3101031786662.0,1027997030505775.0
2015-10-05,237.98,1.0,0.83,0.0034999999999999,238.45,240.14,237.61,63859605.0,3120372176405.0,1032175084638870.0
2015-10-06,240.18,1.0,2.2,0.0092,240.28,240.58,239.1,66714714.0,3557653947872.0,1040277518400785.0
2015-10-07,243.52,1.0,3.34,0.0139,241.14,243.6,241.13,63799686.0,3954521179201.0,1051757571446785.0
2015-10-08,246.02,1.0,2.5,0.0103,244.82,246.02,243.25,74520359.0,3983296674925.0,1061249056804735.0
2015-10-12,246.49,1.0,0.47,0.0019,246.16,247.49,245.29,104494756.0,4184664279846.0,1062923457513785.0
2015-10-13,246.04,2.0,-0.45,-0.0018,246.22,247.04,245.1,71240361.0,3312103194706.0,1061724419388425.0
2015-10-14,244.94,2.0,-1.1,-0.0045,245.43,245.74,243.91,69342277.0,2978475592144.0,1056942905408070.0
2015-10-15,247.89,1.0,2.95,0.012,244.82,248.53,244.69,70561029.0,2959535026516.0,1069348850429695.0
2015-10-16,247.37,2.0,-0.52,-0.0021,248.34,248.35,246.71,66047784.0,3459317215965.0,1067258184206610.0
2015-10-19,247.47,1.0,0.1,0.0004,247.49,248.19,246.44,54635233.0,2434895237377.0,1067215144357540.0
2015-10-20,248.53,1.0,1.06,0.0043,247.57,248.72,247.07,78290367.0,2827606701017.0,1071260691569850.0
2015-10-21,249.25,1.0,0.72,0.0029,248.4,250.59,247.93,83571782.0,3643041068283.0,1074243886470330.0
2015-10-22,247.22,2.0,-2.03,-0.0081,249.04,249.43,246.69,89011798.0,4225369800123.0,1065043674058225.0
2015-10-23,249.41,1.0,2.19,0.0089,249.82,251.32,248.97,80981068.0,3875239746465.0,1074276832820065.0
2015-10-26,250.36,1.0,0.95,0.0038,250.58,250.63,249.38,67719247.0,2994325573891.0,1078767137158105.0
2015-10-27,250.04,2.0,-0.32,-0.0013,249.52,250.18,248.71,64323611.0,2871514409500.0,1077182911499720.0
2015-10-28,249.79,2.0,-0.25,-0.001,250.03,250.03,248.33,87705222.0,3805180005609.0,1075979552532505.0
2015-10-29,248.93,2.0,-0.86,-0.0034,251.19,253.41,248.85,138191335.0,4645002960438.0,1071012274476310.0
2015-10-30,249.41,1.0,0.48,0.0019,249.2,250.87,248.83,76798487.0,4453453073635.0,1070323574956235.0
2015-11-02,250.6,1.0,1.19,0.0048,249.86,250.66,249.33,61867648.0,3419736831381.0,1075052757123090.0
2015-11-03,252.12,1.0,1.52,0.0060999999999999,251.44,252.94,251.33,92475178.0,4263568873241.0,1082105190055170.0
2015-11-04,252.33,1.0,0.21,0.0008,252.74,253.22,251.11,60765708.0,3457227920521.0,1083842858989480.0
2015-11-05,251.79,2.0,-0.54,-0.0021,251.77,252.13,250.58,60049790.0,2699787534392.0,1080781706032185.0
2015-11-06,250.25,2.0,-1.54,-0.0060999999999999,251.53,252.05,249.8,76265135.0,2799759773415.0,1074265560676765.0
2015-11-09,249.21,2.0,-1.04,-0.0042,249.87,250.01,248.29,75324281.0,4022730501211.0,1068070994054445.0
2015-11-10,245.86,2.0,-3.35,-0.0134,247.77,247.84,244.94,77450305.0,4034569900440.0,1053847676311670.0
2015-11-11,245.86,2.0,0.0,0.0,245.47,246.65,244.13,64210429.0,2769952065208.0,1053564457452425.0
2015-11-12,245.14,2.0,-0.72,-0.0029,245.73,245.97,245.0,49479962.0,2286085928295.0,1050975426023470.0
2015-11-13,242.71,2.0,-2.43,-0.0098999999999999,243.16,243.98,242.56,59938835.0,2977364056529.0,1040497807573715.0
2015-11-16,238.87,2.0,-3.84,-0.0158,239.41,240.81,238.84,98793414.0,3919770304003.0,1024562461518685.0
2015-11-17,241.26,1.0,2.39,0.01,241.99,242.93,240.93,62912745.0,3088162698230.0,1034855569410970.0
2015-11-18,241.44,1.0,0.18,0.0007,241.76,242.65,241.16,80099108.0,2920730411832.0,1036072685931995.0
2015-11-19,244.79,1.0,3.35,0.0139,243.1,244.79,242.54,73733891.0,3566255983864.0,1051106391847145.0
2015-11-20,244.8,1.0,0.01,0.0,244.74,245.5,244.31,97645966.0,2843078788082.0,1051211918861860.0
2015-11-23,245.92,1.0,1.12,0.0046,245.48,246.86,244.94,69101132.0,3046652349081.0,1058136521186890.0
2015-11-24,247.51,1.0,1.59,0.0065,245.96,248.05,245.77,69430965.0,3089876753824.0,1065139003385560.0
2015-11-25,246.58,2.0,-0.93,-0.0038,247.79,247.85,246.45,70518981.0,3015239753695.0,1060849900616140.0
2015-11-26,249.43,1.0,2.85,0.0116,247.21,249.91,247.21,84297638.0,3042310777432.0,1072531611376965.0
2015-11-27,249.07,2.0,-0.36,-0.0014,250.46,250.6,248.93,66676192.0,2544394597423.0,1071438107803095.0
2015-11-30,244.24,2.0,-4.83,-0.0194,248.3,248.4,243.85,117528212.0,5004038590844.0,1051355826116125.0
2015-12-01,248.7,1.0,4.46,0.0183,245.47,249.08,245.39,61341937.0,3126363917511.0,1070193067617540.0
2015-12-02,246.6,2.0,-2.1,-0.0084,248.9,249.0,246.6,55558673.0,2531222950119.0,1062166296224555.0
2015-12-03,244.68,2.0,-1.92,-0.0078,245.46,245.49,243.12,49723906.0,2319389345414.0,1053807684859750.0
2015-12-04,242.15,2.0,-2.53,-0.0103,241.86,243.31,241.64,47979419.0,2186369296143.0,1042440527852885.0
2015-12-07,240.68,2.0,-1.47,-0.0060999999999999,243.76,243.81,240.67,48477246.0,2202563375795.0,1036215206800905.0
2015-12-08,239.23,2.0,-1.45,-0.006,240.86,241.77,239.19,63313204.0,2399912388823.0,1029870151424275.0
2015-12-09,239.4,1.0,0.17,0.0007,239.59,240.3,238.67,65350852.0,2511247399257.0,1030924113449265.0
2015-12-10,240.6,1.0,1.2,0.005,239.28,241.31,238.99,81176361.0,3539291689593.0,1034850863121875.0
2015-12-11,240.35,2.0,-0.25,-0.001,240.65,241.83,239.78,61336104.0,2834688303628.0,1033652761066085.0
2015-12-14,238.17,2.0,-2.18,-0.0091,237.55,238.49,236.94,72617272.0,2910172639587.0,1024615094059520.0
2015-12-15,238.8,1.0,0.63,0.0026,239.13,239.54,237.98,54287605.0,2386657094870.0,1026827944816815.0
2015-12-16,243.49,1.0,4.69,0.0196,240.89,244.37,240.82,66772308.0,3024276814360.0,1046842444224475.0
2015-12-17,244.17,1.0,0.68,0.0028,245.2,245.69,242.77,63271699.0,2735880324128.0,1050532169280010.0
2015-12-18,243.0,2.0,-1.17,-0.0048,241.71,244.14,241.42,61138437.0,2635755645112.0,1046939624881045.0
2015-12-21,243.76,1.0,0.76,0.0031,243.01,244.69,242.01,53526616.0,2236257042150.0,1050131259579930.0
2015-12-22,245.48,1.0,1.72,0.0070999999999999,244.06,245.51,242.58,69969664.0,2636121939965.0,1057118042872200.0
2015-12-23,246.53,1.0,1.05,0.0043,245.64,247.49,244.97,68707198.0,2867465380880.0,1061413084621480.0
2015-12-24,245.33,2.0,-1.2,-0.0049,247.81,247.96,245.33,58777272.0,2283734891335.0,1056555671262375.0
2015-12-28,241.79,2.0,-3.54,-0.0144,245.38,245.51,241.79,66381094.0,2616934445828.0,1041349827347870.0
2015-12-29,241.22,2.0,-0.57,-0.0024,240.69,241.61,238.9,61632840.0,2497228090306.0,1039399237818490.0
2015-12-30,240.38,2.0,-0.84,-0.0034999999999999,242.13,242.42,240.03,67553918.0,2651479477910.0,1035225348662340.0
2016-01-04,234.63,2.0,-5.75,-0.0239,239.3,239.35,234.63,68178667.0,2814102225470.0,1011895455368365.0
2016-01-05,236.13,1.0,1.5,0.0064,233.96,237.25,233.96,67016942.0,2952300794063.0,1018199015705465.0
2016-01-06,234.6,2.0,-1.53,-0.0065,236.48,236.48,233.27,89014282.0,4174044758266.0,1013576770387395.0
2016-01-07,231.93,2.0,-2.67,-0.0113999999999999,233.23,234.54,231.52,88011926.0,3561632187892.0,1002213684944425.0
2016-01-08,233.68,1.0,1.75,0.0075,230.4,233.78,229.91,117164870.0,3730367181343.0,1009887334572020.0
2016-01-11,230.83,2.0,-2.85,-0.0121999999999999,230.77,232.27,230.34,76834602.0,3238551523124.0,998479170801170.0
2016-01-12,230.55,2.0,-0.28,-0.0012,232.45,232.85,230.25,72236893.0,2804922574435.0,997232396063070.0
2016-01-13,233.52,1.0,2.97,0.0129,232.24,234.26,231.89,71912690.0,2907015240475.0,1010330439171775.0
2016-01-14,231.38,2.0,-2.14,-0.0092,230.68,231.52,229.41,78137065.0,3287624480174.0,1001624300295745.0
2016-01-15,228.78,2.0,-2.6,-0.0112,233.38,233.76,228.01,96870678.0,3358110282102.0,990283683144255.0
2016-01-18,228.59,2.0,-0.19,-0.0008,225.56,229.16,225.33,79302811.0,3110773812402.0,989759318630355.0
2016-01-19,230.08,1.0,1.49,0.0065,228.79,230.12,227.03,80141538.0,3251127350040.0,995980703250065.0
2016-01-20,224.54,2.0,-5.54,-0.0241,229.29,229.3,222.92,121075003.0,3938746723959.0,972635158071055.0
2016-01-21,223.81,2.0,-0.73,-0.0033,224.83,226.61,223.81,145374520.0,3594071343615.0,970096546161515.0
2016-01-22,228.79,1.0,4.98,0.0223,226.35,228.79,226.31,115528756.0,3242839974610.0,991915594886405.0
2016-01-25,230.21,1.0,1.42,0.0062,229.98,231.37,228.99,75662971.0,2963974588283.0,998510534893290.0
2016-01-26,227.19,2.0,-3.02,-0.0131,228.66,229.06,226.16,89529004.0,3429148508801.0,985841505813220.0
2016-01-27,230.96,1.0,3.77,0.0166,229.19,231.13,228.83,92894217.0,3845170249587.0,1001578326067705.0
2016-01-28,231.51,1.0,0.55,0.0024,229.07,231.62,228.02,131304060.0,5202273701891.0,1005487158099510.0
2016-01-29,232.1,1.0,0.59,0.0025,230.97,232.1,228.8,107901108.0,5110393818787.0,1005160994064020.0
2016-02-01,233.67,1.0,1.57,0.0068,232.87,233.84,232.13,106256160.0,3633793699757.0,1011992558245060.0
2016-02-02,231.1,2.0,-2.57,-0.011,232.27,232.95,231.05,87256794.0,3048830991052.0,1001028391251260.0
2016-02-03,228.97,2.0,-2.13,-0.0092,229.29,229.36,227.77,77801102.0,3241494832088.0,992483266570470.0
2016-02-04,232.91,1.0,3.94,0.0172,230.3,232.94,230.12,84733845.0,3738301797618.0,1009154478680575.0
2016-02-05,233.3,1.0,0.39,0.0017,232.73,233.93,232.27,90041544.0,3575333411508.0,1010394085598280.0
2016-02-11,226.7,2.0,-6.6,-0.0283,227.77,228.35,226.26,83572332.0,3442366686249.0,981871656850015.0
2016-02-12,224.98,2.0,-1.72,-0.0076,225.5,226.63,223.37,122056223.0,4590265390571.0,972251314550490.0
2016-02-15,228.4,1.0,3.42,0.0152,227.84,228.81,226.86,82004802.0,3436787710532.0,985805746890955.0
2016-02-16,231.52,1.0,3.12,0.0137,229.26,232.13,228.87,76712645.0,3095332901886.0,999081050424230.0
2016-02-17,231.94,1.0,0.42,0.0018,231.66,233.3,230.87,95029362.0,4009555135484.0,998391184194440.0
2016-02-18,234.74,1.0,2.8,0.0121,235.08,235.11,233.52,81407731.0,3625753947734.0,1011501926715395.0
2016-02-19,235.27,1.0,0.53,0.0023,234.11,235.31,233.47,74342675.0,2825769009936.0,1014826711392280.0
2016-02-22,234.95,2.0,-0.32,-0.0014,234.58,235.73,233.78,59585295.0,2589893724445.0,1014057536050780.0
2016-02-23,235.03,1.0,0.08,0.0003,236.54,236.67,234.42,70243331.0,2966352082340.0,1013531878109005.0
2016-02-24,234.91,2.0,-0.12,-0.0005,234.3,235.58,233.96,70372634.0,2727163307893.0,1013162047710275.0
2016-02-25,235.37,1.0,0.46,0.002,235.57,236.91,233.87,73319530.0,3185204743848.0,1016299253113020.0
2016-02-26,235.22,2.0,-0.15,-0.0006,236.39,236.46,234.86,77666207.0,3672848473372.0,1017960170432915.0
2016-02-29,234.63,2.0,-0.59,-0.0025,235.4,236.28,234.63,80364749.0,3586193760373.0,1015005879516495.0
2016-03-02,238.63,1.0,4.0,0.017,238.45,239.08,238.08,108551572.0,4030858745365.0,1031597965924415.0
2016-03-03,240.09,1.0,1.46,0.0060999999999999,240.2,240.2,238.68,111240740.0,3913449501392.0,1036854756725665.0
2016-03-04,239.74,2.0,-0.35,-0.0015,239.84,240.31,238.93,116636465.0,3577501790363.0,1034713674734075.0
2016-03-07,240.21,1.0,0.47,0.002,240.47,240.91,239.84,134368088.0,3626198957394.0,1036264889770640.0
2016-03-08,238.44,2.0,-1.77,-0.0074,240.27,240.27,237.32,119589301.0,3620322986103.0,1029120733634395.0
2016-03-09,239.13,1.0,0.69,0.0029,237.64,239.13,237.21,76741484.0,3051548212352.0,1032585200837695.0
2016-03-10,241.43,1.0,2.3,0.0096,239.91,242.51,239.47,84244617.0,3915683487084.0,1041887013424540.0
2016-03-11,241.97,1.0,0.54,0.0022,241.29,242.62,241.17,60922701.0,3085685609921.0,1042788223235600.0
2016-03-14,242.15,1.0,0.18,0.0007,243.9,243.94,241.93,73873081.0,3003063518770.0,1043735304075295.0
2016-03-15,241.83,2.0,-0.32,-0.0013,242.47,243.0,241.28,67444375.0,2806671742325.0,1043041549224930.0
2016-03-16,242.35,1.0,0.52,0.0022,242.04,243.43,241.63,73418191.0,3111944151609.0,1046829424418400.0
2016-03-17,244.09,1.0,1.74,0.0072,243.65,245.84,243.58,88888120.0,3993450704621.0,1054069757990480.0
2016-03-18,244.63,1.0,0.54,0.0022,245.25,245.27,243.72,77050002.0,3503696933749.0,1055316461667295.0
2016-03-21,244.28,2.0,-0.35,-0.0014,245.44,245.95,243.2,72832440.0,2940396636997.0,1053197685552765.0
2016-03-22,245.41,1.0,1.13,0.0046,244.75,245.41,244.06,73835153.0,3081283778538.0,1057919114450280.0
2016-03-23,245.23,2.0,-0.18,-0.0007,245.33,246.18,244.45,72958176.0,2766059723007.0,1056709009652195.0
2016-03-24,244.08,2.0,-1.15,-0.0046999999999999,244.3,245.0,243.31,74738650.0,2690003785981.0,1051802550993520.0
2016-03-25,243.79,2.0,-0.29,-0.0012,244.61,244.65,243.33,73171826.0,2620218803206.0,1050875213870765.0
2016-03-28,243.95,1.0,0.16,0.0007,243.86,244.96,243.66,104246539.0,2286330771326.0,1051330586076875.0
2016-03-29,245.53,1.0,1.58,0.0065,244.55,245.88,244.11,103639625.0,2921160802749.0,1057505392303710.0
2016-03-30,246.54,1.0,1.01,0.0040999999999999,246.98,247.58,246.07,103093485.0,3331725016040.0,1061555359943700.0
2016-03-31,245.86,2.0,-0.68,-0.0028,246.95,247.26,244.55,89221199.0,3889614200823.0,1058251447790600.0
2016-04-01,242.36,2.0,-3.5,-0.0141999999999999,245.59,245.66,241.82,157191240.0,3953809741678.0,1044261952354535.0
2016-04-04,243.05,1.0,0.69,0.0028,242.38,243.06,241.73,68617550.0,2939423272783.0,1046712868196495.0
2016-04-05,240.58,2.0,-2.47,-0.0102,242.1,242.25,240.28,63928835.0,2742138401424.0,1036499687658540.0
2016-04-06,241.99,1.0,1.41,0.0059,240.85,242.59,240.65,103088446.0,3358840462080.0,1041573891442915.0
2016-04-07,242.29,1.0,0.3,0.0012,243.05,243.27,241.03,138883795.0,3335452080302.0,1042983395936355.0
2016-04-08,241.77,2.0,-0.52,-0.0021,240.59,241.84,239.57,117363492.0,3095370711679.0,1041845281654785.0
2016-04-11,242.06,1.0,0.29,0.0012,241.79,242.29,240.65,89458690.0,2673294915487.0,1042237535444100.0
2016-04-12,243.71,1.0,1.65,0.0068,242.05,243.94,241.72,102075053.0,2752617894452.0,1049203983031770.0
2016-04-14,248.89,1.0,5.18,0.0213,247.01,248.9,246.76,136902838.0,4936230313682.0,1070440073295115.0
2016-04-15,248.53,2.0,-0.36,-0.0014,248.47,249.03,247.68,99584835.0,3450673285339.0,1069108692630635.0
2016-04-18,248.0,2.0,-0.53,-0.0021,246.7,248.04,246.32,82378794.0,3117755054070.0,1066498653142510.0
2016-04-19,247.88,2.0,-0.12,-0.0005,248.67,249.34,247.49,99751306.0,3226398492312.0,1066804256719220.0
2016-04-20,247.26,2.0,-0.62,-0.0025,248.63,249.56,247.26,93347676.0,3127295584368.0,1063267212003200.0
2016-04-21,249.39,1.0,2.13,0.0086,248.45,249.5,247.92,87878652.0,3469960879441.0,1072528550792230.0
2016-04-22,248.32,2.0,-1.07,-0.0043,248.44,248.86,247.74,105792344.0,2959233226027.0,1068003655640500.0
2016-04-25,248.13,2.0,-0.19,-0.0008,248.33,248.45,247.08,129122336.0,3130962396950.0,1067473489843310.0
2016-04-26,248.92,1.0,0.79,0.0032,247.81,249.22,247.7,134475130.0,3756480882787.0,1071123032983160.0
2016-04-27,248.69,2.0,-0.23,-0.0009,248.87,249.09,248.28,163101404.0,4124946176424.0,1069330843051320.0
2016-04-28,246.27,2.0,-2.42,-0.0097,249.42,249.52,245.91,108535349.0,4167972644703.0,1059967325619605.0
2016-04-29,245.2,2.0,-1.07,-0.0043,245.9,246.01,243.89,104339374.0,3839798744961.0,1056013829715870.0
2016-05-02,243.47,2.0,-1.73,-0.0070999999999999,244.86,244.88,243.27,78967792.0,2631030617633.0,1045910309373895.0
2016-05-03,244.29,1.0,0.82,0.0034,244.88,244.9,243.48,71151149.0,2741981831298.0,1049621271638830.0
2016-05-04,243.31,2.0,-0.98,-0.004,243.29,243.85,242.23,110856591.0,3945411339444.0,1044920531806630.0
2016-05-09,242.23,2.0,-1.08,-0.0044,242.84,243.11,241.63,98228242.0,4058550392776.0,1040202181543145.0
2016-05-10,243.68,1.0,1.45,0.006,241.97,243.68,241.77,114280300.0,3432662325680.0,1046526281572525.0
2016-05-11,243.07,2.0,-0.61,-0.0025,244.39,244.39,241.99,87896278.0,2988541347893.0,1043763435801410.0
2016-05-12,242.34,2.0,-0.73,-0.003,242.23,243.12,241.66,81718852.0,2556335556894.0,1041905523632655.0
2016-05-13,240.6,2.0,-1.74,-0.0072,242.61,242.73,240.03,74186891.0,2823691589488.0,1035140857605940.0
2016-05-16,240.82,1.0,0.22,0.0009,240.01,241.32,240.01,97138000.0,2778415866179.0,1036149399654720.0
2016-05-17,241.03,1.0,0.21,0.0009,241.67,241.81,240.26,71716492.0,2775422831737.0,1036825337775475.0
2016-05-18,239.82,2.0,-1.21,-0.005,240.32,240.46,238.14,103981043.0,3768905029648.0,1031201622193945.0
2016-05-19,239.04,2.0,-0.78,-0.0033,239.45,239.68,238.47,103127626.0,3357214659529.0,1026661343254540.0
2016-05-20,238.74,2.0,-0.3,-0.0013,238.67,239.59,238.23,65914081.0,2584309031558.0,1025794259392715.0
2016-05-23,239.85,1.0,1.11,0.0046,239.6,240.08,237.81,57833874.0,2311722532608.0,1029760626373445.0
2016-05-24,237.65,2.0,-2.2,-0.0092,239.28,239.48,237.65,89473009.0,2981067307874.0,1019917241523245.0
2016-05-25,240.91,1.0,3.26,0.0137,239.68,241.45,239.28,91189237.0,3230150465403.0,1033295103422920.0
2016-05-26,240.58,2.0,-0.33,-0.0014,241.56,242.05,240.45,130282391.0,3178963011533.0,1031500707428655.0
2016-05-27,241.85,1.0,1.27,0.0053,241.25,242.41,240.74,92225312.0,3078135156853.0,1037820553386025.0
2016-05-30,241.73,2.0,-0.12,-0.0005,241.94,242.07,240.41,67446141.0,2634562925725.0,1036837819263060.0
2016-05-31,243.63,1.0,1.9,0.0079,241.03,243.84,240.36,117966926.0,5939765451037.0,1044680316648720.0
2016-06-01,243.58,2.0,-0.05,-0.0002,242.7,244.19,242.48,78835300.0,3440259378124.0,1043398196516000.0
2016-06-02,244.18,1.0,0.6,0.0025,243.88,244.66,243.31,78953123.0,3511934056900.0,1044655112082860.0
2016-06-03,244.39,1.0,0.21,0.0009,244.94,244.94,243.67,86345131.0,3519585254667.0,1045261079199535.0
2016-06-07,247.85,1.0,3.46,0.0141999999999999,245.55,247.86,245.54,79435480.0,3837514151707.0,1059251998269405.0
2016-06-08,250.04,1.0,2.19,0.0088,248.24,250.04,247.68,90733415.0,3832089724943.0,1068572006404710.0
2016-06-09,250.19,1.0,0.15,0.0006,250.19,251.51,248.46,138770416.0,5351998025648.0,1068354339359610.0
2016-06-10,248.96,2.0,-1.23,-0.0049,249.86,249.86,248.63,89452694.0,3516728687411.0,1086177541017550.0
2016-06-13,244.05,2.0,-4.91,-0.0197,246.74,246.96,243.7,79114683.0,3303660584519.0,1064946920190675.0
2016-06-14,243.35,2.0,-0.7,-0.0029,243.79,244.46,242.36,107840185.0,3665021059932.0,1061240795742960.0
2016-06-15,243.3,2.0,-0.05,-0.0002,243.41,244.16,242.19,84095780.0,3513800840055.0,1059626882763670.0
2016-06-16,241.61,2.0,-1.69,-0.0069,243.66,244.0,240.52,83308155.0,3174775955595.0,1051624567164840.0
2016-06-17,241.63,1.0,0.02,0.0001,243.35,244.02,241.32,77334439.0,3076880658802.0,1052161563666995.0
2016-06-20,245.17,1.0,3.54,0.0147,244.44,245.63,243.74,75085164.0,2894593217841.0,1067316071867470.0
2016-06-21,245.34,1.0,0.17,0.0007,244.6,245.5,243.99,58402782.0,2577719925564.0,1067676097015800.0
2016-06-22,246.75,1.0,1.41,0.0056999999999999,245.17,247.03,244.79,65848526.0,2858666344205.0,1073766607596130.0
2016-06-23,246.31,2.0,-0.44,-0.0018,246.42,246.81,245.64,65983243.0,2761661533699.0,1071489470895600.0
2016-06-24,239.21,2.0,-7.1,-0.0288,248.23,248.27,234.97,190032858.0,6418662058954.0,1039901620494255.0
2016-06-27,239.28,1.0,0.07,0.0003,236.79,239.28,236.68,95450952.0,3776404241805.0,1040504275886370.0
2016-06-28,240.08,1.0,0.8,0.0033,236.78,240.46,236.73,79648635.0,3177707027365.0,1044661817371420.0
2016-06-29,242.32,1.0,2.24,0.0093,241.29,243.71,240.68,67355418.0,3140353003755.0,1054834122274305.0
2016-06-30,244.14,1.0,1.82,0.0075,244.25,244.48,242.52,75453135.0,3823962902335.0,1062563614594775.0
2016-07-01,246.52,1.0,2.38,0.0097,244.96,247.57,244.78,63045555.0,2795923495735.0,1071790742693670.0
2016-07-04,247.62,1.0,1.1,0.0045,246.66,247.94,246.16,63633389.0,2738698383727.0,1076141874556420.0
2016-07-05,246.91,2.0,-0.71,-0.0029,247.67,247.84,246.51,54810843.0,2503983570423.0,1073129034046960.0
2016-07-06,241.86,2.0,-5.05,-0.0204999999999999,245.37,245.74,240.73,71672529.0,3356962572325.0,1052530899693970.0
2016-07-07,244.6,1.0,2.74,0.0113,243.15,245.02,242.63,62210068.0,2647445053676.0,1064030703571995.0
2016-07-08,243.43,2.0,-1.17,-0.0048,244.3,245.4,242.72,62667248.0,3007515501048.0,1058358554118375.0
2016-07-11,246.99,1.0,3.56,0.0146,245.64,247.42,245.44,63842408.0,3159027128938.0,1073434292328710.0
2016-07-12,247.14,1.0,0.15,0.0006,247.36,248.35,246.62,72907798.0,3005027649068.0,1074471967534540.0
2016-07-13,249.25,1.0,2.11,0.0085,249.44,250.26,247.74,78644532.0,3415182012890.0,1082619318781705.0
2016-07-14,249.8,1.0,0.55,0.0022,248.95,249.96,248.36,67346919.0,3139434814406.0,1084971273601550.0
2016-07-15,251.02,1.0,1.22,0.0049,250.61,251.72,249.99,75735977.0,3315326645799.0,1090183105483670.0
2016-07-18,251.52,1.0,0.5,0.002,251.08,251.65,250.31,55902935.0,2556808811364.0,1092281367124965.0
2016-07-19,250.97,2.0,-0.55,-0.0022,251.64,251.76,250.08,62163969.0,2650136696471.0,1089900506677050.0
2016-07-20,250.66,2.0,-0.31,-0.0012,250.37,250.66,249.08,60017860.0,2487027243516.0,1088770580277895.0
2016-07-21,250.44,2.0,-0.22,-0.0009,251.11,251.36,249.72,63663968.0,2799137191628.0,1086943323592805.0
2016-07-22,250.04,2.0,-0.4,-0.0016,249.43,250.7,248.97,55603662.0,2700982201038.0,1085391310307950.0
2016-07-25,250.65,1.0,0.61,0.0024,250.4,251.49,249.69,68796668.0,2980726573420.0,1086787776134045.0
2016-07-26,252.72,1.0,2.07,0.0083,250.19,252.76,249.9,73285971.0,2977948307045.0,1095663497256960.0
2016-07-27,252.73,1.0,0.01,0.0,252.63,253.2,252.13,78388792.0,3402962712576.0,1094681070575870.0
2016-07-28,251.86,2.0,-0.87,-0.0034,253.27,253.34,251.0,74226019.0,3370557552473.0,1091757816182705.0
2016-07-29,251.48,2.0,-0.38,-0.0015,252.24,253.37,251.48,87035136.0,3905093333542.0,1086704189906610.0
2016-08-01,253.81,1.0,2.33,0.0093,252.91,254.02,252.81,91146023.0,3635597057359.0,1095012219059120.0
2016-08-02,251.93,2.0,-1.88,-0.0074,252.8,253.14,251.76,61749843.0,2745999378537.0,1088326775280255.0
2016-08-03,248.65,2.0,-3.28,-0.013,250.56,250.56,248.6,74698657.0,2925321621601.0,1074798665255495.0
2016-08-04,249.24,1.0,0.59,0.0024,250.22,250.34,248.65,54041478.0,2597255426057.0,1077968089682070.0
2016-08-05,252.36,1.0,3.12,0.0125,250.21,252.4,249.96,62003897.0,3040731445083.0,1089426328567870.0
2016-08-08,254.11,1.0,1.75,0.0069,253.34,254.18,252.51,64329330.0,3197844176278.0,1097291788075125.0
2016-08-09,255.85,1.0,1.74,0.0068,254.38,256.24,254.19,60354715.0,2947890557295.0,1104578466935935.0
2016-08-10,255.43,2.0,-0.42,-0.0016,255.68,256.31,255.06,66935126.0,3386971842021.0,1104315529986195.0
2016-08-11,256.18,1.0,0.75,0.0029,255.14,256.18,254.24,93471525.0,3274693206910.0,1107214642410185.0
2016-08-12,256.17,2.0,-0.01,0.0,256.86,257.88,255.7,74918344.0,3203916881691.0,1107430624147590.0
2016-08-16,256.15,2.0,-0.02,-0.0001,256.95,258.13,256.12,68324390.0,2994719141489.0,1106376366908915.0
2016-08-17,256.04,2.0,-0.11,-0.0004,255.82,256.32,254.6,63810349.0,2855886076332.0,1105350970777445.0
2016-08-18,258.11,1.0,2.07,0.0081,256.62,258.23,255.8,64012268.0,3440669809918.0,1112584957037895.0
2016-08-19,258.69,1.0,0.58,0.0022,258.42,258.84,257.54,72796872.0,3586359611679.0,1113662720125955.0
2016-08-22,257.27,2.0,-1.42,-0.0055,258.54,258.63,256.92,62921053.0,2956321434590.0,1106766842905840.0
2016-08-23,258.42,1.0,1.15,0.0045,257.57,258.63,257.09,65706769.0,3213303466391.0,1111593444988730.0
2016-08-24,257.3,2.0,-1.12,-0.0043,258.4,258.65,256.54,54461002.0,3049782962410.0,1107663776313005.0
2016-08-25,257.26,2.0,-0.04,-0.0002,256.78,257.76,256.0,58803640.0,3148345627785.0,1107534609229910.0
2016-08-26,256.23,2.0,-1.03,-0.004,256.17,256.76,255.02,68304139.0,2925672476045.0,1104165089451450.0
2016-08-29,256.49,1.0,0.26,0.001,254.93,256.66,254.45,62755206.0,2656890641690.0,1103324040010470.0
2016-08-30,257.49,1.0,1.0,0.0039,257.27,258.93,257.0,56516215.0,2505906599145.0,1107391283000600.0
2016-08-31,256.87,2.0,-0.62,-0.0024,257.21,257.49,255.9,66352050.0,3683988543418.0,1103942464727490.0
2016-09-01,256.03,2.0,-0.84,-0.0033,254.95,256.13,253.86,56098428.0,3197203075848.0,1101777062637020.0
2016-09-02,256.5,1.0,0.47,0.0018,256.16,256.73,255.57,49266149.0,2537932084743.0,1104238940735700.0
2016-09-05,259.64,1.0,3.14,0.0121999999999999,257.85,259.74,257.63,54167953.0,2668037130859.0,1116996528275260.0
2016-09-06,260.93,1.0,1.29,0.005,259.39,261.16,259.26,49969928.0,2754052621451.0,1121498834922975.0
2016-09-07,260.31,2.0,-0.62,-0.0024,261.15,262.1,260.31,68749890.0,3175155245714.0,1119135138331575.0
2016-09-08,260.86,1.0,0.55,0.0021,260.72,261.48,259.41,79382885.0,3529936959620.0,1121221789825085.0
2016-09-09,257.31,2.0,-3.55,-0.0136,258.68,258.94,256.21,70053782.0,3155573186141.0,1106640126052055.0
2016-09-12,250.53,2.0,-6.78,-0.0263,252.37,253.43,250.53,66332400.0,3440502377032.0,1080037459686635.0
2016-09-13,251.77,1.0,1.24,0.0049,253.39,253.55,251.66,74548844.0,3780830527922.0,1084216668431400.0
2016-09-19,253.93,1.0,2.16,0.0086,251.51,254.54,251.38,59750995.0,3453244766515.0,1093052878666090.0
2016-09-20,255.09,1.0,1.16,0.0046,253.86,255.23,253.33,54626775.0,2868280529303.0,1098099765722565.0
2016-09-21,256.52,1.0,1.43,0.0056,254.65,256.55,254.56,51982434.0,2584888798339.0,1103950176952315.0
2016-09-22,258.34,1.0,1.82,0.0070999999999999,258.46,259.99,258.13,59904080.0,2816821908065.0,1111318673450440.0
2016-09-23,258.37,1.0,0.03,0.0001,258.44,259.14,257.71,58392949.0,3037953240066.0,1113341282595345.0
2016-09-26,257.48,2.0,-0.89,-0.0034,258.07,259.32,256.9,43876471.0,2354289752594.0,1109404258041700.0
2016-09-27,259.57,1.0,2.09,0.0081,256.16,259.87,255.16,58684782.0,2834133399673.0,1118285850282180.0
2016-09-28,258.21,2.0,-1.36,-0.0052,259.32,259.46,257.96,59186744.0,2552567372297.0,1112503519794945.0
2016-09-29,260.35,1.0,2.14,0.0083,259.6,260.95,259.6,65365521.0,3241766780276.0,1121471841198015.0
2016-09-30,257.49,2.0,-2.86,-0.011,258.3,258.91,257.29,74918669.0,4591464672646.0,1107764935416745.0
2016-10-04,259.18,1.0,1.69,0.0066,259.51,259.74,258.55,62561271.0,3770721767402.0,1113807937770580.0
2016-10-05,258.99,2.0,-0.19,-0.0007,257.51,259.49,256.67,58014430.0,3183178390545.0,1112977196779295.0
2016-10-06,261.13,1.0,2.14,0.0083,261.6,261.68,259.65,64936064.0,4163458364282.0,1120831780517570.0
2016-10-07,260.06,2.0,-1.07,-0.0040999999999999,261.17,261.53,259.73,62369962.0,3956040065163.0,1115314228803935.0
2016-10-10,260.31,1.0,0.25,0.001,258.85,260.71,257.68,74083524.0,3724422203834.0,1115211700698070.0
2016-10-11,256.15,2.0,-4.16,-0.016,259.29,260.4,255.93,68770860.0,4181282119717.0,1099726033897760.0
2016-10-12,256.2,1.0,0.05,0.0002,254.69,256.67,254.56,62692210.0,3897086393687.0,1100731109305705.0
2016-10-13,253.93,2.0,-2.27,-0.0089,256.19,256.6,253.79,58490179.0,3332342848568.0,1090477710942575.0
2016-10-14,255.09,1.0,1.16,0.0046,254.7,255.91,254.66,61589611.0,2899710157540.0,1094745758277590.0
2016-10-17,256.19,1.0,1.1,0.0043,255.9,257.07,253.71,55157800.0,2779480319613.0,1100136641165575.0
2016-10-18,257.98,1.0,1.79,0.0069999999999999,256.17,258.04,255.99,59070925.0,2876834031124.0,1107898720872375.0
2016-10-19,258.21,1.0,0.23,0.0009,257.25,259.67,257.17,62057211.0,3047309775294.0,1108105413009860.0
2016-10-20,258.41,1.0,0.2,0.0008,258.55,259.28,257.8,60714095.0,3002143197204.0,1108884750684420.0
2016-10-21,257.26,2.0,-1.15,-0.0045,258.16,258.39,256.82,52581233.0,2532154834084.0,1104424581262725.0
2016-10-24,259.48,1.0,2.22,0.0086,257.83,259.48,257.76,53738124.0,2733285402871.0,1113927052052900.0
2016-10-25,258.57,2.0,-0.91,-0.0034999999999999,258.79,258.92,257.82,68927759.0,3878595930122.0,1108904144189235.0
2016-10-26,255.52,2.0,-3.05,-0.0118,257.73,257.73,254.13,65631185.0,3357207309683.0,1096039210723750.0
2016-10-27,256.66,1.0,1.14,0.0045,256.25,256.99,255.62,68404189.0,3416657909728.0,1100814723284765.0
2016-10-28,256.53,2.0,-0.13,-0.0005,256.45,257.3,255.89,53169497.0,3072822030912.0,1099261874516830.0
2016-10-31,255.93,2.0,-0.6,-0.0023,255.6,256.66,255.21,59124246.0,3020364387566.0,1094666310635285.0
2016-11-01,255.99,1.0,0.06,0.0002,255.35,256.3,253.51,71630176.0,3314001304748.0,1095630420186640.0
2016-11-02,252.83,2.0,-3.16,-0.0123,254.27,254.77,252.33,67054447.0,3109435458300.0,1081849344048585.0
2016-11-03,252.9,1.0,0.07,0.0003,252.44,253.74,251.72,56223937.0,2810289972145.0,1083567613177775.0
2016-11-04,252.57,2.0,-0.33,-0.0013,252.85,253.29,251.86,44617037.0,2272075099121.0,1082179014100715.0
2016-11-07,254.6,1.0,2.03,0.008,254.79,255.42,254.0,49039152.0,2363710184300.0,1090501485663185.0
2016-11-08,255.26,1.0,0.66,0.0026,256.2,256.31,254.1,46853191.0,2261438960415.0,1093698015806575.0
2016-11-09,249.67,2.0,-5.59,-0.0219,255.83,257.03,246.51,123178576.0,5377443347250.0,1070309841590165.0
2016-11-10,255.31,1.0,5.64,0.0226,253.8,255.31,252.64,119315959.0,4798890599685.0,1093893872647260.0
2016-11-11,251.99,2.0,-3.32,-0.013,252.93,253.88,251.9,101509330.0,4190182312044.0,1080477031413120.0
2016-11-14,250.01,2.0,-1.98,-0.0079,251.59,252.36,250.0,100351271.0,3569423240052.0,1073238812253780.0
2016-11-15,249.2,2.0,-0.81,-0.0032,250.39,250.93,249.18,87818072.0,3603830227326.0,1069920079579820.0
2016-11-16,250.32,1.0,1.12,0.0045,250.93,251.54,250.23,79965323.0,3494217303972.0,1075121085469985.0
2016-11-17,250.46,1.0,0.14,0.0006,249.62,250.86,248.71,67352391.0,2579326165296.0,1075684144588020.0
2016-11-18,250.21,2.0,-0.25,-0.001,250.9,251.02,249.23,78549869.0,2890926002934.0,1072942257650760.0
2016-11-21,249.51,2.0,-0.7,-0.0028,249.7,250.8,248.93,55387654.0,2540077044433.0,1069492497858480.0
2016-11-22,252.37,1.0,2.86,0.0115,250.85,252.85,250.47,62525564.0,3019881269737.0,1080124372915590.0
2016-11-23,253.66,1.0,1.29,0.0051,253.09,254.71,252.22,68300279.0,3485492017282.0,1082213298158950.0
2016-11-24,252.03,2.0,-1.63,-0.0064,253.22,253.71,251.44,53636068.0,2623871361325.0,1074387415982165.0
2016-11-25,252.26,1.0,0.23,0.0009,252.19,252.84,251.64,44610915.0,2106743184683.0,1075546994206740.0
2016-11-28,252.96,1.0,0.7,0.0028,252.46,253.63,250.87,45864117.0,2378200642134.0,1079785407597840.0
2016-11-29,252.91,2.0,-0.05,-0.0002,252.98,253.63,252.32,50824405.0,3444237326709.0,1079700298225610.0
2016-11-30,254.26,1.0,1.35,0.0053,253.2,255.0,252.86,67935831.0,4406936276525.0,1083227030061110.0
2016-12-01,254.48,1.0,0.22,0.0009,254.84,255.23,254.06,59348372.0,3209992183908.0,1084272192792810.0
2016-12-02,252.88,2.0,-1.6,-0.0063,253.93,254.22,252.06,55138585.0,2836609702659.0,1076886657655130.0
2016-12-05,252.14,2.0,-0.74,-0.0029,252.12,253.04,251.52,50360824.0,2177874869458.0,1074131832795350.0
2016-12-06,255.63,1.0,3.49,0.0138,253.88,256.27,253.85,61484818.0,3064703989249.0,1089371189868610.0
2016-12-07,256.34,1.0,0.71,0.0028,256.57,257.05,255.96,54699576.0,2887478487232.0,1090691918641875.0
2016-12-08,262.0,1.0,5.66,0.0220999999999999,258.79,262.0,258.63,74290339.0,4066091773233.0,1113759330427125.0
2016-12-09,260.91,2.0,-1.09,-0.0042,261.24,261.29,260.34,58353707.0,2936298538273.0,1109436229265255.0
2016-12-12,260.72,2.0,-0.19,-0.0007,261.59,261.69,259.89,56950418.0,2720614717520.0,1109545712132475.0
2016-12-13,261.63,1.0,0.91,0.0034999999999999,260.38,261.72,260.08,77992348.0,3061200423323.0,1114136751094090.0
2016-12-14,262.0,1.0,0.37,0.0014,262.64,262.86,261.12,55929094.0,2503848970921.0,1116753489613620.0
2016-12-15,261.45,2.0,-0.55,-0.0021,259.9,262.08,259.82,55035212.0,2420554316722.0,1115535789596835.0
2016-12-16,262.56,1.0,1.11,0.0042,261.59,262.91,261.16,60475001.0,2966409150236.0,1118493612344395.0
2016-12-19,261.93,2.0,-0.63,-0.0024,262.03,263.22,261.86,46955399.0,2145966064263.0,1115735527025965.0
2016-12-20,262.59,1.0,0.66,0.0025,262.78,263.26,262.14,51200598.0,2231068476745.0,1117862323054220.0
2016-12-21,262.1,2.0,-0.49,-0.0019,263.76,264.42,262.1,62168086.0,2549895248190.0,1115648656157595.0
2016-12-22,261.97,2.0,-0.13,-0.0005,262.71,262.92,261.66,53376423.0,2376817062691.0,1114876092761115.0
2016-12-23,261.61,2.0,-0.36,-0.0014,262.1,262.26,261.3,46535716.0,2263079615337.0,1114644922566870.0
2016-12-26,261.9,1.0,0.29,0.0011,261.83,262.27,261.36,45262568.0,1920270190425.0,1115959487289270.0
2016-12-27,262.49,1.0,0.59,0.0023,262.35,262.85,261.79,52535692.0,2140360995766.0,1118675166411320.0
2016-12-28,259.7,2.0,-2.79,-0.0106,259.65,260.59,259.52,54257286.0,2288224628871.0,1105964177531600.0
2016-12-29,260.01,1.0,0.31,0.0012,259.02,260.04,258.62,48685043.0,2298802955232.0,1106917147411705.0
2017-01-02,260.36,1.0,0.35,0.0013,259.42,261.21,258.64,36913098.0,1865849599741.0,1106997092147985.0
2017-01-03,262.97,1.0,2.61,0.01,261.55,263.0,260.72,61838711.0,2893837634982.0,1117580157318395.0
2017-01-04,263.12,1.0,0.15,0.0006,263.19,263.27,262.47,68765255.0,3001392772662.0,1117984626398040.0
2017-01-05,261.98,2.0,-1.14,-0.0043,262.88,262.94,261.64,78823343.0,3328611035594.0,1114665343270930.0
2017-01-06,263.2,1.0,1.22,0.0046999999999999,263.01,263.61,262.66,56571680.0,2541335924779.0,1118831228667865.0
2017-01-09,263.74,1.0,0.54,0.0021,263.83,264.55,263.34,59178996.0,2880966547653.0,1119540181124230.0
2017-01-10,263.73,2.0,-0.01,0.0,263.15,263.88,262.83,60748649.0,2641088642250.0,1118244085478140.0
2017-01-11,268.15,1.0,4.42,0.0168,264.24,268.91,264.18,76588092.0,3547032946773.0,1136279179673675.0
2017-01-12,269.95,1.0,1.8,0.0067,268.48,269.95,267.93,70686267.0,3226230840360.0,1143573498972875.0
2017-01-13,267.91,2.0,-2.04,-0.0076,268.34,268.68,267.66,61589373.0,2991314400598.0,1136986157333730.0
2017-01-16,266.15,2.0,-1.76,-0.0066,267.71,268.53,265.37,63875675.0,3010311082049.0,1129771001992950.0
2017-01-17,267.37,1.0,1.22,0.0046,266.65,268.53,266.33,64796636.0,2685024597659.0,1135549644463730.0
2017-01-18,267.08,2.0,-0.29,-0.0011,267.64,267.96,265.37,56660039.0,2629579829105.0,1135971684673860.0
2017-01-19,267.7,1.0,0.62,0.0023,269.3,270.01,266.39,59532818.0,3003151900499.0,1137823995699125.0
2017-01-20,266.52,2.0,-1.18,-0.0044,266.45,267.35,266.18,55384328.0,2669327046806.0,1136607124865675.0
2017-01-23,267.12,1.0,0.6,0.0023,266.77,267.84,265.53,56738408.0,2558354380536.0,1137995811290385.0
2017-01-24,267.3,1.0,0.18,0.0007,267.79,268.25,266.24,54347701.0,2743461593617.0,1138531940134210.0
2017-01-25,268.15,1.0,0.85,0.0032,268.65,269.04,267.28,63437525.0,3291481770270.0,1140070317110725.0
2017-01-26,270.48,1.0,2.33,0.0087,269.15,271.21,268.47,70097760.0,3571290477565.0,1148821891052350.0
2017-01-31,268.09,2.0,-2.39,-0.0088,269.61,270.0,268.09,69680296.0,3636560417407.0,1138934838276820.0
2017-02-01,269.56,1.0,1.47,0.0055,269.16,269.97,268.87,65867724.0,3350004451571.0,1145494391337370.0
2017-02-02,268.49,2.0,-1.07,-0.004,269.63,271.25,268.01,76734549.0,3868242774876.0,1140446269324010.0
2017-02-03,268.85,1.0,0.36,0.0013,269.1,269.62,267.37,71589138.0,3579325988152.0,1141803837114265.0
2017-02-06,269.49,1.0,0.64,0.0024,270.65,271.08,268.75,71640529.0,2983511312712.0,1144555712216600.0
2017-02-07,268.97,2.0,-0.52,-0.0019,269.52,269.68,268.51,71251793.0,3276875904494.0,1142817097485310.0
2017-02-08,267.72,2.0,-1.25,-0.0046,268.51,268.56,265.76,64572994.0,3533479603559.0,1137301559816420.0
2017-02-09,267.69,2.0,-0.03,-0.0001,267.99,268.91,267.21,72700925.0,3470745469192.0,1137535630910420.0
2017-02-10,268.66,1.0,0.97,0.0036,269.04,269.72,268.43,83141378.0,3769872878334.0,1142966848140920.0
2017-02-13,268.81,1.0,0.15,0.0006,268.48,268.85,267.88,71066151.0,3072695368686.0,1144363396169830.0
2017-02-14,267.9,2.0,-0.91,-0.0034,268.82,269.34,267.05,68621518.0,3411326468152.0,1141490324613455.0
2017-02-15,268.81,1.0,0.91,0.0034,267.64,269.47,267.06,75724901.0,3611295291065.0,1145568054480280.0
2017-02-16,268.93,1.0,0.12,0.0004,269.48,270.22,268.32,65399494.0,3210117757042.0,1144792140619860.0
2017-02-17,268.84,2.0,-0.09,-0.0003,267.6,269.02,267.6,59750742.0,3780681567916.0,1143534022300025.0
2017-02-20,269.73,1.0,0.89,0.0033,269.41,269.92,268.57,54535018.0,2488967990762.0,1146142771985895.0
2017-02-21,272.11,1.0,2.38,0.0088,269.9,273.13,269.7,61709519.0,2973030766243.0,1156100984357850.0
2017-02-22,272.85,1.0,0.74,0.0027,272.61,273.15,271.96,64581121.0,3244636955444.0,1158406729002745.0
2017-02-23,272.89,1.0,0.04,0.0001,272.61,273.18,272.18,64488761.0,3504080335955.0,1158885263775635.0
2017-02-24,270.38,2.0,-2.51,-0.0092,272.61,272.84,269.76,116666716.0,4279795208511.0,1150929575394445.0
2017-02-27,268.97,2.0,-1.41,-0.0052,270.35,270.62,268.72,81075967.0,3371652548314.0,1145971181197820.0
2017-02-28,270.06,1.0,1.09,0.0040999999999999,269.27,270.62,269.1,88888146.0,4046477192797.0,1149357016046845.0
2017-03-02,272.65,1.0,2.59,0.0096,272.14,273.34,271.35,105762247.0,5114289328517.0,1156924747045235.0
2017-03-03,269.77,2.0,-2.88,-0.0106,271.03,271.48,268.77,78076004.0,4036706881748.0,1143616505881070.0
2017-03-06,270.41,1.0,0.64,0.0024,269.07,270.74,268.36,72120004.0,3629015884884.0,1145019235760030.0
2017-03-07,271.87,1.0,1.46,0.0054,270.22,272.45,269.96,69476314.0,3052229774703.0,1152268594103770.0
2017-03-08,272.29,1.0,0.42,0.0015,271.65,273.21,271.32,68167291.0,3455465278146.0,1153199468254110.0
2017-03-09,271.62,2.0,-0.67,-0.0025,272.73,272.97,271.56,71716179.0,3569604025825.0,1150393759579565.0
2017-03-10,272.29,1.0,0.67,0.0025,271.08,273.0,270.24,67632712.0,3266066501785.0,1153039605480805.0
2017-03-13,275.41,1.0,3.12,0.0115,273.03,276.25,272.79,72075754.0,3239505858962.0,1165015919903045.0
2017-03-14,277.89,1.0,2.48,0.009,276.8,278.2,276.51,80672576.0,3928311788211.0,1175513855448555.0
2017-03-15,277.89,2.0,0.0,0.0,276.91,278.22,276.78,72419269.0,3396841381065.0,1175678590499850.0
2017-03-16,280.11,1.0,2.22,0.008,280.99,281.35,279.26,86725649.0,3815009101867.0,1184720958451225.0
2017-03-17,281.86,1.0,1.75,0.0062,280.02,281.95,279.65,86561511.0,3892151714750.0,1193294807029695.0
2017-03-20,280.75,2.0,-1.11,-0.0039,281.08,281.16,280.0,59316709.0,2964130799778.0,1188881395609005.0
2017-03-21,283.84,1.0,3.09,0.011,281.54,284.4,281.23,82816507.0,4424450501663.0,1201235006492040.0
2017-03-22,282.63,2.0,-1.21,-0.0043,281.07,282.66,280.85,89305234.0,4351699982749.0,1196310142737875.0
2017-03-23,282.81,1.0,0.18,0.0006,283.29,284.38,282.58,76370251.0,3931736496589.0,1198464005646735.0
2017-03-24,282.31,2.0,-0.5,-0.0018,282.66,284.0,281.49,71004116.0,3834194006246.0,1195701562123315.0
2017-03-27,280.36,2.0,-1.95,-0.0069,281.1,281.79,279.98,70908557.0,3657208946182.0,1188588795331290.0
2017-03-28,281.25,1.0,0.89,0.0032,281.85,282.24,280.5,62564692.0,3195522972405.0,1193245578225880.0
2017-03-29,281.86,1.0,0.61,0.0022,282.52,282.54,281.27,68195387.0,3877385456321.0,1195112707240115.0
2017-03-30,281.66,2.0,-0.2,-0.0007,282.44,283.11,280.95,58287059.0,3095291057341.0,1194153765256840.0
2017-03-31,280.64,2.0,-1.02,-0.0036,282.03,282.09,280.63,59369890.0,3112035087961.0,1191188595644015.0
2017-04-03,281.6,1.0,0.96,0.0034,281.51,282.35,280.85,56544977.0,2858771606810.0,1194769321261970.0
2017-04-04,280.92,2.0,-0.68,-0.0024,281.25,281.77,280.32,59581842.0,2946839544384.0,1191670238557715.0
2017-04-05,280.74,2.0,-0.18,-0.0006,280.99,281.36,278.76,72393402.0,3330415973020.0,1190581843257990.0
2017-04-06,279.47,2.0,-1.27,-0.0045,279.57,279.81,278.2,56812702.0,2822200201082.0,1185546774214950.0
2017-04-07,279.01,2.0,-0.46,-0.0016,279.64,279.82,277.63,65058927.0,3005078542167.0,1184443741747535.0
2017-04-10,277.21,2.0,-1.8,-0.0065,278.69,278.69,276.5,59920338.0,2635239580020.0,1175491042833385.0
2017-04-11,275.49,2.0,-1.72,-0.0062,276.55,277.46,275.01,59390435.0,2796799509961.0,1168920062352140.0
2017-04-12,276.21,1.0,0.72,0.0026,276.11,276.43,275.28,57613345.0,2739490821873.0,1171738290626950.0
2017-04-13,279.12,1.0,2.91,0.0105,276.38,279.12,275.66,74096570.0,3466707770644.0,1183379442840470.0
2017-04-14,277.31,2.0,-1.81,-0.0065,277.59,278.14,276.12,44577916.0,2142152920288.0,1175793556050780.0
2017-04-17,278.1,1.0,0.79,0.0028,278.06,279.06,277.49,47713679.0,2370882093420.0,1180366269202520.0
2017-04-18,278.23,1.0,0.13,0.0005,279.36,279.42,277.05,54714303.0,2673853297531.0,1180982687550675.0
2017-04-19,276.49,2.0,-1.74,-0.0063,277.66,278.07,275.97,65259961.0,3291528491196.0,1174709569008810.0
2017-04-20,277.76,1.0,1.27,0.0046,276.32,278.04,275.75,69505228.0,3983707731483.0,1181257097865175.0
2017-04-21,280.05,1.0,2.29,0.0081999999999999,279.44,280.89,278.8,60449939.0,3640332873920.0,1188718194124895.0
2017-04-24,281.96,1.0,1.91,0.0068,281.66,282.04,280.81,68129347.0,3004659290541.0,1195183748636950.0
2017-04-25,285.41,1.0,3.45,0.0121999999999999,282.17,285.47,282.0,76977206.0,4030219621724.0,1208214739954310.0
2017-04-26,286.78,1.0,1.37,0.0048,286.04,287.22,285.79,84108088.0,4215145671269.0,1214348095602525.0
2017-04-27,287.34,1.0,0.56,0.002,285.8,287.76,285.52,83543761.0,4866320024649.0,1215760412239190.0
2017-04-28,287.21,2.0,-0.13,-0.0005,288.51,289.02,286.76,78761769.0,4560138138224.0,1214235293508765.0
2017-05-02,289.65,1.0,2.44,0.0085,288.6,291.12,288.39,69806537.0,3701778827984.0,1223214323374015.0
2017-05-04,292.47,1.0,2.82,0.0097,290.53,292.47,290.53,65038449.0,3546391393710.0,1235315844292895.0
2017-05-08,299.86,1.0,7.39,0.0253,292.95,299.86,292.66,102035695.0,5504366533365.0,1266356436050050.0
2017-05-10,296.19,2.0,-3.67,-0.0121999999999999,299.81,304.26,295.53,128100790.0,7090216099536.0,1250415869167055.0
2017-05-11,299.75,1.0,3.56,0.012,297.25,300.22,296.35,111189592.0,6146382407734.0,1268153361908910.0
2017-05-12,298.25,2.0,-1.5,-0.005,299.78,300.1,297.84,74390373.0,4024927661163.0,1262070638763460.0
2017-05-15,298.87,1.0,0.62,0.0021,298.54,299.84,297.51,58674063.0,3175292119949.0,1264872758189735.0
2017-05-16,299.67,1.0,0.8,0.0027,301.25,301.65,298.05,97285311.0,4728249025339.0,1268200244262480.0
2017-05-17,299.34,2.0,-0.33,-0.0011,299.02,299.95,297.9,77839180.0,3813702220278.0,1267241095136775.0
2017-05-18,298.47,2.0,-0.87,-0.0029,296.34,298.78,295.66,83316998.0,4109496744043.0,1263529704573880.0
2017-05-19,298.08,2.0,-0.39,-0.0013,298.26,299.1,297.44,74781456.0,4399637291383.0,1263954422130370.0
2017-05-22,300.63,1.0,2.55,0.0086,299.76,300.7,298.98,71066311.0,4423982378271.0,1273743232905755.0
2017-05-23,301.36,1.0,0.73,0.0024,301.44,303.7,300.41,76648597.0,4238907893213.0,1256788782140475.0
2017-05-24,301.71,1.0,0.35,0.0012,302.32,302.79,301.23,111991199.0,4181738161733.0,1258810122642195.0
2017-05-25,305.22,1.0,3.51,0.0116,302.83,305.34,302.18,100091464.0,4643095281047.0,1273549217155570.0
2017-05-26,306.96,1.0,1.74,0.0056999999999999,305.41,308.51,305.07,98095084.0,4626936418970.0,1280116190959210.0
2017-05-29,306.52,2.0,-0.44,-0.0014,307.98,309.32,305.13,105979749.0,4119367978723.0,1279391655247630.0
2017-05-30,304.59,2.0,-1.93,-0.0063,306.89,306.99,303.11,94122923.0,3968559582728.0,1272470381738175.0
2017-05-31,304.67,1.0,0.08,0.0003,303.79,306.18,303.64,114684218.0,5769616075756.0,1273148757305420.0
2017-06-01,304.03,2.0,-0.64,-0.0021,304.74,305.3,302.99,77246409.0,3827520109606.0,1271016778356350.0
2017-06-02,307.83,1.0,3.8,0.0125,305.34,308.01,305.27,94028198.0,4466469343282.0,1285820513353265.0
2017-06-05,307.33,2.0,-0.5,-0.0016,308.52,308.59,306.79,76116505.0,3689379635448.0,1283522371842705.0
2017-06-07,305.68,2.0,-1.65,-0.0054,306.94,307.59,305.42,87994842.0,4502015378494.0,1277235097061695.0
2017-06-08,306.25,1.0,0.57,0.0019,305.7,306.87,304.17,126075318.0,5920742834949.0,1280550324872185.0
2017-06-09,309.38,1.0,3.13,0.0102,307.51,310.02,307.17,118710845.0,5543439126906.0,1332220834624650.0
2017-06-12,306.24,2.0,-3.14,-0.0101,307.74,308.31,305.59,95851668.0,4656924479869.0,1318460257557190.0
2017-06-13,308.02,1.0,1.78,0.0058,306.25,308.29,306.25,94388271.0,4408346559037.0,1327830417459580.0
2017-06-14,307.95,2.0,-0.07,-0.0002,309.53,310.05,307.03,113446691.0,5291755069722.0,1326062344538705.0
2017-06-15,306.69,2.0,-1.26,-0.0040999999999999,308.02,308.83,305.04,95414968.0,4625017221360.0,1319878082029395.0
2017-06-16,306.79,1.0,0.1,0.0003,306.97,307.4,305.82,87835200.0,4725309999146.0,1320147114116145.0
2017-06-19,308.61,1.0,1.82,0.0059,307.14,309.29,306.19,87803667.0,4292948678945.0,1325692729763035.0
2017-06-20,309.31,1.0,0.7,0.0023,310.55,310.63,308.72,122387584.0,5779857996548.0,1325623249355265.0
2017-06-21,307.52,2.0,-1.79,-0.0058,307.61,308.0,306.13,100934522.0,5255532671796.0,1319174374355985.0
2017-06-22,309.47,1.0,1.95,0.0063,308.6,309.47,307.28,88484411.0,5648665657717.0,1327541903241625.0
2017-06-23,310.26,1.0,0.79,0.0026,309.36,310.58,308.96,81460822.0,4880608456865.0,1331793342560020.0
2017-06-26,311.89,1.0,1.63,0.0053,310.53,312.22,310.13,71899575.0,4169265405501.0,1338493148364740.0
2017-06-27,312.12,1.0,0.23,0.0007,311.72,312.95,311.05,131745542.0,5529692522547.0,1339945643529240.0
2017-06-28,310.84,2.0,-1.28,-0.0040999999999999,310.71,312.03,310.47,94923309.0,4998786017186.0,1334460069795825.0
2017-06-29,312.56,1.0,1.72,0.0055,312.86,313.79,312.26,103106398.0,4508043625118.0,1341807900500780.0
2017-06-30,311.76,2.0,-0.8,-0.0026,310.61,311.76,310.17,73223855.0,4225147805607.0,1339025178879285.0
2017-07-03,312.39,1.0,0.63,0.002,312.5,312.93,310.85,71751189.0,3900279448225.0,1341377137672185.0
2017-07-04,310.46,2.0,-1.93,-0.0062,312.42,312.82,309.78,89184202.0,3887904035617.0,1333881835666435.0
2017-07-05,311.77,1.0,1.31,0.0042,309.87,312.1,309.64,68312133.0,3842856737633.0,1338273489327310.0
2017-07-06,311.88,1.0,0.11,0.0004,312.17,312.5,310.76,73586251.0,4034016703868.0,1337740522493755.0
2017-07-07,310.66,2.0,-1.22,-0.0039,310.17,311.45,309.62,87671047.0,4571904238144.0,1329213585212765.0
2017-07-10,311.46,1.0,0.8,0.0026,311.65,312.41,310.72,78671662.0,4046085444637.0,1334512530234970.0
2017-07-11,313.59,1.0,2.13,0.0068,312.04,313.7,311.5,85934694.0,4011831099383.0,1342624458250680.0
2017-07-12,313.58,2.0,-0.01,0.0,313.5,314.3,313.21,89115637.0,4345038802843.0,1340998793681200.0
2017-07-13,316.35,1.0,2.77,0.0088,315.46,318.4,315.03,94915778.0,5140028204848.0,1351566358784185.0
2017-07-14,317.35,1.0,1.0,0.0032,317.7,318.29,316.81,103194905.0,4350949240541.0,1355018167226915.0
2017-07-17,318.52,1.0,1.17,0.0037,319.22,319.45,317.86,74535407.0,3956107361590.0,1359770453000345.0
2017-07-18,318.65,1.0,0.13,0.0004,318.38,318.66,317.59,80887404.0,3703523330434.0,1360047678859595.0
2017-07-19,318.91,1.0,0.26,0.0008,319.15,319.15,317.52,77075918.0,4089738540956.0,1362161188082100.0
2017-07-20,320.61,1.0,1.7,0.0053,319.68,320.99,318.67,81103749.0,4321284297954.0,1369002128816160.0
2017-07-21,321.79,1.0,1.18,0.0037,320.17,322.01,320.0,81102212.0,4191060011473.0,1373666227826050.0
2017-07-24,322.01,1.0,0.22,0.0007,321.74,322.01,320.82,71711973.0,3680032962481.0,1374958086678035.0
2017-07-25,320.15,2.0,-1.86,-0.0058,321.7,322.16,319.72,82694588.0,4409107020732.0,1368676981797445.0
2017-07-26,319.46,2.0,-0.69,-0.0022,320.86,320.9,318.68,96654810.0,5283667421831.0,1365826484143005.0
2017-07-27,320.51,1.0,1.05,0.0033,320.63,321.46,319.51,75487143.0,4276044809860.0,1370736602700235.0
2017-07-28,314.13,2.0,-6.38,-0.0199,319.01,319.18,313.72,100379903.0,5777687016973.0,1346070037591910.0
2017-07-31,314.6,1.0,0.47,0.0015,312.73,314.81,312.2,82978153.0,4358661971770.0,1346389438671855.0
2017-08-01,317.04,1.0,2.44,0.0078,313.58,318.58,313.19,81842515.0,4303444539531.0,1357196724581115.0
2017-08-02,317.69,1.0,0.65,0.0021,318.58,318.86,317.17,94041237.0,4201632570722.0,1357504241813810.0
2017-08-03,312.29,2.0,-5.4,-0.017,316.95,317.02,310.22,112323353.0,5304688528206.0,1334558823995525.0
2017-08-04,313.46,1.0,1.17,0.0037,312.8,314.14,311.89,79345689.0,4111330293008.0,1340017883975695.0
2017-08-07,313.96,1.0,0.5,0.0016,314.34,315.75,313.24,68357456.0,3562379220222.0,1341636724647135.0
2017-08-08,313.4,2.0,-0.56,-0.0018,314.94,315.66,311.99,71588473.0,3666878727665.0,1338812752148700.0
2017-08-09,309.52,2.0,-3.88,-0.0124,311.2,312.34,309.18,73811324.0,3802938704545.0,1323776360345785.0
2017-08-10,308.37,2.0,-1.15,-0.0037,308.3,309.78,305.73,105187032.0,5202078299618.0,1319199144150405.0
2017-08-11,302.72,2.0,-5.65,-0.0183,303.37,304.96,301.32,96750588.0,5160368030587.0,1296563732939165.0
2017-08-14,304.93,1.0,2.21,0.0073,304.99,305.84,303.75,68089765.0,3779420441647.0,1307341200131255.0
2017-08-16,307.16,1.0,2.23,0.0073,308.27,308.66,306.59,89402156.0,5022495097405.0,1315345624727195.0
2017-08-17,309.02,1.0,1.86,0.0060999999999999,307.85,309.58,307.16,99260891.0,3740044959407.0,1322753287421875.0
2017-08-18,308.39,2.0,-0.63,-0.002,305.91,309.08,305.9,77615713.0,3369481032122.0,1320805140581905.0
2017-08-21,308.14,2.0,-0.25,-0.0008,309.09,309.09,307.56,62873236.0,3028510658956.0,1319266576231540.0
2017-08-22,309.34,1.0,1.2,0.0039,308.66,309.93,308.5,63192141.0,3070649428736.0,1325014409006155.0
2017-08-23,309.71,1.0,0.37,0.0012,311.02,311.52,308.85,62660515.0,3205871980477.0,1325803419556455.0
2017-08-24,310.73,1.0,1.02,0.0033,310.14,311.73,309.72,72198296.0,3744399219094.0,1331582570221090.0
2017-08-25,311.21,1.0,0.48,0.0015,311.56,312.16,310.24,73859701.0,3662322151911.0,1332871125278425.0
2017-08-28,309.53,2.0,-1.68,-0.0054,310.69,311.79,308.89,63867035.0,3210055847361.0,1327349065534200.0
2017-08-29,308.64,2.0,-0.89,-0.0029,307.46,308.64,304.24,65554242.0,3445292081432.0,1323831396648940.0
2017-08-30,309.65,1.0,1.01,0.0033,309.08,309.65,308.45,59533620.0,3451742776832.0,1328097471284700.0
2017-08-31,308.28,2.0,-1.37,-0.0044,309.77,310.33,307.14,99272919.0,4371104132993.0,1321900436891980.0
2017-09-01,307.78,2.0,-0.5,-0.0016,308.85,309.43,306.82,75664939.0,3862823650911.0,1318737915008570.0
2017-09-04,304.19,2.0,-3.59,-0.0116999999999999,302.52,306.38,302.45,67728884.0,3434817486588.0,1303188999854555.0
2017-09-05,304.06,2.0,-0.13,-0.0004,305.64,305.66,303.06,75190110.0,3862075783184.0,1302165051375340.0
2017-09-06,303.18,2.0,-0.88,-0.0029,303.62,303.85,302.41,91537909.0,4350192849941.0,1298425342019460.0
2017-09-07,306.97,1.0,3.79,0.0125,304.4,307.56,304.36,80368098.0,3848102302363.0,1313734563712085.0
2017-09-08,307.43,1.0,0.46,0.0015,307.68,308.1,306.63,69035548.0,3757208132138.0,1313768294595625.0
2017-09-11,309.83,1.0,2.4,0.0078,309.06,311.26,308.95,81058065.0,3981428177595.0,1323310770005760.0
2017-09-12,310.42,1.0,0.59,0.0019,311.7,311.78,309.53,70412925.0,3755631811743.0,1326413933751830.0
2017-09-13,310.0,2.0,-0.42,-0.0014,311.16,312.24,309.76,86743767.0,4592953998402.0,1323642216809425.0
2017-09-14,312.52,1.0,2.52,0.0081,310.82,312.52,309.75,132258809.0,5441369368074.0,1334353813618495.0
2017-09-15,313.69,1.0,1.17,0.0037,311.19,313.69,310.82,92788509.0,5218226371873.0,1347714719765640.0
2017-09-18,318.93,1.0,5.24,0.0167,314.31,318.93,314.17,77353516.0,4339807764038.0,1367640371511760.0
2017-09-19,318.51,2.0,-0.42,-0.0013,319.04,319.45,318.03,89265871.0,4453909356371.0,1366785008223840.0
2017-09-20,318.48,2.0,-0.03,-0.0001,319.1,320.4,317.19,93158499.0,4725764747922.0,1365387656774715.0
2017-09-21,318.25,2.0,-0.23,-0.0007,318.38,319.23,317.4,92117705.0,4788179812346.0,1362955312124790.0
2017-09-22,316.71,2.0,-1.54,-0.0048,318.06,319.15,315.47,91114385.0,5079817066442.0,1353975501193245.0
2017-09-25,316.4,2.0,-0.31,-0.001,316.81,317.35,315.3,78658264.0,3986503652476.0,1351434126442640.0
2017-09-26,314.29,2.0,-2.11,-0.0067,314.96,315.68,313.68,85806558.0,5059062765312.0,1346625663704615.0
2017-09-27,313.82,2.0,-0.47,-0.0015,314.73,314.73,313.32,66673270.0,3878777344869.0,1345174508760355.0
2017-09-28,313.85,1.0,0.03,0.0001,314.32,315.17,312.88,70539657.0,4014682387427.0,1344739929952940.0
2017-09-29,316.27,1.0,2.42,0.0077,314.6,316.45,314.6,63212819.0,3942332277837.0,1356680366440295.0
2017-10-10,322.49,1.0,6.22,0.0197,321.29,324.0,320.57,99579460.0,6696477250165.0,1381601094396545.0
2017-10-11,326.12,1.0,3.63,0.0113,323.97,326.2,323.43,86127576.0,5308125671841.0,1395918798287380.0
2017-10-12,328.11,1.0,1.99,0.0060999999999999,326.58,328.11,325.96,98833956.0,5505867078538.0,1405915643113125.0
2017-10-13,327.35,2.0,-0.76,-0.0023,327.7,328.44,326.65,100703167.0,5976336117190.0,1406164760355950.0
2017-10-16,327.82,1.0,0.47,0.0014,328.57,329.42,326.99,85193431.0,5243513341722.0,1410007239089225.0
2017-10-17,328.51,1.0,0.69,0.0021,328.69,329.21,327.84,76864867.0,4456197492170.0,1412695911593365.0
2017-10-18,328.4,2.0,-0.11,-0.0003,328.06,329.43,327.13,75593716.0,4838133908848.0,1412061449782965.0
2017-10-19,326.47,2.0,-1.93,-0.0059,328.67,329.34,326.04,90044307.0,5844648236747.0,1405590148842335.0
2017-10-20,328.89,1.0,2.42,0.0074,327.08,328.89,327.02,99616734.0,4811962825188.0,1415385606907835.0
2017-10-23,329.45,1.0,0.56,0.0017,330.24,330.55,328.5,75013146.0,3964089821601.0,1415681082837640.0
2017-10-24,328.96,2.0,-0.49,-0.0015,329.34,330.12,328.91,70814509.0,3814863366273.0,1415494763398860.0
2017-10-25,329.31,1.0,0.35,0.0011,329.75,330.05,327.84,83839076.0,4076001898485.0,1416180108805345.0
2017-10-26,326.99,2.0,-2.32,-0.0069999999999999,328.63,329.65,326.99,99449481.0,5830162510812.0,1408608321570695.0
2017-10-27,329.23,1.0,2.24,0.0069,327.5,329.75,326.62,90502528.0,5186494788997.0,1417691545829445.0
2017-10-30,330.38,1.0,1.15,0.0034999999999999,331.72,331.72,329.62,90392456.0,5737414310921.0,1420850694186475.0
2017-10-31,333.57,1.0,3.19,0.0097,330.05,334.4,329.66,97634681.0,6234497042555.0,1434067202612060.0
2017-11-01,338.76,1.0,5.19,0.0156,335.67,338.76,335.6,93840159.0,6268921749341.0,1454874441112425.0
2017-11-02,337.53,2.0,-1.23,-0.0036,339.33,339.59,336.83,86219221.0,4743178222815.0,1448931934389815.0
2017-11-03,338.83,1.0,1.3,0.0039,339.08,339.12,336.16,75755995.0,4313773291422.0,1453951804882275.0
2017-11-06,337.4,2.0,-1.43,-0.0042,338.66,339.01,334.53,77983014.0,4375053479306.0,1448758557657640.0
2017-11-07,336.76,2.0,-0.64,-0.0019,337.23,338.35,336.0,114245452.0,4772268101923.0,1445900390940375.0
2017-11-08,337.8,1.0,1.04,0.0031,335.2,338.9,335.02,114008667.0,4603473031337.0,1449826868582520.0
2017-11-09,337.14,2.0,-0.66,-0.002,338.55,338.59,334.99,108972254.0,5742598762293.0,1448016402540055.0
2017-11-10,335.96,2.0,-1.18,-0.0034999999999999,335.64,336.69,334.63,86246292.0,4298247634462.0,1443186160259295.0
2017-11-13,334.33,2.0,-1.63,-0.0049,336.63,337.34,333.73,91507408.0,5045467255450.0,1435251000438910.0
2017-11-14,333.62,2.0,-0.71,-0.0021,334.63,334.73,333.13,94187998.0,4767107625951.0,1432598747447015.0
2017-11-15,332.17,2.0,-1.45,-0.0043,333.39,333.6,331.36,112556915.0,5612815301377.0,1428277737655455.0
2017-11-16,334.36,1.0,2.19,0.0066,332.75,334.92,331.84,82133725.0,4299695988858.0,1437247548871285.0
2017-11-17,334.18,2.0,-0.18,-0.0005,336.05,338.04,334.18,92925135.0,5109579186620.0,1436307513207290.0
2017-11-20,332.92,2.0,-1.26,-0.0038,334.43,335.18,332.26,76767515.0,4366587250714.0,1431347392198580.0
2017-11-21,333.51,1.0,0.59,0.0018,333.78,334.92,332.7,123280202.0,5328132986233.0,1433482593901790.0
2017-11-22,335.49,1.0,1.98,0.0059,335.93,337.05,334.62,114422106.0,5631658882909.0,1439647317017320.0
2017-11-23,334.51,2.0,-0.98,-0.0029,335.66,335.89,333.99,71015884.0,3542189526854.0,1436501424807660.0
2017-11-24,335.44,1.0,0.93,0.0028,334.77,335.44,333.86,73264290.0,3240654233821.0,1440451695656125.0
2017-11-27,329.53,2.0,-5.91,-0.0176,335.24,335.61,329.47,91207728.0,5051998137445.0,1417601491817910.0
2017-11-28,330.99,1.0,1.46,0.0044,330.19,331.58,328.51,93026253.0,4971143235249.0,1422055124863200.0
2017-11-29,330.68,2.0,-0.31,-0.0009,331.41,332.22,330.04,67852315.0,3906430409257.0,1420924391546145.0
2017-11-30,325.25,2.0,-5.43,-0.0163999999999999,328.45,329.55,324.82,121247727.0,7818042818452.0,1398292675192410.0
2017-12-01,324.78,2.0,-0.47,-0.0014,326.85,326.85,324.5,82199536.0,4572000493507.0,1397961037491530.0
2017-12-04,328.77,1.0,3.99,0.0123,326.31,328.77,324.88,91082609.0,4583920367963.0,1414455233748600.0
2017-12-05,329.61,1.0,0.84,0.0026,326.77,330.17,326.34,97569907.0,4296909571016.0,1418601116247400.0
2017-12-06,324.52,2.0,-5.09,-0.0154,329.48,329.51,324.52,129647868.0,4700538225592.0,1397045334074890.0
2017-12-07,323.59,2.0,-0.93,-0.0029,325.31,325.53,322.39,128719433.0,4874456398164.0,1392516364145845.0
2017-12-08,324.68,1.0,1.09,0.0034,324.84,325.38,323.42,125459527.0,4135934800605.0,1392307254729910.0
2017-12-11,325.09,1.0,0.41,0.0013,325.13,325.4,323.34,90620838.0,3722365705237.0,1399568906125225.0
2017-12-12,324.07,2.0,-1.02,-0.0031,325.15,325.26,323.27,91125283.0,4039764211083.0,1394067214187330.0
2017-12-13,326.18,1.0,2.11,0.0065,324.14,326.58,323.13,90539672.0,4182221522775.0,1405237663502935.0
2017-12-14,324.74,2.0,-1.44,-0.0044,327.0,331.22,324.74,134155182.0,7272529973656.0,1398150282775565.0
2017-12-15,326.23,1.0,1.49,0.0046,327.39,328.34,325.36,128652626.0,4878527064241.0,1405849427898625.0
2017-12-18,326.6,1.0,0.37,0.0011,327.09,327.16,325.64,103730896.0,3593469759174.0,1406408775747340.0
2017-12-19,326.76,1.0,0.16,0.0005,327.62,329.43,325.82,86085462.0,4205242935363.0,1405614319080270.0
2017-12-20,325.79,2.0,-0.97,-0.003,326.2,327.51,325.55,66251852.0,3727956598415.0,1402329249456150.0
2017-12-21,319.72,2.0,-6.07,-0.0186,325.82,325.88,319.72,86541346.0,4507851681486.0,1377043146794080.0
2017-12-22,321.21,1.0,1.49,0.0046999999999999,320.86,321.89,319.55,81169545.0,3914488598346.0,1382722712877235.0
2017-12-26,318.89,2.0,-2.32,-0.0072,322.14,323.43,318.89,87522605.0,4721094978690.0,1374770757674485.0
2017-12-27,320.25,1.0,1.36,0.0043,318.18,320.25,316.9,74283096.0,4023741701524.0,1379639830446335.0
2017-12-28,324.74,1.0,4.49,0.0139999999999999,320.63,324.74,320.34,68940395.0,3382317505504.0,1397907314288555.0
2018-01-02,326.0,1.0,1.26,0.0039,325.73,326.45,324.3,70743522.0,3696938947310.0,1404095469835810.0
2018-01-03,327.13,1.0,1.13,0.0034999999999999,327.13,328.37,326.56,109848429.0,4684188040857.0,1407647304383995.0
2018-01-04,324.58,2.0,-2.55,-0.0078,329.52,329.52,324.58,106564749.0,5672704382845.0,1396461293869855.0
2018-01-05,328.97,1.0,4.39,0.0135,326.06,329.03,325.78,96164059.0,4876293484694.0,1412870728164375.0
2018-01-08,331.28,1.0,2.31,0.0069999999999999,330.83,331.65,328.47,88480267.0,5119132468670.0,1424437858427550.0
2018-01-09,330.25,2.0,-1.03,-0.0031,330.67,332.7,328.53,100983981.0,5782221228526.0,1422983737262555.0
2018-01-10,327.61,2.0,-2.64,-0.008,330.87,330.97,327.07,140728353.0,6932605706198.0,1414797887385730.0
2018-01-11,325.67,2.0,-1.94,-0.0059,326.92,327.98,325.07,120937660.0,6069708598483.0,1405429263823275.0
2018-01-12,326.72,1.0,1.05,0.0032,327.34,327.5,324.22,143376639.0,7230028153840.0,1410526099749390.0
2018-01-15,327.39,1.0,0.67,0.0021,328.57,328.94,326.21,98449639.0,4606554901242.0,1414074677247875.0
2018-01-16,330.02,1.0,2.63,0.008,327.44,330.5,326.65,107815819.0,5264950740754.0,1424522942779050.0
2018-01-17,329.19,2.0,-0.83,-0.0025,329.31,330.21,328.03,95197163.0,4888699784862.0,1420446925606830.0
2018-01-18,329.13,2.0,-0.06,-0.0002,331.03,331.88,328.77,94897476.0,5090818410244.0,1419577648525815.0
2018-01-19,329.52,1.0,0.39,0.0012,329.81,330.55,328.51,94693624.0,4704660816767.0,1421625672085050.0
2018-01-22,326.27,2.0,-3.25,-0.0098999999999999,328.78,328.84,324.56,80821473.0,4661310148889.0,1409777788832385.0
2018-01-23,330.93,1.0,4.66,0.0143,327.42,330.93,327.17,102543043.0,5157944203365.0,1429932674007690.0
2018-01-24,330.91,2.0,-0.02,-0.0001,330.37,332.44,329.86,89710389.0,4997151797348.0,1429778867392680.0
2018-01-25,334.08,1.0,3.17,0.0096,330.67,334.5,330.6,124683283.0,5700828530578.0,1442844598844185.0
2018-01-26,335.38,1.0,1.3,0.0039,333.75,335.38,332.51,112866799.0,5884213779499.0,1448851150715025.0
2018-01-29,338.05,1.0,2.67,0.008,337.28,339.27,337.05,121234328.0,5917987438499.0,1461734313346550.0
2018-01-30,333.4,2.0,-4.65,-0.0138,336.62,337.88,333.4,109651135.0,5931311549926.0,1442586422939785.0
2018-01-31,333.38,2.0,-0.02,-0.0001,332.38,338.48,331.65,113798703.0,8884895388505.0,1441797403935160.0
2018-02-01,333.36,2.0,-0.02,-0.0001,335.06,335.66,332.93,92493025.0,5953451583993.0,1443208457463360.0
2018-02-02,327.01,2.0,-6.35,-0.019,332.69,332.69,326.3,100573692.0,6408709919865.0,1417450397129950.0
2018-02-05,323.29,2.0,-3.72,-0.0113999999999999,322.05,324.64,320.6,101936202.0,6168728067747.0,1400044416108470.0
2018-02-06,318.01,2.0,-5.28,-0.0163,316.62,319.15,312.62,126683154.0,6854096008937.0,1377437023527260.0
2018-02-07,310.48,2.0,-7.53,-0.0237,322.06,322.1,310.47,106916193.0,6252780309871.0,1344909701656465.0
2018-02-08,311.62,1.0,1.14,0.0037,310.84,314.24,309.95,111638307.0,5905890951276.0,1347972854808195.0
2018-02-09,304.83,2.0,-6.79,-0.0218,303.54,306.34,303.47,103308860.0,5512310921604.0,1319969227979100.0
2018-02-12,308.13,1.0,3.3,0.0108,306.91,309.65,305.17,84613588.0,4303749220930.0,1332027236886155.0
2018-02-13,310.87,1.0,2.74,0.0089,310.45,314.15,309.23,86757409.0,5052463198110.0,1341625269517900.0
2018-02-14,314.4,1.0,3.53,0.0113999999999999,313.33,315.53,312.81,69232691.0,4149119110998.0,1355676502116060.0
2018-02-19,316.61,1.0,2.21,0.0069999999999999,318.42,318.8,314.51,70084091.0,4078959743687.0,1365877366247890.0
2018-02-20,312.83,2.0,-3.78,-0.0118999999999999,315.19,315.73,312.2,56031782.0,2967903679399.0,1350259635042455.0
2018-02-21,314.47,1.0,1.64,0.0052,313.14,314.95,310.99,61420889.0,3764450559063.0,1357921540127125.0
2018-02-22,312.17,2.0,-2.3,-0.0073,312.72,313.49,311.13,65201706.0,3251475776057.0,1349034102772795.0
2018-02-23,316.81,1.0,4.64,0.0149,313.89,316.81,313.89,74326791.0,3719487099366.0,1370017119215655.0
2018-02-26,317.34,1.0,0.53,0.0017,318.49,318.6,316.12,86345770.0,4003107100180.0,1373184512472610.0
2018-02-27,316.83,2.0,-0.51,-0.0016,319.52,320.71,316.83,69195047.0,3777421346195.0,1369933776397685.0
2018-02-28,312.86,2.0,-3.97,-0.0125,315.89,317.42,312.75,94901084.0,4933486017674.0,1353122736719940.0
2018-03-02,308.35,2.0,-4.51,-0.0144,310.11,310.42,306.88,83585114.0,4092223914284.0,1335205397415940.0
2018-03-05,304.58,2.0,-3.77,-0.0121999999999999,308.39,308.79,304.46,66486940.0,3451553812164.0,1319702607602995.0
2018-03-06,310.46,1.0,5.88,0.0192999999999999,308.15,310.65,306.95,87806119.0,4533913722593.0,1342035261159030.0
2018-03-07,311.14,1.0,0.68,0.0022,311.57,314.11,309.11,97307265.0,4928516947187.0,1342468216809310.0
2018-03-08,314.78,1.0,3.64,0.0116999999999999,313.62,314.78,311.04,92592366.0,5046134101187.0,1357584956315160.0
2018-03-09,317.67,1.0,2.89,0.0092,316.06,320.47,314.87,108412925.0,6916213129444.0,1415540265804305.0
2018-03-12,320.7,1.0,3.03,0.0095,321.32,321.86,319.69,93547167.0,5082724733785.0,1429157340908040.0
2018-03-13,322.98,1.0,2.28,0.0070999999999999,320.98,322.98,320.37,96756675.0,6428334212083.0,1436782841048265.0
2018-03-14,321.99,2.0,-0.99,-0.0031,320.72,322.27,320.39,76075102.0,4848382595776.0,1432227055429215.0
2018-03-15,322.74,1.0,0.75,0.0023,322.06,323.44,319.76,70221874.0,4399708565866.0,1435672084935840.0
2018-03-16,322.88,1.0,0.14,0.0004,322.94,323.42,320.3,75856708.0,4896884586195.0,1436371636700120.0
2018-03-19,320.35,2.0,-2.53,-0.0078,322.57,322.8,319.72,73051142.0,3924348149248.0,1425172400940100.0
2018-03-20,321.79,1.0,1.44,0.0045,317.79,321.8,317.66,65015460.0,3816578254530.0,1431332803739000.0
2018-03-21,321.6,2.0,-0.19,-0.0006,322.19,322.85,321.46,72017719.0,3986168595990.0,1431105317958430.0
2018-03-22,323.32,1.0,1.72,0.0053,322.97,324.72,321.8,91616742.0,4598417209385.0,1438261353833725.0
2018-03-23,312.42,2.0,-10.9,-0.0337,316.6,317.13,311.78,102460781.0,5671106560859.0,1391951072101940.0
2018-03-26,314.89,1.0,2.47,0.0079,311.93,314.89,309.85,82453842.0,4443560071792.0,1404241158541320.0
2018-03-27,316.34,1.0,1.45,0.0046,317.22,317.39,315.24,86172586.0,4820883424696.0,1413983860585185.0
2018-03-28,311.81,2.0,-4.53,-0.0143,312.54,313.06,310.35,95208146.0,5789953178110.0,1394547361080760.0
2018-03-29,313.82,1.0,2.01,0.0064,312.03,314.45,310.8,85494465.0,5569632559635.0,1404376441312340.0
2018-03-30,314.61,1.0,0.79,0.0025,316.19,316.92,314.59,111256198.0,4472189548599.0,1408629659884020.0
2018-04-02,314.0,2.0,-0.61,-0.0019,315.56,317.07,313.62,85963494.0,4400454489396.0,1407880247344240.0
2018-04-03,313.38,2.0,-0.62,-0.002,311.03,313.38,309.91,132269356.0,5453352254817.0,1406833421136845.0
2018-04-04,308.54,2.0,-4.84,-0.0154,314.21,314.21,308.33,139804489.0,5688338907308.0,1386599671503465.0
2018-04-05,313.04,1.0,4.5,0.0146,311.12,314.53,310.3,103602013.0,4852504584667.0,1404289230327580.0
2018-04-06,311.61,2.0,-1.43,-0.0046,310.39,312.32,309.73,107254276.0,5046007551580.0,1399155465006190.0
2018-04-09,313.45,1.0,1.84,0.0059,310.88,313.88,310.86,101642863.0,4810820726362.0,1408046256946825.0
2018-04-10,313.94,1.0,0.49,0.0016,312.53,314.77,309.58,91825928.0,5287167765273.0,1412002890704140.0
2018-04-11,312.94,2.0,-1.0,-0.0032,314.83,315.45,312.44,108373705.0,5368637897175.0,1407050811323445.0
2018-04-12,313.22,1.0,0.28,0.0009,313.92,314.69,312.99,95163393.0,5390376253794.0,1406194136853120.0
2018-04-13,314.86,1.0,1.64,0.0052,314.42,315.71,313.77,92858837.0,4625669081700.0,1415589267936555.0
2018-04-16,315.17,1.0,0.31,0.001,316.45,316.53,314.14,69234245.0,3833345852808.0,1416301245405855.0
2018-04-17,314.64,2.0,-0.53,-0.0017,315.44,316.48,313.95,73081680.0,4003327793719.0,1414490251535780.0
2018-04-18,318.64,1.0,4.0,0.0127,316.58,319.28,316.55,93161795.0,4917966735822.0,1430335701176590.0
2018-04-19,320.12,1.0,1.48,0.0046,319.26,320.68,318.47,116870128.0,6578700418608.0,1433385996038560.0
2018-04-20,317.89,2.0,-2.23,-0.0069999999999999,318.6,319.39,317.29,104385114.0,5345885639513.0,1426536554435950.0
2018-04-23,317.89,3.0,0.0,0.0,317.32,318.28,316.5,108889156.0,5812715567493.0,1424825508882685.0
2018-04-24,315.86,2.0,-2.03,-0.0064,318.24,318.3,314.43,94691235.0,5594169737265.0,1417954741444500.0
2018-04-25,313.99,2.0,-1.87,-0.0059,313.09,314.43,312.1,82175475.0,5418152313108.0,1408977886184555.0
2018-04-26,318.08,1.0,4.09,0.013,315.55,319.06,314.95,91035948.0,5786385760497.0,1425693696281185.0
2018-04-27,320.8,1.0,2.72,0.0086,321.39,322.93,319.43,92189979.0,6173782303342.0,1436697634545765.0
2018-04-30,323.56,1.0,2.76,0.0086,321.93,323.58,321.66,139570146.0,5985825526445.0,1450065079171690.0
2018-05-02,322.53,2.0,-1.03,-0.0032,323.56,323.97,321.99,158304073.0,7941117223702.0,1442209441034350.0
2018-05-03,320.55,2.0,-1.98,-0.0060999999999999,322.83,322.95,320.55,117280149.0,5474854199761.0,1431904433277620.0
2018-05-04,316.75,2.0,-3.8,-0.0118999999999999,320.56,321.0,316.75,173911992.0,8093694656764.0,1416192312961470.0
2018-05-08,315.87,2.0,-0.88,-0.0028,317.79,319.53,314.95,141252903.0,6919186819993.0,1411521485826730.0
2018-05-09,314.42,2.0,-1.45,-0.0046,315.93,316.08,312.6,123610877.0,6584060543238.0,1407715922046110.0
2018-05-10,317.31,1.0,2.89,0.0092,316.51,317.34,315.11,120900799.0,6307001100657.0,1418989627359750.0
2018-05-11,318.51,1.0,1.2,0.0038,318.03,319.7,317.86,112400273.0,4957941667580.0,1425744763686980.0
2018-05-14,317.72,2.0,-0.79,-0.0025,318.93,319.5,317.09,141538609.0,6464768599828.0,1422854895863000.0
2018-05-15,314.94,2.0,-2.78,-0.0087,317.73,318.35,314.57,128386791.0,6135995143914.0,1411504964244875.0
2018-05-16,315.97,1.0,1.03,0.0033,313.81,316.62,313.78,129023454.0,6373156198122.0,1415680483563795.0
2018-05-17,314.29,2.0,-1.68,-0.0053,317.33,317.77,314.29,107625556.0,5075647578970.0,1407657899299835.0
2018-05-18,315.37,1.0,1.08,0.0034,315.5,315.8,314.46,83885741.0,4196203252372.0,1413774993338410.0
2018-05-21,316.25,1.0,0.88,0.0028,315.74,317.19,313.45,96767581.0,4111814130122.0,1416575116606580.0
2018-05-23,318.31,1.0,2.06,0.0065,316.45,319.04,316.01,122345138.0,6450081701995.0,1421891618271410.0
2018-05-24,317.48,2.0,-0.83,-0.0026,318.93,319.46,316.55,83136549.0,4274901823806.0,1418705114276295.0
2018-05-25,318.05,1.0,0.57,0.0018,315.92,318.88,315.43,130285429.0,6377054596903.0,1419235435104535.0
2018-05-28,318.99,1.0,0.94,0.003,318.37,319.99,318.04,147738402.0,6775686466372.0,1425494981551295.0
2018-05-29,316.2,2.0,-2.79,-0.0087,318.7,319.4,316.18,117359573.0,5807872275593.0,1413067247628525.0
2018-05-30,309.26,2.0,-6.94,-0.0219,314.64,315.2,308.07,135723801.0,6677363824776.0,1383062552188845.0
2018-05-31,310.92,1.0,1.66,0.0054,312.01,312.26,309.84,228470211.0,10310100311042.0,1390087898883135.0
2018-06-01,313.22,1.0,2.3,0.0074,310.13,314.14,309.87,120951008.0,6161003452627.0,1401203686016950.0
2018-06-04,314.84,1.0,1.62,0.0052,313.7,315.46,313.26,104433092.0,5623439394069.0,1406960835713280.0
2018-06-05,315.76,1.0,0.92,0.0029,315.12,316.07,312.83,105957534.0,5122297274604.0,1410675035892495.0
2018-06-07,317.67,1.0,1.91,0.006,317.94,319.19,317.03,108023493.0,5500919501502.0,1420543306344480.0
2018-06-08,314.97,2.0,-2.7,-0.0085,316.94,317.25,314.53,103097911.0,5316866312327.0,1409416583033115.0
2018-06-11,317.22,1.0,2.25,0.0070999999999999,315.24,317.35,314.24,103064680.0,4782564410243.0,1419279715693790.0
2018-06-12,316.84,2.0,-0.38,-0.0012,317.81,318.3,316.21,122232887.0,5796782102395.0,1416250258182280.0
2018-06-14,311.2,2.0,-5.64,-0.0178,314.6,314.82,311.03,147740327.0,7338282021513.0,1393307974387960.0
2018-06-15,308.73,2.0,-2.47,-0.0079,312.43,312.55,308.71,127404321.0,6500715011141.0,1387278751712675.0
2018-06-18,305.35,2.0,-3.38,-0.0109,308.73,308.95,303.77,121133368.0,5877908461780.0,1372792500181735.0
2018-06-19,301.35,2.0,-4.0,-0.0131,304.92,305.79,300.74,117682210.0,5708152480026.0,1353123579406310.0
2018-06-20,304.02,1.0,2.67,0.0089,302.95,305.69,301.83,104269432.0,5150293309050.0,1366113480931460.0
2018-06-21,301.02,2.0,-3.0,-0.0098999999999999,304.06,305.04,301.02,101197347.0,4694754346060.0,1351715306252695.0
2018-06-22,303.69,1.0,2.67,0.0089,298.81,303.72,298.71,92739484.0,4541162678936.0,1364859164396205.0
2018-06-25,303.37,2.0,-0.32,-0.0011,302.77,303.99,300.69,83138792.0,4198688504733.0,1363833535151085.0
2018-06-26,302.76,2.0,-0.61,-0.002,300.3,303.83,299.5,95031259.0,4712868270480.0,1360877325017885.0
2018-06-27,302.25,2.0,-0.51,-0.0017,302.73,304.29,301.92,100170817.0,4996078434517.0,1356562824890900.0
2018-06-28,298.26,2.0,-3.99,-0.0132,299.91,300.83,297.72,88459439.0,4350199698427.0,1340910841350875.0
2018-06-29,299.66,1.0,1.4,0.0046999999999999,299.37,300.28,295.97,91792665.0,4569990389613.0,1346884994216365.0
2018-07-02,292.93,2.0,-6.73,-0.0225,299.12,300.04,292.93,93227856.0,4230411058307.0,1316015464253165.0
2018-07-03,293.35,1.0,0.42,0.0014,294.89,295.06,290.89,88702982.0,4364412491895.0,1316764289130165.0
2018-07-04,292.26,2.0,-1.09,-0.0037,293.54,294.63,291.87,67009732.0,3504749116574.0,1311904306952760.0
2018-07-05,291.63,2.0,-0.63,-0.0022,292.12,293.6,289.9,64860933.0,3258904529457.0,1308218958490655.0
2018-07-06,293.11,1.0,1.48,0.0051,292.04,294.73,290.09,100948428.0,4792463581695.0,1316470586903835.0
2018-07-09,295.2,1.0,2.09,0.0070999999999999,293.88,296.63,292.58,80243411.0,3979764751352.0,1325653298985635.0
2018-07-10,296.19,1.0,0.99,0.0034,297.14,297.99,295.84,74327612.0,3441567560317.0,1329380655678650.0
2018-07-11,294.43,2.0,-1.76,-0.0059,293.8,295.27,291.77,102397446.0,4082714668573.0,1321162138610875.0
2018-07-12,294.41,2.0,-0.02,-0.0001,294.94,296.63,293.77,94349370.0,4603512741617.0,1323072742683375.0
2018-07-13,298.65,1.0,4.24,0.0144,295.88,298.99,295.86,88560244.0,4643185388943.0,1334826621340180.0
2018-07-16,297.37,2.0,-1.28,-0.0043,298.71,299.56,297.06,69363778.0,3566932728952.0,1330624316719720.0
2018-07-17,296.88,2.0,-0.49,-0.0016,297.46,298.15,295.74,77991692.0,3407251229450.0,1328428205757870.0
2018-07-18,296.47,2.0,-0.41,-0.0014,299.2,300.24,296.08,78882065.0,3574343629886.0,1325459308175130.0
2018-07-19,295.9,2.0,-0.57,-0.0019,297.71,297.94,295.52,85404326.0,3959394484715.0,1322485369796035.0
2018-07-20,296.95,1.0,1.05,0.0034999999999999,295.78,297.52,294.05,76112114.0,3581137886673.0,1328262911334280.0
2018-07-23,294.56,2.0,-2.39,-0.008,296.81,296.81,293.8,87894415.0,4302795647096.0,1319424426571860.0
2018-07-24,295.49,1.0,0.93,0.0032,294.92,296.05,293.28,99972013.0,4423362880148.0,1324214000757380.0
2018-07-25,294.85,2.0,-0.64,-0.0022,295.99,297.17,294.29,85722422.0,4778637274154.0,1320203444607730.0
2018-07-26,296.95,1.0,2.1,0.0070999999999999,296.2,298.22,295.11,93045034.0,4911433855000.0,1328342004708365.0
2018-07-27,297.78,1.0,0.83,0.0028,297.29,297.88,296.21,71327558.0,3826449667827.0,1331122192365745.0
2018-07-30,297.29,2.0,-0.49,-0.0016,297.01,298.0,295.99,66415670.0,3451049757144.0,1329801740235965.0
2018-07-31,297.45,1.0,0.16,0.0005,297.01,297.79,296.14,71873287.0,3680476333839.0,1330998741273875.0
2018-08-01,298.69,1.0,1.24,0.0042,298.32,299.96,298.06,70926189.0,3643637578664.0,1336586541519555.0
2018-08-02,293.55,2.0,-5.14,-0.0172,298.25,298.54,292.89,75898396.0,3551745667574.0,1314163090771880.0
2018-08-03,295.61,1.0,2.06,0.0069999999999999,294.45,295.85,293.59,63188526.0,3216560052047.0,1324329183399550.0
2018-08-06,295.24,2.0,-0.37,-0.0013,295.79,297.37,294.78,70148503.0,3539852950574.0,1322270431408485.0
2018-08-07,297.18,1.0,1.94,0.0066,295.79,297.38,294.37,70324394.0,3698027475076.0,1331483375969685.0
2018-08-08,297.19,1.0,0.01,0.0,297.97,298.46,296.78,76314169.0,4146030806932.0,1332332445690550.0
2018-08-09,297.41,1.0,0.22,0.0007,297.23,297.41,295.61,87043225.0,5037409816759.0,1334104541674035.0
2018-08-10,293.64,2.0,-3.77,-0.0127,295.93,296.1,293.05,94304585.0,4817811603853.0,1320346028851275.0
2018-08-13,289.85,2.0,-3.79,-0.0129,291.21,292.09,288.11,94718605.0,4396705492350.0,1302288214415060.0
2018-08-14,291.08,1.0,1.23,0.0042,290.03,291.64,289.61,75903274.0,3582613205528.0,1307864129316805.0
2018-08-16,288.24,2.0,-2.84,-0.0098,287.1,289.05,285.42,93688087.0,4605333928452.0,1295796705969870.0
2018-08-17,288.57,1.0,0.33,0.0011,288.57,289.35,287.78,67286037.0,3263528960465.0,1298043903254420.0
2018-08-20,288.61,1.0,0.04,0.0001,289.78,290.93,288.15,74149913.0,3303899031835.0,1298480652758545.0
2018-08-21,291.93,1.0,3.32,0.0115,288.51,292.41,287.94,79695581.0,3963397500576.0,1311479597712845.0
2018-08-22,293.0,1.0,1.07,0.0037,292.45,293.83,291.93,81675940.0,4170097936849.0,1314238505371995.0
2018-08-23,294.29,1.0,1.29,0.0044,294.21,294.37,292.39,73747948.0,3667288916457.0,1319623996002730.0
2018-08-24,295.54,1.0,1.25,0.0042,293.26,295.91,292.53,70163666.0,3388104617311.0,1325469008684545.0
2018-08-27,296.83,1.0,1.29,0.0044,296.21,297.34,295.3,85300783.0,3956655529274.0,1329924507536620.0
2018-08-28,297.22,1.0,0.39,0.0013,298.67,298.95,296.6,84392569.0,4072068982620.0,1332100247862435.0
2018-08-29,298.05,1.0,0.83,0.0028,297.31,298.23,296.63,81223962.0,3509560572414.0,1335462018766375.0
2018-08-30,298.05,3.0,0.0,0.0,298.44,299.99,297.37,80675778.0,3835891913218.0,1334141729941305.0
2018-08-31,300.07,1.0,2.02,0.0068,296.49,300.07,296.09,107570452.0,4465991185881.0,1343523330051960.0
2018-09-03,297.49,2.0,-2.58,-0.0086,299.15,299.28,296.85,64698983.0,3071766494260.0,1333868403783490.0
2018-09-04,298.8,1.0,1.31,0.0044,297.72,299.2,296.86,64654196.0,3159212150279.0,1338694907205595.0
2018-09-05,294.96,2.0,-3.84,-0.0129,297.89,298.4,294.37,81061721.0,3728873915973.0,1323116580073445.0
2018-09-06,294.28,2.0,-0.68,-0.0023,294.23,295.82,293.62,79880306.0,3903126939564.0,1320939861407345.0
2018-09-07,292.86,2.0,-1.42,-0.0048,292.26,293.79,290.69,90385670.0,4618916569772.0,1316687238169840.0
2018-09-10,293.7,1.0,0.84,0.0029,292.37,294.06,292.25,84203824.0,4030223078816.0,1320309073011385.0
2018-09-11,292.46,2.0,-1.24,-0.0042,293.42,294.75,291.49,83406572.0,4476181616610.0,1316088248887570.0
2018-09-12,292.35,2.0,-0.11,-0.0004,292.74,293.29,290.89,87628838.0,4445807787786.0,1315907941107690.0
2018-09-13,292.42,1.0,0.07,0.0002,292.5,293.42,291.78,98537251.0,5267689450952.0,1317467276826820.0
2018-09-14,297.29,1.0,4.87,0.0167,295.19,297.38,295.04,83088746.0,4119078657731.0,1337608031320235.0
2018-09-17,295.23,2.0,-2.06,-0.0069,296.7,296.74,294.14,64924720.0,3414772420858.0,1328938309304780.0
2018-09-18,296.1,1.0,0.87,0.0029,293.06,296.51,293.03,77064535.0,4124124073608.0,1334358988422070.0
2018-09-19,296.64,1.0,0.54,0.0018,297.63,297.72,295.5,94195142.0,4692280457534.0,1335421107241790.0
2018-09-20,299.04,1.0,2.4,0.0081,297.47,300.45,297.12,97943342.0,5041783640668.0,1345410975771165.0
2018-09-21,300.81,1.0,1.77,0.0059,299.84,300.81,298.9,124341794.0,6800221723333.0,1354193216238140.0
2018-09-27,302.59,1.0,1.78,0.0059,299.54,302.6,299.54,120499022.0,5891318418685.0,1363547873677800.0
2018-09-28,300.51,2.0,-2.08,-0.0069,302.53,302.64,299.83,111432440.0,5516314185424.0,1355796415870565.0
2018-10-01,300.17,2.0,-0.34,-0.0011,301.55,301.97,299.3,77258157.0,3970719068179.0,1353666071003990.0
2018-10-02,296.53,2.0,-3.64,-0.0121,300.2,300.93,296.36,86569267.0,4199937375394.0,1337168442533040.0
2018-10-04,291.78,2.0,-4.75,-0.016,296.42,296.42,291.26,107326531.0,5811937193588.0,1315917110125275.0
2018-10-05,291.28,2.0,-0.5,-0.0017,291.42,292.66,289.33,93624742.0,4779068193919.0,1312538441475375.0
2018-10-08,289.91,2.0,-1.37,-0.0046999999999999,290.02,292.29,289.91,69771638.0,3400036239814.0,1305230759725440.0
2018-10-10,287.85,2.0,-2.06,-0.0070999999999999,290.23,290.37,286.92,117740377.0,7397844111310.0,1293539701806375.0
2018-10-11,275.15,2.0,-12.7,-0.0441,281.52,282.65,275.15,144521665.0,6747289233533.0,1237240908799960.0
2018-10-12,279.37,1.0,4.22,0.0153,275.82,281.26,275.43,101671628.0,4940692757191.0,1255177620943230.0
2018-10-15,277.19,2.0,-2.18,-0.0078,278.35,278.91,276.49,73193716.0,3657854684759.0,1245702911755645.0
2018-10-16,276.9,2.0,-0.29,-0.001,278.73,279.52,276.22,60611347.0,2944447081398.0,1244720703081825.0
2018-10-17,280.05,1.0,3.15,0.0113999999999999,280.07,281.99,279.1,75387664.0,4167001599650.0,1257823759136065.0
2018-10-18,277.48,2.0,-2.57,-0.0092,278.73,280.01,277.3,68805037.0,3257531450403.0,1246330579776830.0
2018-10-19,278.63,1.0,1.15,0.0040999999999999,275.08,279.03,273.81,74645366.0,3674247655617.0,1251354659297505.0
2018-10-22,279.4,1.0,0.77,0.0028,276.78,279.89,275.99,62448017.0,2899812401190.0,1255063362916655.0
2018-10-23,272.54,2.0,-6.86,-0.0246,277.31,277.57,270.72,88689272.0,5559186494519.0,1222651327249980.0
2018-10-24,271.36,2.0,-1.18,-0.0043,274.07,274.24,270.64,99127483.0,5247937322304.0,1219261863729070.0
2018-10-25,266.72,2.0,-4.64,-0.0171,264.46,267.09,262.97,120406748.0,6483939176133.0,1199999727772940.0
2018-10-26,262.69,2.0,-4.03,-0.0151,267.04,267.04,260.16,111377919.0,5392266697702.0,1179403140343760.0
2018-10-29,260.19,2.0,-2.5,-0.0095,262.82,265.29,259.84,109741941.0,5137323943132.0,1165514392669335.0
2018-10-30,262.47,1.0,2.28,0.0088,259.15,264.74,259.06,122394635.0,5630196652135.0,1176150082428360.0
2018-10-31,264.01,1.0,1.54,0.0059,263.55,264.14,261.03,107853227.0,5050664779173.0,1183723235846340.0
2018-11-01,262.95,2.0,-1.06,-0.004,264.72,266.97,262.77,102278226.0,4798820698562.0,1178611451715380.0
2018-11-02,272.56,1.0,9.61,0.0365,266.16,272.79,265.82,111230624.0,5309478620111.0,1220389123577025.0
2018-11-05,270.07,2.0,-2.49,-0.0091,270.22,270.45,266.67,81490998.0,3776086876738.0,1208891803000605.0
2018-11-06,271.57,1.0,1.5,0.0056,271.01,272.01,268.57,77834307.0,4091238576660.0,1216485938501270.0
2018-11-07,270.45,2.0,-1.12,-0.0040999999999999,271.43,273.79,269.77,119321151.0,4772928829380.0,1210977099611960.0
2018-11-08,272.11,1.0,1.66,0.0060999999999999,274.88,276.34,272.07,99215698.0,4712339748446.0,1217923872745990.0
2018-11-09,271.33,2.0,-0.78,-0.0029,272.25,273.57,270.85,80922694.0,4123381481859.0,1213837133198935.0
2018-11-12,271.57,1.0,0.24,0.0009,268.66,272.27,268.64,78003512.0,4515248204846.0,1210608106949925.0
2018-11-13,269.7,2.0,-1.87,-0.0069,267.03,269.89,264.63,88279879.0,4739505580985.0,1204775738299765.0
2018-11-14,268.88,2.0,-0.82,-0.003,269.58,270.01,267.75,87327525.0,4363930480164.0,1202628426810170.0
2018-11-15,271.54,1.0,2.66,0.0098999999999999,267.93,271.69,267.68,74356914.0,3692925170183.0,1214777177795175.0
2018-11-16,271.65,1.0,0.11,0.0004,272.95,273.52,271.06,74598298.0,3480585074411.0,1216029893917180.0
2018-11-19,272.31,1.0,0.66,0.0024,272.01,274.05,270.83,75006908.0,3480858123034.0,1220163699751695.0
2018-11-20,269.58,2.0,-2.73,-0.01,268.54,270.58,268.54,80899102.0,3880360467523.0,1209401642625910.0
2018-11-21,268.27,2.0,-1.31,-0.0049,265.96,268.49,264.95,81838470.0,3882424005490.0,1204632278321205.0
2018-11-22,267.76,2.0,-0.51,-0.0019,268.51,269.11,267.15,64407135.0,3063776482402.0,1200693098012065.0
2018-11-23,266.33,2.0,-1.43,-0.0053,268.12,268.54,264.86,58346725.0,2670694749282.0,1193692977009180.0
2018-11-26,269.79,1.0,3.46,0.013,266.43,269.95,266.41,75646157.0,3530103516816.0,1208822693590245.0
2018-11-27,272.08,1.0,2.29,0.0085,270.9,272.47,269.27,71912688.0,3546474442279.0,1218652006225585.0
2018-11-28,273.45,1.0,1.37,0.005,272.64,273.53,271.35,79830421.0,3620540346365.0,1224455453578595.0
2018-11-29,274.16,1.0,0.71,0.0026,277.08,277.54,273.4,80652902.0,4069219575187.0,1228036236010460.0
2018-11-30,271.35,2.0,-2.81,-0.0102,274.53,275.51,270.88,137531112.0,5812541105366.0,1217126338699030.0
2018-12-03,276.18,1.0,4.83,0.0178,275.7,276.98,273.59,89066271.0,4152829605786.0,1238061665141100.0
2018-12-04,273.29,2.0,-2.89,-0.0105,275.08,275.72,272.03,80802395.0,3897860819302.0,1225201964429305.0
2018-12-05,271.49,2.0,-1.8,-0.0066,269.53,272.38,269.47,75635435.0,3342050645046.0,1217559427393435.0
2018-12-06,267.18,2.0,-4.31,-0.0159,270.18,270.18,266.61,86092868.0,4060589345248.0,1199437612433445.0
2018-12-07,268.28,1.0,1.1,0.0040999999999999,268.97,269.66,267.03,68450011.0,3147429655931.0,1203587664227025.0
2018-12-10,265.35,2.0,-2.93,-0.0109,264.55,266.2,263.63,77296844.0,3588159891539.0,1192214164411460.0
2018-12-11,264.69,2.0,-0.66,-0.0025,265.87,265.99,263.87,70035635.0,4125616627380.0,1192662383381925.0
2018-12-12,268.47,1.0,3.78,0.0143,266.0,268.84,265.55,83687595.0,4159483899539.0,1191512547242300.0
2018-12-13,269.41,1.0,0.94,0.0034999999999999,269.07,271.06,268.22,145056075.0,6838593091401.0,1197978225534220.0
2018-12-14,265.55,2.0,-3.86,-0.0143,269.69,269.69,264.44,99732068.0,4468640862740.0,1182537282137900.0
2018-12-17,266.33,1.0,0.78,0.0029,265.81,267.19,265.41,71454024.0,3402623667914.0,1184515497548215.0
2018-12-18,265.18,2.0,-1.15,-0.0043,264.42,266.83,263.93,90334804.0,3832078358037.0,1179655532412700.0
2018-12-19,267.31,1.0,2.13,0.008,266.02,267.55,265.26,81750117.0,3672903521028.0,1189599397778490.0
2018-12-20,264.81,2.0,-2.5,-0.0093999999999999,265.13,266.34,263.12,81335792.0,4033121030077.0,1178087941219165.0
2018-12-21,265.06,1.0,0.25,0.0009,263.66,265.06,263.15,92599760.0,4430738210785.0,1179095808747765.0
2018-12-24,264.45,2.0,-0.61,-0.0023,263.51,265.09,262.96,61962310.0,2930704270241.0,1176009360588600.0
2018-12-26,260.98,2.0,-3.47,-0.0131,261.09,262.49,259.35,92492817.0,4372645819995.0,1161840481655400.0
2018-12-27,260.57,2.0,-0.41,-0.0016,261.53,261.71,259.73,84457075.0,4081822214885.0,1158682974255360.0
2018-12-28,261.98,1.0,1.41,0.0054,261.61,262.85,261.27,62700573.0,2895635870321.0,1165449766890475.0
2019-01-02,258.23,2.0,-3.75,-0.0143,263.35,263.77,257.47,69949709.0,3186640984476.0,1147017732129830.0
2019-01-03,255.77,2.0,-2.46,-0.0095,258.19,258.7,255.35,90520685.0,3971916869836.0,1138232565242240.0
2019-01-04,257.89,1.0,2.12,0.0083,255.62,258.12,254.55,91200480.0,4173872799949.0,1148634935078745.0
2019-01-07,261.57,1.0,3.68,0.0143,261.11,263.13,260.76,92321424.0,3960240416630.0,1163850599086150.0
2019-01-08,259.65,2.0,-1.92,-0.0073,261.29,262.43,259.39,86910036.0,3358745354328.0,1156011691962865.0
2019-01-09,265.6,1.0,5.95,0.0229,260.95,266.05,260.87,98746921.0,4114636634226.0,1179664257625395.0
2019-01-10,265.55,2.0,-0.05,-0.0002,265.73,266.85,264.61,99826751.0,3989492014812.0,1179002763032774.0
2019-01-11,267.13,1.0,1.58,0.0059,266.58,267.58,265.56,81083817.0,3260831742264.0,1185872566891113.0
2019-01-14,264.99,2.0,-2.14,-0.008,266.22,266.7,264.23,74929076.0,3325000484027.0,1177896955550293.0
2019-01-15,269.93,1.0,4.94,0.0186,265.62,270.02,265.37,87169802.0,3513449970139.0,1197561642240820.0
2019-01-16,271.23,1.0,1.3,0.0048,269.96,271.28,269.05,100498222.0,3416239221438.0,1202179345729165.0
2019-01-17,271.88,1.0,0.65,0.0024,271.66,273.05,270.81,86748241.0,3854972250980.0,1203660525563790.0
2019-01-18,273.88,1.0,2.0,0.0074,273.02,273.95,272.56,78967732.0,3481414513039.0,1213248139088520.0
2019-01-21,274.0,1.0,0.12,0.0004,274.99,275.14,272.29,86547203.0,3591530890125.0,1213024774847395.0
2019-01-22,272.71,2.0,-1.29,-0.0046999999999999,274.08,274.6,271.45,68867101.0,3201812357650.0,1208787447588740.0
2019-01-23,273.87,1.0,1.16,0.0043,271.35,274.51,271.03,99955945.0,3468749110644.0,1214752349864560.0
2019-01-24,276.61,1.0,2.74,0.01,274.1,276.64,273.74,132858044.0,4135428047020.0,1224279895856890.0
2019-01-25,281.67,1.0,5.06,0.0183,277.3,281.72,277.04,115510069.0,5043670720403.0,1244467765522240.0
2019-01-28,281.64,2.0,-0.03,-0.0001,282.56,283.46,280.47,95967224.0,4371925875945.0,1244223308262460.0
2019-01-29,283.0,1.0,1.36,0.0048,281.12,283.0,279.65,130944151.0,4209885993777.0,1248886797990455.0
2019-01-30,286.62,1.0,3.62,0.0128,282.86,286.63,282.24,134732109.0,4928603671429.0,1262976776968755.0
2019-01-31,285.89,2.0,-0.73,-0.0025,288.85,288.87,285.89,153503910.0,5954789946431.0,1261225947036425.0
2019-02-01,285.79,2.0,-0.1,-0.0003,287.07,288.34,285.43,114631068.0,4819940653560.0,1259308338739440.0
2019-02-07,285.65,2.0,-0.14,-0.0005,287.54,287.67,284.97,100691203.0,4310362564652.0,1258574091683450.0
2019-02-08,281.49,2.0,-4.16,-0.0146,283.85,284.01,280.95,88711061.0,3996965573801.0,1242042551866015.0
2019-02-11,282.1,1.0,0.61,0.0022,281.75,282.19,280.02,79973737.0,3719089579717.0,1244934848258465.0
2019-02-12,283.69,1.0,1.59,0.0056,282.12,284.32,281.43,92106932.0,4321296757818.0,1250731572620805.0
2019-02-13,284.97,1.0,1.28,0.0045,285.09,285.59,284.13,93292244.0,3946711345203.0,1256574488018055.0
2019-02-14,288.68,1.0,3.71,0.013,284.25,288.68,282.91,112394979.0,4848017763029.0,1271650571132315.0
2019-02-15,283.98,2.0,-4.7,-0.0163,286.42,286.42,282.81,77187790.0,3632959561167.0,1252886387773130.0
2019-02-18,285.9,1.0,1.92,0.0068,285.6,287.02,284.64,73482620.0,3426204471015.0,1261736505501210.0
2019-02-19,284.91,2.0,-0.99,-0.0034999999999999,285.36,286.12,283.16,62750439.0,3120247367429.0,1257975073767915.0
2019-02-20,288.4,1.0,3.49,0.0121999999999999,286.55,289.22,286.21,88582603.0,4358725077090.0,1273190441238550.0
2019-02-21,288.41,1.0,0.01,0.0,287.43,289.28,286.05,88241133.0,3988961992438.0,1272502786988085.0
2019-02-22,288.74,1.0,0.33,0.0011,287.29,288.74,286.54,70343270.0,3113762120009.0,1273818668816670.0
2019-02-25,289.0,1.0,0.26,0.0009,290.19,290.32,287.84,73419643.0,3453315611180.0,1274609934860765.0
2019-02-26,287.89,2.0,-1.11,-0.0038,288.52,289.2,287.06,81326244.0,3651855307146.0,1270459095850455.0
2019-02-27,288.76,1.0,0.87,0.003,288.9,289.41,288.09,72744240.0,3613385128832.0,1275185010352095.0
2019-02-28,283.8,2.0,-4.96,-0.0172,288.13,288.62,283.8,129089236.0,6168135554206.0,1254863173821320.0
2019-03-04,282.51,2.0,-1.29,-0.0045,286.12,286.68,282.16,107549409.0,4951354155993.0,1249806536776590.0
2019-03-05,280.45,2.0,-2.06,-0.0073,281.42,281.89,279.53,78805311.0,3714665604588.0,1242442551129320.0
2019-03-06,279.85,2.0,-0.6,-0.0021,280.09,280.26,278.72,75225423.0,3544145381698.0,1239732807806260.0
2019-03-07,278.87,2.0,-0.98,-0.0034999999999999,279.33,280.98,277.44,78636297.0,3647183778966.0,1234100675241730.0
2019-03-08,274.84,2.0,-4.03,-0.0144999999999999,277.18,278.0,274.84,71640389.0,3304833311630.0,1216685546661495.0
2019-03-11,275.06,1.0,0.22,0.0008,275.5,276.28,273.88,64827413.0,3004400057052.0,1216975263632610.0
2019-03-12,277.73,1.0,2.67,0.0097,277.41,278.48,276.94,63959075.0,2976821871295.0,1227750424444840.0
2019-03-13,276.0,2.0,-1.73,-0.0062,276.92,277.12,274.04,61494895.0,2842575788226.0,1221515936729920.0
2019-03-14,276.64,1.0,0.64,0.0023,276.79,277.4,274.78,95821503.0,4546638668490.0,1224511604069515.0
2019-03-15,279.87,1.0,3.23,0.0116999999999999,276.42,280.5,276.31,123126129.0,5250375802861.0,1238433621894505.0
2019-03-18,279.93,1.0,0.06,0.0002,280.27,280.77,278.92,60901379.0,2880391972422.0,1239451156975800.0
2019-03-19,279.82,2.0,-0.11,-0.0004,280.3,280.4,278.63,55394656.0,2611815094660.0,1238764376772625.0
2019-03-20,279.92,1.0,0.1,0.0004,278.84,280.07,276.34,61168125.0,2849450287284.0,1238411275817125.0
2019-03-21,282.38,1.0,2.46,0.0088,281.14,284.39,280.63,97092920.0,4858252878406.0,1244998078943680.0
2019-03-22,283.13,1.0,0.75,0.0027,283.92,284.55,282.09,117733859.0,5629471532603.0,1246392760537050.0
2019-03-25,277.45,2.0,-5.68,-0.0200999999999999,279.12,279.21,277.19,77320301.0,3095952527919.0,1222136871564475.0
2019-03-26,277.6,1.0,0.15,0.0005,278.43,278.49,276.91,65750906.0,3049236031429.0,1223564799692045.0
2019-03-27,277.28,2.0,-0.32,-0.0012,277.01,278.16,274.87,67774293.0,3096586681780.0,1221620752713950.0
2019-03-28,275.08,2.0,-2.2,-0.0079,275.02,276.2,273.9,66916887.0,2975104940737.0,1212132225495125.0
2019-03-29,276.48,1.0,1.4,0.0051,276.33,277.01,274.32,82279150.0,3801328127617.0,1218821731725855.0
2019-04-01,280.32,1.0,3.84,0.0139,278.41,280.93,278.41,76673645.0,3275488520128.0,1235413785445980.0
2019-04-02,281.72,1.0,1.4,0.005,281.67,282.47,281.0,72184617.0,3218499197804.0,1240907302397460.0
2019-04-03,285.65,1.0,3.93,0.0139999999999999,281.88,285.65,281.22,91589821.0,4267127415750.0,1257097171866110.0
2019-04-04,286.15,1.0,0.5,0.0018,285.29,287.75,284.97,73802701.0,3604945933884.0,1258768176555615.0
2019-04-05,286.68,1.0,0.53,0.0019,286.03,287.53,285.93,64885247.0,2792135519549.0,1260733013209845.0
2019-04-08,286.38,2.0,-0.3,-0.001,287.78,287.83,285.09,64574084.0,3103178190150.0,1260187741241560.0
2019-04-09,286.71,1.0,0.33,0.0012,286.51,288.02,285.38,66225266.0,3177670478181.0,1261972083024080.0
2019-04-10,287.92,1.0,1.21,0.0042,285.44,288.01,285.1,75078819.0,3533497049295.0,1267710225090290.0
2019-04-11,287.42,2.0,-0.5,-0.0017,288.33,288.71,286.38,84683104.0,4094145341972.0,1265968703805045.0
2019-04-12,288.37,1.0,0.95,0.0033,286.89,288.62,285.83,69060135.0,3324626451670.0,1270082358478470.0
2019-04-15,289.38,1.0,1.01,0.0034999999999999,289.54,290.74,289.12,80433690.0,3807398661640.0,1275003902781175.0
2019-04-16,290.62,1.0,1.24,0.0043,289.18,290.76,288.77,96134204.0,3575096655372.0,1279708107975395.0
2019-04-17,290.33,2.0,-0.29,-0.001,290.68,291.21,289.84,72665455.0,3283222307651.0,1278750765598260.0
2019-04-18,285.82,2.0,-4.51,-0.0155,290.88,291.15,285.38,89653360.0,4088516858952.0,1260183276618060.0
2019-04-19,285.89,1.0,0.07,0.0002,287.18,287.48,285.72,63866490.0,2750364929060.0,1260666135245540.0
2019-04-22,285.87,2.0,-0.02,-0.0001,286.06,287.59,284.52,55190120.0,2439635224087.0,1260788887875465.0
2019-04-23,286.47,1.0,0.6,0.0021,285.85,286.83,285.42,67375416.0,2840853010904.0,1263377861301455.0
2019-04-24,283.7,2.0,-2.77,-0.0097,287.82,287.82,281.96,88608499.0,4234305926307.0,1251958300638530.0
2019-04-25,282.83,2.0,-0.87,-0.0031,282.8,284.22,281.9,74577171.0,3612876228530.0,1245985012800690.0
2019-04-26,281.34,2.0,-1.49,-0.0053,280.86,282.47,279.7,76724753.0,3537384041846.0,1239580936760365.0
2019-04-29,286.79,1.0,5.45,0.0194,282.0,286.79,281.81,66981322.0,3167707547375.0,1262176874778590.0
2019-04-30,284.92,2.0,-1.87,-0.0065,286.25,286.59,282.61,77989672.0,3541834078418.0,1253245425577915.0
2019-05-02,286.12,1.0,1.2,0.0042,283.37,286.87,283.14,84184679.0,3541283215965.0,1258468678439430.0
2019-05-03,283.67,2.0,-2.45,-0.0086,285.64,285.95,283.14,67794313.0,3134226245573.0,1247763415510785.0
2019-05-07,281.31,2.0,-2.36,-0.0083,280.89,281.66,278.95,97721608.0,3713381352918.0,1236536887977680.0
2019-05-08,280.15,2.0,-1.16,-0.0040999999999999,277.85,281.84,277.84,75002622.0,3278240138503.0,1230847521474010.0
2019-05-09,271.0,2.0,-9.15,-0.0327,278.83,279.63,271.0,124007639.0,5569821055727.0,1191357229463840.0
2019-05-10,272.06,1.0,1.06,0.0039,273.37,274.32,269.71,89435399.0,4114391194006.0,1195704281398145.0
2019-05-13,268.72,2.0,-3.34,-0.0123,269.8,271.54,268.55,66867020.0,2981764856486.0,1179860240792690.0
2019-05-14,268.57,2.0,-0.15,-0.0006,266.03,270.42,265.55,82188146.0,3695491737931.0,1180465009566145.0
2019-05-15,269.64,1.0,1.07,0.004,268.42,271.0,267.62,77018367.0,3275684428366.0,1185584138291020.0
2019-05-16,265.99,2.0,-3.65,-0.0135,269.83,269.96,265.24,75959987.0,3511842338341.0,1170029496223060.0
2019-05-17,264.35,2.0,-1.64,-0.0062,267.85,268.06,263.94,75096478.0,3413236959144.0,1162892994502420.0
2019-05-20,264.96,1.0,0.61,0.0023,265.9,267.65,264.33,64227039.0,2924879368286.0,1163862385727610.0
2019-05-21,266.12,1.0,1.16,0.0044,265.25,268.55,264.79,81019777.0,3503604498228.0,1167634624304465.0
2019-05-22,266.65,1.0,0.53,0.002,267.01,267.6,263.95,61655034.0,2736820498116.0,1169975006847845.0
2019-05-23,266.38,2.0,-0.27,-0.001,266.4,267.12,264.5,71658495.0,3066454483426.0,1168184564830660.0
2019-05-24,264.42,2.0,-1.96,-0.0074,264.7,266.11,263.1,67233870.0,2964223613158.0,1160279329921810.0
2019-05-27,264.4,2.0,-0.02,-0.0001,264.18,265.85,263.17,53143031.0,2376340850737.0,1160808343835905.0
2019-05-28,264.7,1.0,0.3,0.0011,264.38,266.16,263.27,147263111.0,6174917561280.0,1162285517193700.0
2019-05-29,261.37,2.0,-3.33,-0.0126,264.1,264.1,260.22,82787685.0,3395449585820.0,1148114821157795.0
2019-05-30,263.93,1.0,2.56,0.0098,261.58,264.23,261.58,70344896.0,3028652503421.0,1158274867930135.0
2019-05-31,263.89,2.0,-0.04,-0.0002,262.48,265.21,261.53,77788410.0,3347013252510.0,1159460533077695.0
2019-06-03,268.16,1.0,4.27,0.0162,262.68,268.55,262.33,83610388.0,3434036613731.0,1176857024355155.0
2019-06-04,267.66,2.0,-0.5,-0.0019,267.84,268.47,266.72,70288515.0,2950359041029.0,1175471605353510.0
2019-06-05,267.99,1.0,0.33,0.0012,270.1,270.46,267.46,67510600.0,3005619127285.0,1176059561126495.0
2019-06-07,268.27,1.0,0.28,0.001,267.97,269.63,266.27,67967402.0,2836191532821.0,1176656546665915.0
2019-06-10,272.1,1.0,3.83,0.0143,270.32,272.2,268.68,60889859.0,2740655208965.0,1193097605982260.0
2019-06-11,273.21,1.0,1.11,0.0040999999999999,271.48,273.69,271.24,61242525.0,2794652829200.0,1198824462333405.0
2019-06-12,272.74,2.0,-0.47,-0.0017,273.14,274.32,272.0,66921111.0,2783671201962.0,1197118715458045.0
2019-06-13,271.13,2.0,-1.61,-0.0059,271.96,272.46,268.38,95795426.0,4325324797517.0,1192627599806205.0
2019-06-14,270.48,2.0,-0.65,-0.0024,270.19,271.55,268.96,66714909.0,3063545822061.0,1195403427332805.0
2019-06-17,270.09,2.0,-0.39,-0.0014,269.83,271.59,269.14,57064486.0,2538810987000.0,1193186256113265.0
2019-06-18,271.36,1.0,1.27,0.0046999999999999,269.77,271.87,269.77,65723109.0,2861163060700.0,1198475124465250.0
2019-06-19,275.31,1.0,3.95,0.0146,274.4,275.6,274.08,69733881.0,3134202514367.0,1214488067642075.0
2019-06-20,276.01,1.0,0.7,0.0025,274.63,276.09,274.43,55336102.0,2417864969894.0,1217980495880755.0
2019-06-21,275.48,2.0,-0.53,-0.0019,276.17,276.26,274.6,77279125.0,3275700388035.0,1215322286872685.0
2019-06-24,275.58,1.0,0.1,0.0004,275.91,276.73,275.13,55539166.0,2235175475192.0,1216275012742095.0
2019-06-25,275.28,2.0,-0.3,-0.0011,275.33,277.02,274.19,60506916.0,2635188938422.0,1214522630810755.0
2019-06-26,275.53,1.0,0.25,0.0009,275.21,276.36,274.66,58818293.0,2636531194570.0,1214852314569855.0
2019-06-27,277.75,1.0,2.22,0.0081,275.47,278.63,275.09,66303258.0,3357666030731.0,1223628264181405.0
2019-06-28,277.5,2.0,-0.25,-0.0009,278.03,278.56,276.58,67598321.0,2879563279447.0,1221833060757260.0
2019-07-01,277.27,2.0,-0.23,-0.0008,279.59,279.68,276.85,74357415.0,3446049534338.0,1221162506411360.0
2019-07-02,275.97,2.0,-1.3,-0.0046999999999999,276.06,277.46,274.63,65541622.0,2708085812265.0,1216095302838750.0
2019-07-03,272.37,2.0,-3.6,-0.013,275.57,276.69,271.9,97522781.0,3138322118926.0,1200830105498880.0
2019-07-04,274.54,1.0,2.17,0.008,273.18,274.61,271.93,77523216.0,2889730039185.0,1209271301915390.0
2019-07-05,274.35,2.0,-0.19,-0.0007,274.74,275.23,272.41,60022239.0,2669930245411.0,1209896253283955.0
2019-07-08,268.55,2.0,-5.8,-0.0210999999999999,271.38,271.67,268.38,75098280.0,2798860670882.0,1184667983708905.0
2019-07-09,267.72,2.0,-0.83,-0.0031,269.6,270.22,267.72,71884983.0,3088992268259.0,1178521085917110.0
2019-07-10,268.75,1.0,1.03,0.0038,269.29,270.33,268.6,67510933.0,2856521464232.0,1181782511249280.0
2019-07-11,271.78,1.0,3.03,0.0113,270.58,272.97,270.46,107368534.0,3941205319330.0,1194682958443840.0
2019-07-12,272.68,1.0,0.9,0.0033,272.21,273.23,271.28,55656674.0,2485960210347.0,1198622107927605.0
2019-07-15,272.64,2.0,-0.04,-0.0001,272.06,273.38,270.99,83605679.0,2622528071020.0,1197360987408660.0
2019-07-16,274.05,1.0,1.41,0.0052,272.79,274.54,272.14,137054662.0,3686310177379.0,1203039647568805.0
2019-07-17,271.48,2.0,-2.57,-0.0093999999999999,272.13,272.28,270.29,117945915.0,3103666563107.0,1192254964165655.0
2019-07-18,270.67,2.0,-0.81,-0.003,271.05,271.63,269.73,80138926.0,2667786035081.0,1188229580081945.0
2019-07-19,274.55,1.0,3.88,0.0143,272.71,274.95,272.21,87942590.0,3053869624689.0,1204750818211440.0
2019-07-22,274.55,3.0,0.0,0.0,273.9,275.35,273.57,60909523.0,2375285760075.0,1204027191196855.0
2019-07-23,275.92,1.0,1.37,0.005,274.93,276.56,274.84,95081264.0,3273220039020.0,1210242425955030.0
2019-07-24,273.22,2.0,-2.7,-0.0098,275.12,276.48,272.91,84288536.0,3016179050760.0,1199279675777680.0
2019-07-25,273.04,2.0,-0.18,-0.0007,274.08,274.62,271.25,95653283.0,3892367136144.0,1196024612538530.0
2019-07-26,272.25,2.0,-0.79,-0.0029,271.41,272.56,270.57,89843153.0,3464087185487.0,1191883143982235.0
2019-07-29,267.75,2.0,-4.5,-0.0165,271.21,271.91,267.07,78754177.0,2825170333576.0,1172710526269835.0
2019-07-30,268.95,1.0,1.2,0.0045,268.69,269.79,268.33,64529662.0,2363742485954.0,1177366149232985.0
2019-07-31,266.34,2.0,-2.61,-0.0097,268.46,269.14,265.0,96236056.0,3821854343903.0,1167850302010335.0
2019-08-01,265.73,2.0,-0.61,-0.0023,264.97,267.44,264.47,72578467.0,2900144068054.0,1164062974299770.0
2019-08-02,262.99,2.0,-2.74,-0.0103,262.61,263.94,261.75,99663840.0,3879296495873.0,1151973006854350.0
2019-08-05,257.19,2.0,-5.8,-0.0220999999999999,261.1,261.4,256.76,131042821.0,4581363192619.0,1125510535974635.0
2019-08-06,253.41,2.0,-3.78,-0.0147,250.85,257.04,250.24,123167614.0,4868704186086.0,1108798599116050.0
2019-08-07,252.0,2.0,-1.41,-0.0056,254.46,254.9,251.08,90744695.0,3400475060365.0,1102373711047045.0
2019-08-08,252.4,1.0,0.4,0.0016,254.11,255.33,252.37,163707369.0,5065805527292.0,1105795104086255.0
2019-08-09,254.85,1.0,2.45,0.0097,255.13,256.15,254.41,117692639.0,3460645501513.0,1116340757351480.0
2019-08-12,255.35,1.0,0.5,0.002,255.57,256.43,254.43,69377330.0,2573099713669.0,1118422807698260.0
2019-08-13,252.83,2.0,-2.52,-0.0098999999999999,253.5,254.58,252.63,76819151.0,2897599654112.0,1108083201508060.0
2019-08-14,254.86,1.0,2.03,0.008,255.84,256.82,254.59,82238225.0,3276640342609.0,1115983932932515.0
2019-08-16,253.9,2.0,-0.96,-0.0038,252.76,253.94,251.46,71830645.0,2757642467772.0,1110674672819495.0
2019-08-19,255.11,1.0,1.21,0.0048,255.2,255.84,254.25,66018886.0,2263328984840.0,1117458390938690.0
2019-08-20,258.05,1.0,2.94,0.0115,255.53,258.62,254.74,81693248.0,2693626724455.0,1129186230818395.0
2019-08-21,258.38,1.0,0.33,0.0013,257.15,259.49,257.11,65481194.0,2535558588706.0,1131059671866185.0
2019-08-22,256.28,2.0,-2.1,-0.0081,258.53,258.73,256.25,67254698.0,2788207817128.0,1122557787543015.0
2019-08-23,256.11,2.0,-0.17,-0.0007,255.11,256.88,254.91,54778321.0,2167244121053.0,1121712153749730.0
2019-08-26,252.19,2.0,-3.92,-0.0153,251.8,253.14,250.99,62611508.0,2492430812999.0,1104159691228285.0
2019-08-27,253.5,1.0,1.31,0.0052,253.74,254.96,252.53,93381120.0,3630265074930.0,1109087304785155.0
2019-08-28,255.53,1.0,2.03,0.008,254.2,255.98,253.65,58341675.0,2318240600526.0,1118646177978385.0
2019-08-29,254.31,2.0,-1.22,-0.0048,255.68,256.28,253.6,64846967.0,2760368857059.0,1113727845956180.0
2019-08-30,259.0,1.0,4.69,0.0184,256.85,259.61,256.72,94156340.0,3343192630243.0,1134140932789970.0
2019-09-02,259.08,1.0,0.08,0.0003,258.25,259.74,257.8,54887131.0,2142110566595.0,1134691049556660.0
2019-09-03,258.25,2.0,-0.83,-0.0032,258.55,259.67,257.4,64324050.0,2661293663266.0,1132244733295780.0
2019-09-04,261.69,1.0,3.44,0.0133,257.89,261.69,257.76,69291289.0,2966247941921.0,1146321284485520.0
2019-09-05,264.44,1.0,2.75,0.0105,262.53,266.0,262.27,88986916.0,3995513946825.0,1156235194053685.0
2019-09-06,265.53,1.0,1.09,0.0040999999999999,266.2,266.36,264.74,59196071.0,2518199324714.0,1159448996037915.0
2019-09-09,267.4,1.0,1.87,0.0069999999999999,266.11,268.67,265.92,62206713.0,2699359791744.0,1166654352203665.0
2019-09-10,268.76,1.0,1.36,0.0051,267.96,269.13,267.35,66344741.0,2956233791358.0,1173572314179565.0
2019-09-11,270.84,1.0,2.08,0.0077,270.35,271.35,269.58,103898457.0,4749975097013.0,1183466354982050.0
2019-09-16,272.02,1.0,1.18,0.0044,271.48,272.03,269.59,103336989.0,4301472917818.0,1190130025287645.0
2019-09-17,271.68,2.0,-0.34,-0.0012,271.46,272.26,270.9,73743158.0,3067233132366.0,1189772426433895.0
2019-09-18,273.06,1.0,1.38,0.0051,271.88,273.72,271.04,67595059.0,2885293905766.0,1194703424233635.0
2019-09-19,274.92,1.0,1.86,0.0068,273.11,276.15,273.03,70498242.0,3251056400655.0,1201104622451255.0
2019-09-20,276.44,1.0,1.52,0.0055,275.01,276.67,274.46,74026928.0,3504949353393.0,1208237807459545.0
2019-09-23,276.65,1.0,0.21,0.0008,275.86,277.11,275.64,60185799.0,2637005690905.0,1208343041833085.0
2019-09-24,277.97,1.0,1.32,0.0048,276.41,278.17,275.55,68274237.0,2880773705939.0,1214554129385140.0
2019-09-25,274.42,2.0,-3.55,-0.0128,276.67,277.04,274.12,70837419.0,3266808901949.0,1199018576942595.0
2019-09-26,274.89,1.0,0.47,0.0017,275.61,276.38,273.5,89589807.0,2989692883768.0,1200355984138730.0
2019-09-27,271.33,2.0,-3.56,-0.013,273.32,273.4,270.52,57736582.0,2464564532157.0,1185270829341470.0
2019-09-30,273.55,1.0,2.22,0.0081999999999999,270.61,273.85,270.06,54691383.0,2509409605465.0,1194255059211550.0
2019-10-01,274.42,1.0,0.87,0.0032,273.43,275.38,272.81,52634201.0,2562235882213.0,1199514624478000.0
2019-10-02,268.55,2.0,-5.87,-0.0214,272.39,272.42,268.55,66211645.0,2749174720474.0,1174511784286095.0
2019-10-04,267.39,2.0,-1.16,-0.0043,268.14,270.16,267.39,62876815.0,2811074179843.0,1168744997908515.0
2019-10-07,267.67,1.0,0.28,0.001,269.12,269.75,266.83,53573530.0,2374998780805.0,1170566434343290.0
2019-10-08,271.36,1.0,3.69,0.0138,268.9,271.51,267.97,75077913.0,3151788399465.0,1185737859168960.0
2019-10-10,268.8,2.0,-2.56,-0.0093999999999999,268.79,270.78,266.23,98180225.0,4353974613879.0,1174443518051340.0
2019-10-11,271.3,1.0,2.5,0.0093,271.68,272.68,270.58,59636691.0,2631562427177.0,1184491700442530.0
2019-10-14,274.23,1.0,2.93,0.0108,274.71,275.75,273.97,71046334.0,2835930851797.0,1197262759050620.0
2019-10-15,274.34,1.0,0.11,0.0004,273.85,275.09,273.83,53052281.0,2319483030543.0,1197673099283180.0
2019-10-16,276.32,1.0,1.98,0.0072,276.26,277.59,275.24,65378120.0,2891322354072.0,1206365380736770.0
2019-10-17,275.57,2.0,-0.75,-0.0027,275.92,276.68,274.62,53874843.0,2508668709895.0,1203830707072095.0
2019-10-18,272.81,2.0,-2.76,-0.01,275.99,277.06,272.28,71469095.0,3512327274864.0,1192114946692675.0
2019-10-21,273.79,1.0,0.98,0.0036,273.87,274.1,272.67,45392367.0,1963648187603.0,1195271637302400.0
2019-10-22,277.41,1.0,3.62,0.0132,275.4,278.19,274.93,63876408.0,2925066497086.0,1210248394585570.0
2019-10-23,276.23,2.0,-1.18,-0.0043,276.83,277.29,275.34,65290456.0,3351039234669.0,1205709075848720.0
2019-10-24,276.7,1.0,0.47,0.0017,277.7,277.84,274.31,73683184.0,3583939064540.0,1208792854624885.0
2019-10-25,277.07,1.0,0.37,0.0013,277.6,277.67,275.7,58281859.0,3028661168516.0,1210854310658045.0
2019-10-28,277.78,1.0,0.71,0.0026,278.16,279.42,277.29,59073438.0,2779867187459.0,1214254411388605.0
2019-10-29,277.55,2.0,-0.23,-0.0008,279.25,279.49,276.81,57148264.0,2786204337308.0,1213442512123950.0
2019-10-30,275.51,2.0,-2.04,-0.0074,277.49,277.49,274.95,72533416.0,3261469033369.0,1205548653777745.0
2019-10-31,275.82,1.0,0.31,0.0011,276.84,279.04,275.82,78339943.0,3712939047359.0,1206945871695070.0
2019-11-01,278.43,1.0,2.61,0.0095,276.17,278.55,275.59,58542723.0,2671635057539.0,1217145350854205.0
2019-11-04,282.54,1.0,4.11,0.0148,279.9,282.77,279.9,76998491.0,3360533109861.0,1234822980772085.0
2019-11-05,284.38,1.0,1.84,0.0065,282.99,284.46,282.27,76359130.0,3236043920476.0,1242382942901430.0
2019-11-06,284.52,1.0,0.14,0.0005,284.31,286.43,283.7,77954458.0,3613953787775.0,1242698544099360.0
2019-11-07,284.37,2.0,-0.15,-0.0005,284.04,284.82,283.05,70724270.0,3272937846072.0,1242926505134990.0
2019-11-08,283.13,2.0,-1.24,-0.0044,285.81,286.12,282.57,73682137.0,3467111419287.0,1237647011891190.0
2019-11-11,280.85,2.0,-2.28,-0.0081,283.3,283.3,280.4,61560058.0,2701575463705.0,1228976658467225.0
2019-11-12,283.65,1.0,2.8,0.01,281.9,283.65,280.79,65567871.0,2699501796190.0,1239580573234300.0
2019-11-13,281.28,2.0,-2.37,-0.0084,282.28,282.49,280.62,60131757.0,2621675351416.0,1228131269527905.0
2019-11-14,283.93,1.0,2.65,0.0093999999999999,281.9,283.93,281.1,79764136.0,3589652578403.0,1239348149268320.0
2019-11-15,287.29,1.0,3.36,0.0118,283.85,287.72,283.3,71653544.0,3086832047031.0,1253354861286070.0
2019-11-18,287.18,2.0,-0.11,-0.0004,287.1,287.78,285.94,56111818.0,2579900022679.0,1252608594560550.0
2019-11-19,286.23,2.0,-0.95,-0.0033,285.74,286.34,283.73,68173663.0,3003706393974.0,1248340783235410.0
2019-11-20,282.21,2.0,-4.02,-0.0139999999999999,284.27,285.29,282.0,73554781.0,3316295933879.0,1232105132540630.0
2019-11-21,278.28,2.0,-3.93,-0.0139,281.89,282.33,276.98,81751129.0,3651412493707.0,1215555811773150.0
2019-11-22,279.43,1.0,1.15,0.0040999999999999,278.57,279.89,278.14,74348439.0,2955710234988.0,1219200725692295.0
2019-11-25,282.19,1.0,2.76,0.0098999999999999,281.77,283.53,281.48,64510882.0,3009253493489.0,1231724292094675.0
2019-11-26,281.83,2.0,-0.36,-0.0013,283.09,284.87,281.77,119522810.0,5682459774594.0,1229619956768485.0
2019-11-27,282.85,1.0,1.02,0.0036,283.56,284.02,281.27,60896468.0,2686649759714.0,1234236396379720.0
2019-11-28,281.23,2.0,-1.62,-0.0056999999999999,281.23,282.8,281.05,61623593.0,2895866321028.0,1228599628466785.0
2019-11-29,276.78,2.0,-4.45,-0.0158,282.08,282.1,276.34,74603530.0,3368454822776.0,1209753983789860.0
2019-12-02,277.44,1.0,0.66,0.0024,278.27,279.44,276.97,66611564.0,3153712651175.0,1212814481446760.0
2019-12-03,276.19,2.0,-1.25,-0.0045,274.93,276.63,273.88,67284418.0,3328195345226.0,1208341778734100.0
2019-12-04,274.15,2.0,-2.04,-0.0074,274.36,274.68,272.53,81917526.0,4042915954827.0,1199578324982275.0
2019-12-05,273.3,2.0,-0.85,-0.0031,275.65,276.63,272.53,66509328.0,3203347199693.0,1194983719904820.0
2019-12-06,276.56,1.0,3.26,0.0118999999999999,275.19,277.0,274.75,70112837.0,2801381841642.0,1207871430482680.0
2019-12-09,278.03,1.0,1.47,0.0053,278.31,278.75,277.02,70519015.0,2664666718852.0,1212310386094290.0
2019-12-10,279.31,1.0,1.28,0.0046,276.8,279.75,276.62,56665890.0,2420791528626.0,1218074772257230.0
2019-12-11,280.28,1.0,0.97,0.0034999999999999,279.19,281.03,278.45,66847020.0,2899445521763.0,1222458829110235.0
2019-12-12,285.11,1.0,4.83,0.0172,282.62,285.43,282.62,133649718.0,6547392256358.0,1241853896670135.0
2019-12-13,290.11,1.0,5.0,0.0175,289.34,290.11,288.32,99615761.0,4409821989750.0,1261994276037190.0
2019-12-16,289.76,2.0,-0.35,-0.0012,289.54,290.8,289.36,73743040.0,3179252560607.0,1260544755092915.0
2019-12-17,294.4,1.0,4.64,0.016,291.76,294.5,290.52,94368479.0,4583078182050.0,1277993856085310.0
2019-12-18,294.22,2.0,-0.18,-0.0006,294.31,295.85,293.05,76912440.0,3582523830474.0,1277465138618380.0
2019-12-19,294.31,1.0,0.09,0.0003,295.06,295.84,292.82,70191142.0,3323163957558.0,1278520492355035.0
2019-12-20,295.31,1.0,1.0,0.0034,295.58,295.86,293.95,75968087.0,3476348983186.0,1283107907489460.0
2019-12-23,294.87,2.0,-0.44,-0.0015,295.84,296.12,293.81,62094914.0,2896604465625.0,1282833157068130.0
2019-12-24,292.9,2.0,-1.97,-0.0067,295.18,295.25,292.47,60605345.0,2713291642598.0,1274889589440870.0
2019-12-26,294.06,1.0,1.16,0.004,293.12,294.07,291.79,68476489.0,3210835020685.0,1279018572814495.0
2019-12-27,295.2,1.0,1.14,0.0039,292.37,296.95,291.28,77505716.0,3595200041204.0,1281311282403945.0
2019-12-30,293.77,2.0,-1.43,-0.0048,294.6,295.49,293.4,54972424.0,2542759847145.0,1276530949109685.0
2020-01-02,290.35,2.0,-3.42,-0.0116,294.19,294.57,289.96,66161346.0,3179607127060.0,1261453309933690.0
2020-01-03,290.74,1.0,0.39,0.0013,293.1,294.88,289.04,79773386.0,3786974299485.0,1262242214935285.0
2020-01-06,288.43,2.0,-2.31,-0.0079,287.73,289.41,287.49,69955469.0,3021821664326.0,1250784113174805.0
2020-01-07,291.23,1.0,2.8,0.0097,290.01,292.26,289.64,65345566.0,3198886938282.0,1263417989590910.0
2020-01-08,289.42,2.0,-1.81,-0.0062,288.94,291.01,287.3,124529390.0,5688121940953.0,1251655072925540.0
2020-01-09,294.41,1.0,4.99,0.0172,293.83,294.41,292.1,111792014.0,5341389662069.0,1271818024384210.0
2020-01-10,297.06,1.0,2.65,0.009,294.8,297.17,294.17,94157266.0,4483974821322.0,1282977600516255.0
2020-01-13,300.13,1.0,3.07,0.0103,296.62,300.31,296.53,81682664.0,3990278991212.0,1296689251010565.0
2020-01-14,301.53,1.0,1.4,0.0046999999999999,302.2,303.61,300.69,92120109.0,4623084030942.0,1302723821648340.0
2020-01-15,299.74,2.0,-1.79,-0.0059,299.91,301.13,298.82,71766733.0,3530078753328.0,1296739503964610.0
2020-01-16,302.78,1.0,3.04,0.0101,299.93,302.91,298.95,85707638.0,3913796987292.0,1307442169936930.0
2020-01-17,303.3,1.0,0.52,0.0017,305.07,306.05,302.51,81541749.0,3747835662416.0,1309251213241225.0
2020-01-20,305.58,1.0,2.28,0.0075,304.99,307.54,304.77,78037041.0,4015899532878.0,1317679741740555.0
2020-01-21,302.11,2.0,-3.47,-0.0113999999999999,304.94,306.09,301.85,67631709.0,3428121382642.0,1303150736734315.0
2020-01-22,306.08,1.0,3.97,0.0131,301.79,306.52,301.16,79333567.0,4167142026529.0,1320110970202985.0
2020-01-23,302.33,2.0,-3.75,-0.0123,303.77,304.72,301.71,86908213.0,4680581087009.0,1306977360948070.0
2020-01-28,292.77,2.0,-9.56,-0.0316,294.98,296.3,291.3,130172631.0,6227848864250.0,1266063992946210.0
2020-01-29,293.98,1.0,1.21,0.0040999999999999,294.38,295.67,292.45,85731721.0,4532180797801.0,1270828072775055.0
2020-01-30,288.37,2.0,-5.61,-0.0191,293.27,294.11,287.09,101535382.0,5041424591902.0,1248683976438405.0
2020-01-31,284.53,2.0,-3.84,-0.0133,290.24,291.47,284.53,101455875.0,4981464166273.0,1231627890649345.0
2020-02-03,285.05,1.0,0.52,0.0018,280.17,286.24,279.78,111063423.0,5340314145680.0,1231676572573780.0
2020-02-04,290.68,1.0,5.63,0.0197999999999999,285.19,291.38,285.11,105451846.0,5490239355299.0,1254754457903370.0
2020-02-05,292.02,1.0,1.34,0.0046,293.57,294.26,290.3,102639669.0,5439113078670.0,1259351863882230.0
2020-02-06,300.65,1.0,8.63,0.0296,294.74,300.98,294.32,110215624.0,5560837664826.0,1297969704456055.0
2020-02-07,298.21,2.0,-2.44,-0.0081,299.59,300.05,296.01,108113022.0,6108929462072.0,1287844252585945.0
2020-02-10,296.24,2.0,-1.97,-0.0066,294.07,296.73,293.33,72223139.0,3557248081357.0,1281056811694255.0
2020-02-11,299.28,1.0,3.04,0.0103,297.91,301.1,297.48,78351004.0,4458457437040.0,1294407439733335.0
2020-02-12,301.54,1.0,2.26,0.0076,299.83,302.2,298.09,110634418.0,4681083404674.0,1303859528946015.0
2020-02-13,300.93,2.0,-0.61,-0.002,302.79,304.43,300.48,115074744.0,5791375282807.0,1300529953352645.0
2020-02-14,303.01,1.0,2.08,0.0069,300.95,304.2,299.18,80533146.0,3926717009713.0,1307713062797130.0
2020-02-17,302.76,2.0,-0.25,-0.0008,302.84,304.05,300.99,84276194.0,3566139143157.0,1306989311341610.0
2020-02-18,297.74,2.0,-5.02,-0.0166,300.26,301.29,297.2,84753423.0,4118990134714.0,1286901876519680.0
2020-02-19,298.33,1.0,0.59,0.002,299.68,300.38,295.53,84259077.0,4357432708080.0,1288039027720615.0
2020-02-20,296.65,2.0,-1.68,-0.0056,300.34,301.35,295.01,90009979.0,4513365141935.0,1279346670419325.0
2020-02-21,292.42,2.0,-4.23,-0.0143,292.16,295.24,291.96,100708304.0,4344622684497.0,1260367086869560.0
2020-02-24,281.02,2.0,-11.4,-0.039,285.51,286.62,281.02,132824242.0,6138633825259.0,1210815228873860.0
2020-02-25,284.24,1.0,3.22,0.0115,280.48,284.63,279.77,117025460.0,5776797027673.0,1224716168003415.0
2020-02-26,279.94,2.0,-4.3,-0.0151,278.45,281.98,277.68,119551044.0,5569800712805.0,1207718747826030.0
2020-02-27,277.09,2.0,-2.85,-0.0102,279.46,281.09,276.07,110499111.0,5040468461189.0,1195797725603490.0
2020-02-28,268.02,2.0,-9.07,-0.0327,272.33,273.98,267.23,202612815.0,7463367783904.0,1156312933938700.0
2020-03-02,270.37,1.0,2.35,0.0088,269.59,272.6,265.7,163722838.0,5998588583913.0,1164933433117885.0
2020-03-03,271.56,1.0,1.19,0.0044,277.44,277.54,270.79,146719241.0,5833762398834.0,1170516374917235.0
2020-03-04,278.13,1.0,6.57,0.0242,270.13,278.9,270.13,208456677.0,5584222109594.0,1197473782056615.0
2020-03-05,281.38,1.0,3.25,0.0116999999999999,280.66,282.05,277.91,147443706.0,5632793180162.0,1212552077660630.0
2020-03-06,275.1,2.0,-6.28,-0.0223,276.74,278.31,274.0,140905531.0,4628727479132.0,1185526074642795.0
2020-03-09,263.11,2.0,-11.99,-0.0436,266.39,267.75,261.76,182667732.0,6631638705295.0,1135853606514115.0
2020-03-10,264.67,1.0,1.56,0.0059,261.94,265.57,260.75,173094220.0,7049190397463.0,1141361792873230.0
2020-03-11,257.01,2.0,-7.66,-0.0289,264.63,265.04,255.69,194207114.0,6934520722320.0,1109559663614550.0
2020-03-12,247.62,2.0,-9.39,-0.0365,253.93,255.49,243.76,242469676.0,9166581685805.0,1068037752276260.0
2020-03-13,240.65,2.0,-6.97,-0.0281,231.71,246.19,227.36,298898659.0,10724653461955.0,1035034987017505.0
2020-03-16,232.97,2.0,-7.68,-0.0319,245.21,245.21,232.76,175050836.0,6679042837356.0,1001563467584422.0
2020-03-17,226.89,2.0,-6.08,-0.0260999999999999,222.94,234.56,222.46,216732913.0,8029497804396.0,975774766121234.0
2020-03-18,215.83,2.0,-11.06,-0.0487,228.63,230.04,215.81,208043344.0,7432067068829.0,927955412841806.0
2020-03-19,199.28,2.0,-16.55,-0.0767,220.72,220.85,196.27,303559674.0,9895582687576.0,854289440222007.0
2020-03-20,213.67,1.0,14.39,0.0722,204.84,214.08,200.54,269348298.0,8608079172646.0,917872790744243.0
2020-03-23,201.87,2.0,-11.8,-0.0552,200.8,206.66,198.67,210303010.0,7758011833853.0,868076947665973.0
2020-03-24,220.34,1.0,18.47,0.0915,207.65,220.34,205.41,225734650.0,8381780045001.0,946178416466856.0
2020-03-25,232.89,1.0,12.55,0.057,228.37,233.42,224.74,306106523.0,10214295980874.0,1001136048726311.0
2020-03-26,229.34,2.0,-3.55,-0.0152,231.91,236.61,229.22,290839643.0,9290311651986.0,986446511728914.0
2020-03-27,233.79,1.0,4.45,0.0194,239.11,239.48,227.01,249097569.0,8376358610364.0,1004179214512021.0
2020-03-30,232.45,2.0,-1.34,-0.0056999999999999,227.05,234.7,225.09,167229963.0,5765527826761.0,1000009899330450.0
2020-03-31,236.82,1.0,4.37,0.0187999999999999,235.2,237.47,232.5,240443996.0,10116115759394.0,1020134704530480.0
2020-04-01,226.35,2.0,-10.47,-0.0441999999999999,234.23,237.52,226.34,228582917.0,7913912554463.0,976150805825695.0
2020-04-02,231.84,1.0,5.49,0.0243,227.47,232.22,223.6,181789449.0,7548550111929.0,1000440011519000.0
2020-04-03,231.7,2.0,-0.14,-0.0006,232.48,234.45,229.23,181037704.0,6313975247155.0,999738801867700.0
2020-04-06,240.81,1.0,9.11,0.0393,234.4,241.19,233.75,190735319.0,6552309976639.0,1038973191321360.0
2020-04-07,244.87,1.0,4.06,0.0169,245.65,247.39,240.68,224450405.0,8030025997464.0,1056743492094140.0
2020-04-08,241.89,2.0,-2.98,-0.0121999999999999,243.71,246.99,241.77,173124206.0,6327462222493.0,1045314298803960.0
2020-04-09,245.61,1.0,3.72,0.0154,246.13,246.46,243.11,175943828.0,6264902174737.0,1061855103419225.0
2020-04-10,248.0,1.0,2.39,0.0097,245.14,248.21,244.02,286111384.0,8017524561019.0,1076489476466150.0
2020-04-13,243.4,2.0,-4.6,-0.0185,246.59,246.9,243.39,195898883.0,6122882379698.0,1055858047230020.0
2020-04-14,247.45,1.0,4.05,0.0166,246.2,248.55,244.58,193118126.0,6324478963869.0,1073726558045430.0
2020-04-16,247.1,2.0,-0.35,-0.0014,244.99,247.87,243.61,197540955.0,7080233242832.0,1072469241547260.0
2020-04-17,255.02,1.0,7.92,0.0321,252.52,257.37,252.38,287358889.0,8845497222027.0,1105905187692585.0
2020-04-20,252.14,2.0,-2.88,-0.0113,253.85,255.93,251.46,211000353.0,7086991401554.0,1095396312068485.0
2020-04-21,249.4,2.0,-2.74,-0.0109,250.26,251.88,245.11,257155767.0,9189581681700.0,1084619554304620.0
2020-04-22,251.88,1.0,2.48,0.0098999999999999,246.16,252.18,244.56,184498560.0,6416486137882.0,1094590793965850.0
2020-04-23,253.74,1.0,1.86,0.0074,253.42,255.22,251.58,163807563.0,6790106157640.0,1104939544044940.0
2020-04-24,250.28,2.0,-3.46,-0.0136,252.47,252.86,249.19,154306123.0,5580465389957.0,1090527347896120.0
2020-04-27,254.84,1.0,4.56,0.0182,251.18,255.79,250.61,151357844.0,5410331030367.0,1110432389694540.0
2020-04-28,256.39,1.0,1.55,0.0060999999999999,255.91,257.34,253.22,172425764.0,6016788152603.0,1117456146739155.0
2020-04-29,258.15,1.0,1.76,0.0069,256.58,259.67,256.04,184478197.0,6586219380156.0,1125301227134590.0
2020-05-04,250.6,2.0,-7.55,-0.0292,252.44,253.7,250.34,174038131.0,6859536880500.0,1091866403130355.0
2020-05-06,255.0,1.0,4.4,0.0176,253.76,255.01,251.26,133276766.0,5374547560009.0,1111453805373505.0
2020-05-07,254.46,2.0,-0.54,-0.0021,253.88,256.14,253.37,114357240.0,4686706807548.0,1109728186643650.0
2020-05-08,256.62,1.0,2.16,0.0085,256.66,258.29,256.23,125220076.0,5561126579153.0,1119666963566615.0
2020-05-11,254.95,2.0,-1.67,-0.0065,257.67,258.87,254.59,144301011.0,5260291537662.0,1112647422084610.0
2020-05-12,253.37,2.0,-1.58,-0.0062,255.33,255.56,250.98,166805269.0,6516804838378.0,1105161601063600.0
2020-05-13,255.85,1.0,2.48,0.0098,250.03,255.85,249.95,141246606.0,6140767209775.0,1116698947933260.0
2020-05-14,253.65,2.0,-2.2,-0.0086,253.26,254.39,252.09,167643083.0,6732510779999.0,1107735090945580.0
2020-05-15,253.79,1.0,0.14,0.0006,255.34,255.49,252.02,228895901.0,6538638175684.0,1108357092915505.0
2020-05-18,255.44,1.0,1.65,0.0065,254.55,256.31,252.95,223000267.0,6205657035980.0,1115021094440040.0
2020-05-19,261.79,1.0,6.35,0.0249,261.12,262.34,259.96,253334696.0,8143511605175.0,1141999162333835.0
2020-05-20,262.72,1.0,0.93,0.0036,260.48,263.25,260.48,140295963.0,5326139182520.0,1146097892672055.0
2020-05-21,263.74,1.0,1.02,0.0039,264.52,264.85,263.07,159483881.0,6153598950740.0,1150709536742800.0
2020-05-22,259.62,2.0,-4.12,-0.0156,263.82,264.07,258.34,166029118.0,5908150660408.0,1133519960471305.0
2020-05-25,262.76,1.0,3.14,0.0121,260.95,262.82,259.16,125429277.0,5281622020740.0,1148085314525565.0
2020-05-26,267.31,1.0,4.55,0.0173,263.48,267.31,262.95,175423381.0,7667870230460.0,1168548946307055.0
2020-05-27,267.64,1.0,0.33,0.0012,266.71,269.17,265.86,247180866.0,8068227452825.0,1169038842434230.0
2020-05-28,268.29,1.0,0.65,0.0024,270.17,271.44,264.85,248929752.0,9716575144426.0,1168845093511245.0
2020-05-29,268.32,1.0,0.03,0.0001,266.62,269.61,265.23,269468221.0,9425014256171.0,1169624330279295.0
2020-06-01,273.19,1.0,4.87,0.0181,269.29,273.39,268.93,171513948.0,6620163965665.0,1190361301734765.0
2020-06-02,276.08,1.0,2.89,0.0106,272.65,276.47,272.22,251026881.0,6918100295872.0,1203237911059695.0
2020-06-03,285.91,1.0,9.83,0.0356,279.14,287.49,278.98,476504189.0,13360669496479.0,1242313653074375.0
2020-06-04,286.45,1.0,0.54,0.0019,291.17,292.9,284.93,364576047.0,11579206919072.0,1244982268475600.0
2020-06-05,290.62,1.0,4.17,0.0146,286.3,291.5,284.5,282059702.0,9426130594528.0,1263170869753945.0
2020-06-08,290.77,1.0,0.15,0.0005,295.41,295.68,289.71,286659452.0,9807419646254.0,1264226360252860.0
2020-06-09,291.32,1.0,0.55,0.0019,293.96,294.87,287.83,268569670.0,10153868978163.0,1266002328482560.0
2020-06-10,291.9,1.0,0.58,0.002,291.03,292.92,289.6,229067190.0,8568457805540.0,1269832757431620.0
2020-06-11,288.62,2.0,-3.28,-0.0112,289.98,292.08,284.29,275904210.0,11835398554398.0,1257908341248075.0
2020-06-12,281.78,2.0,-6.84,-0.0237,276.97,282.54,276.05,232833918.0,10950830279676.0,1249164147522295.0
2020-06-15,267.95,2.0,-13.83,-0.0491,278.61,280.87,267.95,262444722.0,12965653357947.0,1190142487629145.0
2020-06-16,282.59,1.0,14.64,0.0546,275.89,282.59,274.0,247894052.0,9831669310268.0,1254372907357805.0
2020-06-17,283.02,1.0,0.43,0.0015,282.08,284.9,278.33,337224701.0,11514654556098.0,1256153388818575.0
2020-06-18,281.91,2.0,-1.11,-0.0039,281.74,283.39,280.02,181587469.0,7225990784127.0,1250366207273730.0
2020-06-19,283.37,1.0,1.46,0.0052,284.56,284.7,278.53,189129302.0,7524815125931.0,1254996315055330.0
2020-06-22,281.42,2.0,-1.95,-0.0069,281.01,283.71,280.34,139843632.0,6537834172971.0,1245878018182740.0
2020-06-23,281.94,1.0,0.52,0.0018,284.64,286.04,279.26,163675177.0,8855402677586.0,1248606977068995.0
2020-06-24,286.7,1.0,4.76,0.0169,283.71,288.3,283.3,200574713.0,9090255155521.0,1267919132360580.0
2020-06-25,279.73,2.0,-6.97,-0.0243,282.38,284.36,279.73,152979493.0,6902138577560.0,1237688653615030.0
2020-06-26,283.38,1.0,3.65,0.013,283.36,284.58,280.65,169014592.0,6464987386953.0,1252507153246350.0
2020-06-29,278.04,2.0,-5.34,-0.0187999999999999,279.36,281.77,277.06,137759465.0,6344588901772.0,1228171385901055.0
2020-06-30,280.09,1.0,2.05,0.0074,282.55,283.98,280.09,179501432.0,8123314196151.0,1236936096314955.0
2020-07-01,280.26,1.0,0.17,0.0006,283.1,283.84,279.44,133801572.0,6533216781721.0,1236785142475835.0
2020-07-02,283.86,1.0,3.6,0.0128,281.3,283.89,280.71,111369839.0,6674485713589.0,1252840214699700.0
2020-07-03,285.89,1.0,2.03,0.0072,285.59,286.09,283.36,100221164.0,5501339178514.0,1260023627329055.0
2020-07-06,290.62,1.0,4.73,0.0165,286.84,291.14,286.31,128117998.0,6653211452931.0,1278157125778195.0
2020-07-07,286.77,2.0,-3.85,-0.0132,292.74,292.98,286.76,156134276.0,8077163540674.0,1262644615436355.0
2020-07-08,285.97,2.0,-0.8,-0.0028,287.2,288.41,285.18,119448145.0,6549540426831.0,1258803037656025.0
2020-07-09,287.25,1.0,1.28,0.0045,287.8,289.41,287.08,140609080.0,7979409781310.0,1264558009833795.0
2020-07-10,285.06,2.0,-2.19,-0.0076,287.87,288.09,283.51,136769987.0,7236831906846.0,1253436200135435.0
2020-07-13,289.84,1.0,4.78,0.0168,287.92,290.49,286.86,127051804.0,6146078384763.0,1274549478499680.0
2020-07-14,289.63,2.0,-0.21,-0.0007,288.42,289.63,286.89,126301604.0,6687496172749.0,1274006880111815.0
2020-07-15,292.27,1.0,2.64,0.0091,292.94,294.42,290.89,168346112.0,8004487949111.0,1285601568030370.0
2020-07-16,289.25,2.0,-3.02,-0.0103,292.34,292.74,288.46,129448885.0,6530538092371.0,1273150448700350.0
2020-07-17,291.57,1.0,2.32,0.008,289.9,292.1,289.9,118643546.0,6363758702734.0,1282763642384775.0
2020-07-20,290.81,2.0,-0.76,-0.0026,292.76,292.76,289.01,161819377.0,8011400978480.0,1279645827199285.0
2020-07-21,295.16,1.0,4.35,0.015,294.03,296.11,293.2,366994904.0,11478894516644.0,1298266646366190.0
2020-07-22,294.04,2.0,-1.12,-0.0038,294.71,296.14,293.39,327318310.0,10214872505581.0,1296867511888705.0
2020-07-23,292.37,2.0,-1.67,-0.0056999999999999,293.62,293.62,290.49,250981599.0,11127156014571.0,1288645707344215.0
2020-07-24,290.66,2.0,-1.71,-0.0058,289.84,292.74,289.42,216209943.0,9899343055333.0,1279700634132725.0
2020-07-27,293.51,1.0,2.85,0.0098,291.03,295.26,290.82,193245714.0,8016462420257.0,1291646466695770.0
2020-07-28,300.13,1.0,6.62,0.0226,296.53,301.34,296.38,301281030.0,10724796861641.0,1317511659334500.0
2020-07-29,301.25,1.0,1.12,0.0037,300.57,303.51,299.61,264445341.0,9308691719913.0,1322314181700580.0
2020-07-30,301.85,1.0,0.6,0.002,303.13,304.13,301.49,191758758.0,8187025482402.0,1324450535395550.0
2020-07-31,299.32,2.0,-2.53,-0.0084,303.69,304.16,298.89,201965903.0,8456630905676.0,1314364008256975.0
2020-08-03,299.46,1.0,0.14,0.0005,299.57,300.33,297.57,179728174.0,9281198070955.0,1315525932861150.0
2020-08-04,303.04,1.0,3.58,0.012,302.5,304.27,301.48,219866019.0,9689069353725.0,1331970336110660.0
2020-08-05,306.64,1.0,3.6,0.0118999999999999,303.94,306.67,302.91,210808209.0,12324476490288.0,1351701802520985.0
2020-08-06,311.32,1.0,4.68,0.0153,307.88,312.84,307.88,254205660.0,12465040710544.0,1370926020549220.0
2020-08-07,312.57,1.0,1.25,0.004,311.99,314.11,310.0,299118668.0,12726819518689.0,1377754871820420.0
2020-08-10,316.77,1.0,4.2,0.0134,312.75,317.84,312.08,261178496.0,13609052636814.0,1396982788618200.0
2020-08-11,321.02,1.0,4.25,0.0134,317.63,322.64,317.56,297602489.0,14272135551299.0,1417727358270025.0
2020-08-12,322.68,1.0,1.66,0.0052,320.31,322.68,317.3,293136059.0,12806343586796.0,1427244050724160.0
2020-08-13,323.33,1.0,0.65,0.002,325.84,326.22,319.66,285739840.0,13665611144367.0,1430995397749595.0
2020-08-14,319.24,2.0,-4.09,-0.0126,321.59,322.66,316.28,260399011.0,11874028433776.0,1413434981005110.0
2020-08-18,312.84,2.0,-6.4,-0.02,319.57,321.69,311.2,247516738.0,12672817000271.0,1381445435763935.0
2020-08-19,313.54,1.0,0.7,0.0022,315.96,316.82,313.18,159932584.0,8587348509169.0,1387104757452930.0
2020-08-20,301.59,2.0,-11.95,-0.0381,310.45,312.77,301.15,249735163.0,11791990076498.0,1334736778743770.0
2020-08-21,306.16,1.0,4.57,0.0152,306.17,309.88,303.15,166304361.0,8901226972585.0,1354373287234960.0
2020-08-24,309.33,1.0,3.17,0.0104,306.86,310.27,303.39,142209956.0,7236120208215.0,1368411268387215.0
2020-08-25,313.59,1.0,4.26,0.0138,312.45,314.14,310.57,197815447.0,8301527086912.0,1388219951409565.0
2020-08-26,314.19,1.0,0.6,0.0019,313.61,315.08,309.74,193544814.0,8906934090813.0,1389301812181510.0
2020-08-27,311.38,2.0,-2.81,-0.0089,314.46,315.17,311.37,175568010.0,9275817889250.0,1375528342375455.0
2020-08-28,312.24,1.0,0.86,0.0028,313.86,315.95,311.06,256410968.0,9571559626114.0,1380580187684490.0
2020-08-31,307.14,2.0,-5.1,-0.0163,315.46,316.11,307.12,312176254.0,13400343737173.0,1360103387208680.0
2020-09-01,309.81,1.0,2.67,0.0087,309.08,311.15,307.63,342809386.0,10155545538255.0,1372544040076525.0
2020-09-02,311.5,1.0,1.69,0.0055,311.69,312.92,308.52,337044995.0,9332304788608.0,1379036788429595.0
2020-09-03,316.43,1.0,4.93,0.0158,314.73,317.46,314.45,342178864.0,11598303315394.0,1398120029489080.0
2020-09-04,312.03,2.0,-4.4,-0.0139,308.25,312.64,308.04,408030009.0,12778957016075.0,1379272820628570.0
2020-09-07,313.67,1.0,1.64,0.0053,312.08,314.44,310.93,264670492.0,10016266959895.0,1386502793018090.0
2020-09-08,317.38,1.0,3.71,0.0118,316.31,317.43,314.56,227269331.0,10769880838045.0,1400220416799485.0
2020-09-09,313.77,2.0,-3.61,-0.0113999999999999,313.54,315.9,312.9,198501954.0,10674553854169.0,1384425414507145.0
2020-09-10,316.53,1.0,2.76,0.0088,317.92,318.38,315.46,234267932.0,9908495691787.0,1395966913927455.0
2020-09-11,316.45,2.0,-0.08,-0.0003,315.64,316.77,313.2,165157142.0,7088266997061.0,1409480270708480.0
2020-09-14,320.98,1.0,4.53,0.0143,319.83,321.22,318.54,176783413.0,7713185173130.0,1428651925180700.0
2020-09-15,323.36,1.0,2.38,0.0074,321.82,323.57,320.54,152449880.0,7595470234393.0,1438152770755280.0
2020-09-16,322.31,2.0,-1.05,-0.0032,323.14,324.19,321.52,146879341.0,7418881751095.0,1433766906463870.0
2020-09-17,318.0,2.0,-4.31,-0.0134,321.3,322.23,316.92,178303910.0,10390106000099.0,1415816011714375.0
2020-09-18,318.39,1.0,0.39,0.0012,319.2,319.81,316.62,153535835.0,8448223497205.0,1417806686568180.0
2020-09-21,315.89,2.0,-2.5,-0.0079,318.13,320.86,314.78,165855145.0,8253843598349.0,1405511015963600.0
2020-09-22,308.82,2.0,-7.07,-0.0224,315.53,316.02,307.4,304358706.0,9911269449268.0,1372106087019590.0
2020-09-23,309.64,1.0,0.82,0.0027,311.5,311.76,303.29,208052415.0,8990420535464.0,1372780643495390.0
2020-09-24,302.48,2.0,-7.16,-0.0231,304.85,306.98,301.95,181246366.0,8380404784603.0,1339007243387505.0
2020-09-25,303.57,1.0,1.09,0.0036,305.38,305.55,301.93,156860045.0,6278134678207.0,1343562619828545.0
2020-09-28,307.03,1.0,3.46,0.0113999999999999,306.49,308.34,304.64,173178210.0,5702612987004.0,1360111243298585.0
2020-09-29,309.44,1.0,2.41,0.0078,310.01,311.34,308.52,138815117.0,6077609003223.0,1371825400320655.0
2020-10-05,313.51,1.0,4.07,0.0132,309.65,314.66,309.09,157986196.0,7120643481652.0,1389194561926965.0
2020-10-06,314.45,1.0,0.94,0.003,315.13,316.48,313.03,139894860.0,6411878183504.0,1393780357258315.0
2020-10-07,317.35,1.0,2.9,0.0092,312.34,317.44,311.82,124429688.0,5273799827206.0,1406655023684895.0
2020-10-08,317.47,1.0,0.12,0.0004,320.31,320.38,316.6,168692587.0,8471910138311.0,1408458232756110.0
2020-10-12,319.15,1.0,1.68,0.0053,318.99,320.01,317.67,140937321.0,6923381907738.0,1415555215715070.0
2020-10-13,319.58,1.0,0.43,0.0013,321.04,321.45,316.98,126741368.0,6568609540494.0,1416149972026240.0
2020-10-14,316.57,2.0,-3.01,-0.0093999999999999,319.6,319.88,315.71,129341624.0,6719033619424.0,1402264590423070.0
2020-10-15,313.92,2.0,-2.65,-0.0084,315.76,315.89,312.4,124410109.0,6366830510346.0,1390985779024215.0
2020-10-16,311.83,2.0,-2.09,-0.0067,314.41,315.47,309.67,126440573.0,6249577959140.0,1382051659385290.0
2020-10-19,312.59,1.0,0.76,0.0024,313.43,314.94,312.19,138223066.0,6282963020139.0,1385247060536330.0
2020-10-20,314.71,1.0,2.12,0.0068,311.02,314.91,309.95,135684240.0,8158322100230.0,1394580255787595.0
2020-10-21,315.76,1.0,1.05,0.0033,315.34,316.61,314.16,136809551.0,6163364636856.0,1400745430087425.0
2020-10-22,313.77,2.0,-1.99,-0.0063,313.62,314.29,311.55,140732139.0,6207722373178.0,1391326738645370.0
2020-10-23,314.79,1.0,1.02,0.0033,314.98,315.83,312.31,198024466.0,6317024911289.0,1394700062626495.0
2020-10-26,313.53,2.0,-1.26,-0.004,315.63,316.78,313.33,170879657.0,8144190442600.0,1388209620667635.0
2020-10-27,311.8,2.0,-1.73,-0.0055,311.5,313.93,310.55,162315182.0,8142699508388.0,1380792995385345.0
2020-10-28,313.17,1.0,1.37,0.0044,310.66,313.3,309.44,120214058.0,5554840759028.0,1387240935855600.0
2020-10-29,309.94,2.0,-3.23,-0.0103,308.99,310.56,306.63,139037843.0,7017689911945.0,1375395985345245.0
2020-10-30,301.6,2.0,-8.34,-0.0269,308.91,309.08,301.58,178914965.0,8542347776825.0,1339501422517350.0
2020-11-02,305.95,1.0,4.35,0.0144,302.67,306.43,301.37,111034539.0,5394312960699.0,1358980294958250.0
2020-11-03,312.07,1.0,6.12,0.02,308.14,312.35,308.01,129003581.0,7147767979843.0,1385174160592335.0
2020-11-04,313.83,1.0,1.76,0.0056,314.31,315.62,311.37,212323092.0,10727047794990.0,1394666539553110.0
2020-11-05,321.51,1.0,7.68,0.0245,315.74,321.51,315.27,186088118.0,9471766601832.0,1429078099882865.0
2020-11-06,322.1,1.0,0.59,0.0018,322.72,324.28,320.61,143961595.0,8586860682841.0,1431027828630320.0
2020-11-09,325.83,1.0,3.73,0.0116,325.25,328.02,324.51,276824779.0,9841507816437.0,1447780760488580.0
2020-11-10,326.13,1.0,0.3,0.0009,326.33,327.0,323.79,331188190.0,12290587959147.0,1450170461847890.0
2020-11-11,331.12,1.0,4.99,0.0153,327.04,331.46,327.01,323227432.0,12515764415218.0,1472010868347655.0
2020-11-12,329.72,2.0,-1.4,-0.0042,330.57,331.58,328.46,342298921.0,10251033085113.0,1465596882854425.0
2020-11-13,333.03,1.0,3.31,0.01,329.09,333.15,328.25,291359489.0,10272474856073.0,1476983488073630.0
2020-11-16,340.63,1.0,7.6,0.0227999999999999,335.2,341.15,335.2,465748628.0,13932938953305.0,1506968911451090.0
2020-11-17,339.85,2.0,-0.78,-0.0023,340.84,342.57,339.06,403201758.0,12286302530560.0,1505152803565760.0
2020-11-18,339.96,1.0,0.11,0.0003,341.07,341.81,338.64,231636772.0,9469839834165.0,1508836082277275.0
2020-11-19,340.16,1.0,0.2,0.0006,338.56,340.42,337.51,215097390.0,7837609798887.0,1509938510448995.0
2020-11-20,340.62,1.0,0.46,0.0014,339.48,341.71,338.59,179112200.0,7109238794598.0,1512325702996325.0
2020-11-23,348.46,1.0,7.84,0.023,341.51,348.94,340.6,380836876.0,9707925162417.0,1543868427957305.0
2020-11-24,350.28,1.0,1.82,0.0052,350.3,352.55,348.61,295437109.0,11301918073726.0,1552569851230985.0
2020-11-25,348.3,2.0,-1.98,-0.0056999999999999,353.05,353.96,346.17,333143423.0,16287810142559.0,1543894329155650.0
2020-11-26,352.12,1.0,3.82,0.011,348.66,352.12,346.77,182185194.0,8889575576640.0,1558459205435300.0
2020-11-27,352.73,1.0,0.61,0.0017,351.83,353.19,350.63,178419287.0,8012487283760.0,1562094940240830.0
2020-11-30,346.05,2.0,-6.68,-0.0189,354.7,354.78,346.05,339062739.0,15374366774592.0,1533851414548470.0
2020-12-01,352.4,1.0,6.35,0.0183,349.37,353.26,349.07,260004281.0,9835984594770.0,1560284802909350.0
2020-12-02,358.66,1.0,6.26,0.0178,354.33,359.15,354.0,220902127.0,10335625145966.0,1585057467151280.0
2020-12-03,361.66,1.0,3.0,0.0084,360.36,361.66,358.45,206857670.0,10512512938369.0,1598407528977625.0
2020-12-04,367.63,1.0,5.97,0.0165,363.28,369.67,363.23,281110476.0,13986331358008.0,1622342998065100.0
2020-12-07,369.86,1.0,2.23,0.0060999999999999,368.59,371.51,365.32,221800886.0,12499140635728.0,1632114873898535.0
2020-12-08,363.45,2.0,-6.41,-0.0173,369.73,370.11,363.41,192366586.0,11695796708248.0,1603465867173805.0
2020-12-09,371.47,1.0,8.02,0.0220999999999999,363.77,371.64,363.77,191952964.0,10915023264620.0,1636862989792515.0
2020-12-10,369.37,2.0,-2.1,-0.0056999999999999,370.74,372.68,365.76,344585810.0,15318298080019.0,1629800502591835.0
2020-12-11,372.24,1.0,2.87,0.0078,370.45,374.3,370.39,331020208.0,14477293316715.0,1670413956984915.0
2020-12-14,371.56,2.0,-0.68,-0.0018,372.14,374.72,370.5,284473334.0,12239048973033.0,1665692228261565.0
2020-12-15,370.88,2.0,-0.68,-0.0018,371.75,372.64,367.7,243331684.0,10755575092429.0,1661926021597500.0
2020-12-16,372.53,1.0,1.65,0.0044,371.86,374.53,371.03,188952289.0,8941284879190.0,1670662807452955.0
2020-12-17,372.0,2.0,-0.53,-0.0014,372.12,372.6,368.07,244579559.0,11574244722917.0,1669449884105430.0
2020-12-18,371.55,2.0,-0.45,-0.0012,372.02,373.37,370.5,307533676.0,13610228450765.0,1669171928654065.0
2020-12-21,372.18,1.0,0.63,0.0017,371.51,372.44,368.05,252572563.0,12596264404061.0,1672408687316960.0
2020-12-22,366.43,2.0,-5.75,-0.0154,371.08,371.91,366.43,291110171.0,12339656502207.0,1646357318430670.0
2020-12-23,371.32,1.0,4.89,0.0133,367.02,371.93,364.72,296021598.0,14355360989450.0,1665117673533095.0
2020-12-24,379.18,1.0,7.86,0.0212,371.67,380.29,371.67,314368585.0,14405605822470.0,1697501365510295.0
2020-12-28,379.93,1.0,0.75,0.002,381.51,383.84,378.44,304328626.0,18207122791866.0,1699961888272515.0
2020-12-29,381.27,1.0,1.34,0.0034999999999999,380.34,382.31,377.04,234719223.0,14627035274185.0,1705453055744315.0
2020-12-30,389.29,1.0,8.02,0.021,381.21,390.04,379.14,236858021.0,12816206027510.0,1738774271201265.0
2021-01-04,399.88,1.0,10.59,0.0272,389.5,400.78,388.88,361886757.0,20828370493095.0,1784090577127965.0
2021-01-05,406.03,1.0,6.15,0.0154,399.79,406.03,396.43,470868837.0,20755374346434.0,1812771676767455.2
2021-01-06,402.08,2.0,-3.95,-0.0097,406.33,411.21,401.06,429077337.0,22700275121526.0,1796879691590095.0
2021-01-07,410.81,1.0,8.73,0.0217,404.0,414.65,403.99,460331917.0,20865124437686.0,1836630326396780.0
2021-01-08,430.22,1.0,19.41,0.0472,412.06,431.99,412.06,499112018.0,34756755069426.0,1916277931751530.0
2021-01-11,431.13,1.0,0.91,0.0021,431.69,449.04,424.16,545782057.0,37379963637404.0,1916523199554880.0
2021-01-12,427.87,2.0,-3.26,-0.0076,430.8,432.04,416.29,362364717.0,24623958345963.0,1901278805074784.8
2021-01-13,430.38,1.0,2.51,0.0059,427.98,433.27,424.97,303667329.0,19059128104342.0,1914300756388190.0
2021-01-14,429.85,2.0,-0.53,-0.0012,430.43,431.54,427.13,284702447.0,18495731422750.0,1914187534594204.8
2021-01-15,420.43,2.0,-9.42,-0.0219,430.37,436.35,420.33,279520880.0,17436391345142.0,1873887676290135.2
2021-01-18,410.5,2.0,-9.93,-0.0236,419.7,419.7,408.69,289243338.0,17355190753399.0,1829257129745664.8
2021-01-19,421.35,1.0,10.85,0.0264,410.21,423.82,409.67,259933858.0,17238118030260.0,1877750837103850.0
2021-01-20,424.01,1.0,2.66,0.0063,425.17,429.39,419.27,259501502.0,18866564217586.0,1890817927321200.0
2021-01-21,430.27,1.0,6.26,0.0148,425.29,431.05,424.64,302482033.0,19221375820233.0,1919753455988560.0
2021-01-22,427.13,2.0,-3.14,-0.0073,430.73,433.84,427.13,269257473.0,19087641760593.0,1906677284829355.2
2021-01-25,437.3,1.0,10.17,0.0237999999999999,427.64,437.96,427.17,231210711.0,15579793120515.0,1946841161207015.2
2021-01-26,426.73,2.0,-10.57,-0.0242,436.27,437.19,425.64,236600961.0,17683990602283.0,1905216412733550.0
2021-01-27,423.67,2.0,-3.06,-0.0072,427.11,432.62,423.23,205609157.0,15862484812790.0,1894408305573944.8
2021-01-28,416.4,2.0,-7.27,-0.0172,422.92,422.92,413.34,242941275.0,17045041427519.0,1862131125654130.0
2021-01-29,404.56,2.0,-11.84,-0.0283999999999999,417.92,421.05,402.94,305296720.0,19988783240743.0,1806590480900670.0
2021-02-01,415.45,1.0,10.89,0.0269,404.71,415.53,400.59,235012200.0,16507131552374.0,1856010014040640.0
2021-02-02,421.03,1.0,5.58,0.0134,416.77,427.63,416.77,219043953.0,14870544709619.0,1880734477796075.2
2021-02-03,425.21,1.0,4.18,0.0098999999999999,422.69,427.51,419.75,248282011.0,17682008997158.0,1902626558876370.0
2021-02-04,418.31,2.0,-6.9,-0.0162,425.92,426.23,415.58,263572408.0,15763960679697.0,1874714427508660.0
2021-02-05,423.3,1.0,4.99,0.0118999999999999,419.84,424.2,417.85,221559610.0,14279825740198.0,1895801374501160.0
2021-02-08,418.95,2.0,-4.35,-0.0103,422.3,424.62,418.37,229540785.0,14799180082229.0,1874954583867940.0
2021-02-09,417.91,2.0,-1.04,-0.0025,420.71,424.94,417.87,201526571.0,13028304381459.0,1870819516248100.0
2021-02-10,419.65,1.0,1.74,0.0042,418.4,421.48,414.77,184756562.0,13044073819272.0,1880248203894995.2
2021-02-15,427.01,1.0,7.36,0.0175,420.85,428.64,420.6,191241854.0,12793708161329.0,1909248674492244.8
2021-02-16,429.24,1.0,2.23,0.0052,427.8,432.25,426.73,176073456.0,11414531836243.0,1918881359137970.0
2021-02-17,424.2,2.0,-5.04,-0.0116999999999999,429.2,429.24,421.77,230412028.0,11314338833916.0,1898443992544650.0
2021-02-18,417.44,2.0,-6.76,-0.0159,423.92,425.38,417.44,181374243.0,11247156002441.0,1868915711805630.0
2021-02-19,420.94,1.0,3.5,0.0084,417.98,421.36,411.58,246865672.0,12696494558587.0,1883818184680470.0
2021-02-22,416.88,2.0,-4.06,-0.0096,421.96,425.9,416.8,272967210.0,13439639081202.0,1866296351363660.0
2021-02-23,415.82,2.0,-1.06,-0.0025,415.07,419.58,410.84,228354649.0,12888970693523.0,1861183816874535.2
2021-02-24,407.16,2.0,-8.66,-0.0208,415.78,420.05,406.86,252631827.0,16032722062527.0,1816634460234495.2
2021-02-25,422.52,1.0,15.36,0.0377,412.05,422.56,412.05,200314619.0,12834481961619.0,1882511815672250.0
2021-02-26,409.91,2.0,-12.61,-0.0298,421.19,421.19,406.59,297499163.0,17563746287620.0,1827208160521655.2
2021-03-02,414.8,1.0,4.89,0.0118999999999999,411.0,422.41,411.0,229886741.0,14775745105483.0,1847454776250724.8
2021-03-03,420.27,1.0,5.47,0.0132,414.45,420.27,412.4,198308092.0,10721120291171.0,1871541767261924.8
2021-03-04,414.17,2.0,-6.1,-0.0144999999999999,419.34,419.34,411.28,214045345.0,12508718659634.0,1845424379344684.8
2021-03-05,412.0,2.0,-2.17,-0.0052,413.32,413.78,405.93,293665559.0,12688486638005.0,1835900255036020.0
2021-03-08,408.34,2.0,-3.66,-0.0089,412.86,416.37,407.6,216887933.0,10571238947083.0,1817595162469640.0
2021-03-09,405.79,2.0,-2.55,-0.0062,407.33,408.83,399.37,313260974.0,14237792759195.0,1805614744177284.8
2021-03-10,403.48,2.0,-2.31,-0.0056999999999999,406.37,411.22,402.37,172526940.0,10480470493971.0,1794975276770610.0
2021-03-11,411.02,1.0,7.54,0.0187,404.36,413.24,404.36,231925366.0,12046610288373.0,1829208372455740.0
2021-03-12,416.13,1.0,5.11,0.0124,413.67,417.76,413.67,184655332.0,9215290624970.0,1854014902884295.2
2021-03-15,414.18,2.0,-1.95,-0.0046999999999999,416.58,417.69,413.61,161313087.0,8170210674558.0,1846074604378204.8
2021-03-16,417.31,1.0,3.13,0.0076,414.82,418.06,414.11,155155466.0,9139881683633.0,1858498973820840.0
2021-03-17,414.01,2.0,-3.3,-0.0079,417.35,417.67,411.32,132771769.0,9538639208554.0,1844578617024295.2
2021-03-18,417.06,1.0,3.05,0.0074,414.97,420.86,414.97,164055494.0,10708189306908.0,1857822276546080.0
2021-03-19,412.91,2.0,-4.15,-0.01,416.7,416.71,410.59,189021500.0,10251877511012.0,1839883929764760.0
2021-03-22,412.64,2.0,-0.27,-0.0007,412.92,414.48,410.27,270009012.0,9570715651972.0,1838792137116495.2
2021-03-23,408.71,2.0,-3.93,-0.0095,412.89,416.15,408.4,234499879.0,10738945551543.0,1820471221799880.0
2021-03-24,407.1,2.0,-1.61,-0.0039,407.32,408.76,404.03,193067522.0,8894279040264.0,1818758747545640.0
2021-03-25,408.53,1.0,1.43,0.0034999999999999,407.03,411.27,405.59,180928891.0,9180878491847.0,1826087824873644.8
2021-03-26,412.89,1.0,4.36,0.0107,409.16,413.04,409.13,305214884.0,12060921517015.0,1846509125519920.0
2021-03-29,412.05,2.0,-0.84,-0.002,413.9,414.72,410.45,312523549.0,11928905447382.0,1843875174275160.0
2021-03-30,416.61,1.0,4.56,0.0111,412.32,417.44,412.32,207510587.0,9833342522167.0,1865182017691990.0
2021-03-31,415.04,2.0,-1.57,-0.0038,417.12,420.18,415.04,225861316.0,9775054523521.0,1858842104078030.0
2021-04-01,419.42,1.0,4.38,0.0106,416.99,419.78,416.51,184612687.0,10140387636926.0,1876110025814664.8
2021-04-02,423.74,1.0,4.32,0.0103,422.19,425.13,422.02,163071252.0,9780193988043.0,1893385388356940.0
2021-04-05,424.85,1.0,1.11,0.0026,425.15,426.31,422.16,157714378.0,8561528238765.0,1897486429214164.8
2021-04-06,425.88,1.0,1.03,0.0024,425.18,427.68,423.35,162958103.0,9699835016042.0,1901236685215015.2
2021-04-07,426.7,1.0,0.82,0.0019,426.22,428.38,424.96,176730569.0,8793807196161.0,1906603053723884.8
2021-04-08,426.86,1.0,0.16,0.0004,426.73,427.32,424.36,221926601.0,10544195297969.0,1908524209637820.0
2021-04-09,424.3,2.0,-2.56,-0.006,427.26,428.65,423.33,166987150.0,9038741968508.0,1899531412700200.0
2021-04-12,424.22,2.0,-0.08,-0.0002,424.73,426.62,423.1,134969240.0,8535654789732.0,1901268631377210.0
2021-04-13,429.08,1.0,4.86,0.0115,424.4,429.84,423.89,162002427.0,10015407342837.0,1922953180378020.0
2021-04-14,430.71,1.0,1.63,0.0038,429.14,431.65,428.04,154421184.0,9494312247681.0,1931886414295395.2
2021-04-15,432.66,1.0,1.95,0.0045,430.41,434.4,430.39,189530637.0,12617684653001.0,1941021498524720.0
2021-04-16,432.43,2.0,-0.23,-0.0005,432.43,434.57,430.98,188081986.0,10899172116900.0,1941933403740675.2
2021-04-19,431.96,2.0,-0.47,-0.0011,432.74,434.28,431.16,172933066.0,10175955146228.0,1940737925906435.2
2021-04-20,434.6,1.0,2.64,0.0060999999999999,431.9,434.7,431.38,185746264.0,9183044834931.0,1953313914620670.0
2021-04-21,426.75,2.0,-7.85,-0.0181,433.4,433.47,425.93,187757229.0,11486754090431.0,1919857355773115.2
2021-04-22,427.37,1.0,0.62,0.0015,427.06,430.44,427.06,202883079.0,9565100385252.0,1923308696511115.2
2021-04-23,428.34,1.0,0.97,0.0023,426.68,428.87,422.92,215677962.0,9954868063964.0,1927947247702690.0
2021-04-26,432.36,1.0,4.02,0.0093999999999999,428.89,432.36,428.68,244075329.0,10646666039452.0,1947000351049544.8
2021-04-27,432.14,2.0,-0.22,-0.0005,432.46,433.43,430.36,216227864.0,11490681064439.0,1945093223990670.0
2021-04-28,427.48,2.0,-4.66,-0.0108,432.2,432.82,426.88,261384364.0,12592096200419.0,1924517663914010.0
2021-04-29,426.28,2.0,-1.2,-0.0028,428.07,430.14,424.83,231945551.0,12923594825605.0,1920399183508640.0
2021-04-30,422.36,2.0,-3.92,-0.0092,426.61,426.83,421.73,255787063.0,12496987433699.0,1902858953250610.0
2021-05-03,420.36,2.0,-2.0,-0.0046999999999999,422.54,426.3,419.3,234399626.0,11551573029476.0,1889976776601175.2
2021-05-04,423.57,1.0,3.21,0.0076,420.99,423.57,418.53,208973402.0,10377131092949.0,1902922466587235.2
2021-05-06,426.64,1.0,3.07,0.0072,423.62,426.64,421.25,313800584.0,11980497156923.0,1920537334698230.0
2021-05-07,428.56,1.0,1.92,0.0045,426.51,429.94,426.0,229119524.0,10158256059905.0,1930799448352230.0
2021-05-10,435.63,1.0,7.07,0.0165,429.04,436.73,429.04,255442935.0,12467624336130.0,1963052885857630.0
2021-05-11,428.77,2.0,-6.86,-0.0157,434.14,434.14,427.21,301803534.0,14615316791494.0,1935987923597640.0
2021-05-12,421.86,2.0,-6.91,-0.0161,428.74,428.96,419.11,295194358.0,16088262983693.0,1907436995426250.0
2021-05-13,416.07,2.0,-5.79,-0.0137,419.6,421.07,414.28,379123151.0,16458491987194.0,1880749766734500.0
2021-05-14,420.17,1.0,4.1,0.0098999999999999,417.5,421.75,417.5,199291351.0,10582347633620.0,1901015496498770.0
2021-05-17,418.27,2.0,-1.9,-0.0045,421.97,423.19,416.08,206999058.0,9866527496279.0,1889863422175420.0
2021-05-18,423.09,1.0,4.82,0.0115,418.28,423.93,418.28,174859628.0,9051966227148.0,1913355054996710.0
2021-05-20,421.68,2.0,-1.41,-0.0033,423.38,423.38,419.07,181884049.0,9723746177576.0,1906553739132300.0
2021-05-21,422.08,1.0,0.4,0.0009,423.12,427.75,420.7,196316668.0,10992306442784.0,1902388111430175.2
2021-05-24,420.57,2.0,-1.51,-0.0036,421.92,423.09,419.38,177689265.0,8625368702244.0,1896088964899135.2
2021-05-25,424.35,1.0,3.78,0.009,421.91,424.83,421.2,176015777.0,8660744148100.0,1912731372513370.0
2021-05-26,423.54,2.0,-0.81,-0.0019,424.46,426.05,422.55,199313860.0,9665218797822.0,1909493233461120.0
2021-05-27,423.0,2.0,-0.54,-0.0013,423.92,424.38,419.78,311198517.0,17138031843486.0,1901419390478850.0
2021-05-28,425.95,1.0,2.95,0.0069999999999999,423.88,427.51,423.58,203179394.0,9902132997375.0,1915906075015520.0
2021-05-31,427.91,1.0,1.96,0.0046,426.31,428.18,424.29,230909559.0,10006287260730.0,1924712200641420.0
2021-06-01,430.32,1.0,2.41,0.0056,428.08,432.18,426.94,225690364.0,9725596753460.0,1935382434272310.0
2021-06-02,430.15,2.0,-0.17,-0.0004,430.6,433.06,429.14,292515040.0,11964642402073.0,1935422602206604.8
2021-06-03,433.87,1.0,3.72,0.0086,430.2,435.6,430.2,219810187.0,10892832679634.0,1950218423686184.8
2021-06-04,432.22,2.0,-1.65,-0.0038,433.7,433.7,429.33,290325082.0,11052571722020.0,1944749758455890.0
2021-06-07,433.26,1.0,1.04,0.0024,432.82,435.77,430.76,337933848.0,12984086172628.0,1951960319582200.0
2021-06-08,432.88,2.0,-0.38,-0.0009,433.21,435.02,431.71,323675386.0,12474129654679.0,1949587399792510.0
2021-06-09,428.16,2.0,-4.72,-0.0109,432.35,432.53,428.16,248515249.0,10987121519000.0,1929072612119464.8
2021-06-10,429.35,1.0,1.19,0.0028,428.23,430.87,427.5,267081109.0,13607411816344.0,1934875995060790.0
2021-06-11,432.78,1.0,3.43,0.008,429.61,433.42,429.61,328904073.0,12612282072079.0,1975339654449530.0
2021-06-14,433.22,1.0,0.44,0.001,432.7,433.59,431.28,236258893.0,9678115770050.0,1977360017737250.0
2021-06-15,434.13,1.0,0.91,0.0021,433.41,434.99,432.48,336105779.0,9806556369516.0,1980939127653564.8
2021-06-16,436.96,1.0,2.83,0.0065,434.19,437.47,433.88,306886295.0,10148697212674.0,1993180584250575.2
2021-06-17,434.73,2.0,-2.23,-0.0051,436.61,436.63,432.78,200549079.0,9788609771144.0,1984305926748295.2
2021-06-18,435.02,1.0,0.29,0.0007,434.82,436.69,434.39,230152442.0,11858388154163.0,1985283081659504.8
2021-06-21,431.46,2.0,-3.56,-0.0081999999999999,434.57,434.57,429.52,242429356.0,11226809119060.0,1969491552351010.0
2021-06-22,434.42,1.0,2.96,0.0069,432.1,435.05,432.1,483816378.0,10688890418673.0,1984024284844380.0
2021-06-23,436.73,1.0,2.31,0.0053,434.65,437.37,434.62,372077406.0,12948629032241.0,1994448113564310.0
2021-06-24,438.38,1.0,1.65,0.0038,437.54,439.37,436.96,299669858.0,14757590580855.0,2000654309736840.0
2021-06-25,440.4,1.0,2.02,0.0046,438.76,442.31,438.75,367173192.0,13641076617528.0,2010647146514980.0
2021-06-28,439.98,2.0,-0.42,-0.001,440.78,441.54,438.55,237759349.0,9581616452379.0,2008244932139655.2
2021-06-29,437.54,2.0,-2.44,-0.0055,440.48,440.6,436.17,231752905.0,10830217148434.0,1998549192511175.2
2021-06-30,438.84,1.0,1.3,0.003,437.76,440.4,437.7,167361900.0,9742304346978.0,2004463421145735.2
2021-07-01,436.34,2.0,-2.5,-0.0056999999999999,439.01,439.26,435.8,172562942.0,11180646427690.0,1994562787226870.0
2021-07-02,436.0,2.0,-0.34,-0.0008,436.31,438.07,435.54,197297363.0,9079435015873.0,1994139725231064.8
2021-07-05,437.66,1.0,1.66,0.0038,436.53,438.92,436.53,180179826.0,10272027701074.0,2002188226955050.0
2021-07-06,439.5,1.0,1.84,0.0042,437.96,440.68,437.96,194159350.0,9717768923876.0,2009341405949770.0
2021-07-07,436.97,2.0,-2.53,-0.0058,439.29,439.29,435.78,178316175.0,10066259709049.0,1997175856755140.0
2021-07-08,432.63,2.0,-4.34,-0.0098999999999999,437.2,438.56,432.6,216934858.0,11358362556800.0,1978425607442440.0
2021-07-09,427.84,2.0,-4.79,-0.0111,431.64,431.65,424.26,238815690.0,12150496129436.0,1957362575660630.0
2021-07-12,431.28,1.0,3.44,0.008,429.33,432.02,429.3,134960092.0,7201832315144.0,1974337499348590.0
2021-07-13,434.71,1.0,3.43,0.008,432.39,435.21,432.36,148612764.0,8208282177945.0,1989275515374710.0
2021-07-14,433.57,2.0,-1.14,-0.0026,434.47,434.57,431.75,147016589.0,8511733223185.0,1984746851518430.0
2021-07-15,436.76,1.0,3.19,0.0074,434.24,436.85,433.12,152535249.0,9160067753039.0,1998017720081230.0
2021-07-16,434.82,2.0,-1.94,-0.0044,436.24,436.24,432.85,149475601.0,8707928750237.0,1994822916213144.8
2021-07-19,429.89,2.0,-4.93,-0.0113,432.25,432.25,428.94,152020418.0,7371116301708.0,1973865810541895.2
2021-07-20,428.55,2.0,-1.34,-0.0031,427.14,428.78,425.99,163962103.0,9736454946164.0,1967586811701400.0
2021-07-21,426.0,2.0,-2.55,-0.006,430.99,431.29,425.82,212123478.0,10220123029525.0,1956944775834900.0
2021-07-22,431.38,1.0,5.38,0.0126,428.75,431.93,428.65,182078727.0,9222420629242.0,1979441620187220.0
2021-07-23,431.55,1.0,0.17,0.0004,431.75,433.23,430.27,173066295.0,8879269260421.0,1980809866337704.8
2021-07-26,427.47,2.0,-4.08,-0.0095,433.14,433.28,427.46,146233112.0,7822000987120.0,1962076329969950.0
2021-07-27,428.22,1.0,0.75,0.0018,430.14,431.15,427.89,142525625.0,8030188496795.0,1966711751651740.0
2021-07-28,429.15,1.0,0.93,0.0022,427.3,429.71,425.34,132994480.0,8264860860598.0,1970384492721200.0
2021-07-29,429.49,1.0,0.34,0.0008,430.58,431.19,428.18,112355401.0,7186632259263.0,1972910853426935.2
2021-07-30,423.91,2.0,-5.58,-0.013,428.12,428.21,423.91,143585508.0,8864837877655.0,1946959723255855.2
2021-08-02,426.79,1.0,2.88,0.0068,426.29,426.85,422.86,117344385.0,7694072623618.0,1962009957666960.0
2021-08-03,429.98,1.0,3.19,0.0075,426.65,429.98,426.42,151056293.0,9352775456937.0,1972447423755610.0
2021-08-04,436.05,1.0,6.07,0.0141,431.6,436.71,430.16,166736405.0,9511557440497.0,1999436102647295.2
2021-08-05,434.74,2.0,-1.31,-0.003,436.46,437.85,434.24,267970616.0,9015941666155.0,1994949856975250.0
2021-08-06,433.29,2.0,-1.45,-0.0033,434.85,436.61,432.27,143715921.0,7835243439696.0,1991276687046670.0
2021-08-09,431.65,2.0,-1.64,-0.0038,431.57,433.16,430.05,140989138.0,8075299067262.0,1981026712158355.2
2021-08-10,428.56,2.0,-3.09,-0.0072,433.01,433.11,427.28,174090342.0,14009474008366.0,1973998277244370.0
2021-08-11,424.74,2.0,-3.82,-0.0089,427.16,428.88,424.3,170671332.0,12988021296454.0,1959576822038755.2
2021-08-12,422.38,2.0,-2.36,-0.0056,423.17,425.53,421.42,251298974.0,16010997544733.0,1950934699889024.8
2021-08-13,416.06,2.0,-6.32,-0.015,421.38,422.04,413.64,221073775.0,14427140711895.0,1925109196362800.0
2021-08-17,411.31,2.0,-4.75,-0.0113999999999999,415.5,417.23,410.31,207917660.0,15534775580688.0,1905064953184770.0
2021-08-18,413.36,1.0,2.05,0.005,410.92,415.38,408.46,184485527.0,10338124617399.0,1914671950579684.8
2021-08-19,404.96,2.0,-8.4,-0.0203,410.84,412.93,404.91,192939369.0,11034786840608.0,1874519064646700.0
2021-08-20,400.78,2.0,-4.18,-0.0103,406.64,408.35,399.18,197108639.0,10570827323567.0,1854823204850390.0
2021-08-23,404.58,1.0,3.8,0.0095,404.32,407.82,401.63,166036507.0,9602204264152.0,1872554960457835.2
2021-08-24,412.48,1.0,7.9,0.0195,408.47,412.94,408.26,165651965.0,10073815154548.0,1903831536226044.8
2021-08-25,413.95,1.0,1.47,0.0036,414.01,416.03,410.63,176200678.0,9375958176383.0,1910426209277155.2
2021-08-26,410.38,2.0,-3.57,-0.0086,414.49,415.74,409.79,174282616.0,9351533906955.0,1895952148524815.2
2021-08-27,410.24,2.0,-0.14,-0.0003,408.63,411.79,406.81,132447809.0,7960337184482.0,1896787304484664.8
2021-08-30,411.5,1.0,1.26,0.0031,414.15,414.85,410.04,145640620.0,8034054354555.0,1903337414210560.0
2021-08-31,419.79,1.0,8.29,0.0200999999999999,411.69,419.9,409.67,170992135.0,12495867543743.0,1939907830889264.8
2021-09-01,419.92,1.0,0.13,0.0003,419.17,421.31,417.16,151585722.0,8969220512137.0,1939527704576380.0
2021-09-02,415.89,2.0,-4.03,-0.0096,419.19,420.2,414.99,146860591.0,8446853806501.0,1922883034448715.2
2021-09-03,419.22,1.0,3.33,0.008,417.67,419.78,416.4,147690743.0,9043385838533.0,1939239736141760.0
2021-09-06,420.37,1.0,1.15,0.0027,418.99,420.74,417.85,151551858.0,7650828431395.0,1943139322904140.0
2021-09-07,417.8,2.0,-2.57,-0.0060999999999999,419.85,419.88,416.28,134459894.0,7267997603156.0,1933747076736120.0
2021-09-08,414.54,2.0,-3.26,-0.0078,416.35,417.62,413.34,182486549.0,11652973247469.0,1917065836951860.0
2021-09-09,407.28,2.0,-7.26,-0.0175,411.98,413.64,406.68,189640520.0,12161359667875.0,1884557608143100.0
2021-09-10,408.7,1.0,1.42,0.0034999999999999,407.99,409.78,405.99,145028011.0,9693995198028.0,1947696696407504.8
2021-09-13,409.7,1.0,1.0,0.0024,407.33,410.87,406.43,152910076.0,9091011197912.0,1950131892471100.0
2021-09-14,412.36,1.0,2.66,0.0065,411.06,414.85,410.98,179782236.0,11751359306067.0,1963710611584700.0
2021-09-15,412.85,1.0,0.49,0.0012,412.05,414.61,410.75,193193161.0,9306534199117.0,1967122387562360.0
2021-09-16,409.22,2.0,-3.63,-0.0088,414.22,414.68,408.79,166059686.0,8899436176458.0,1950015699216695.2
2021-09-17,410.99,1.0,1.77,0.0043,408.9,411.36,407.07,165787615.0,9488968553884.0,1956572852140015.2
2021-09-23,410.46,2.0,-0.53,-0.0013,409.04,410.92,407.39,164544829.0,9890972436446.0,1951367523021930.0
2021-09-24,409.84,2.0,-0.62,-0.0015,412.01,412.8,409.09,153818668.0,8690313738922.0,1949240409723624.8
2021-09-27,410.97,1.0,1.13,0.0028,409.28,412.72,408.97,153145297.0,8269103248033.0,1955291879337824.8
2021-09-28,406.2,2.0,-4.77,-0.0116,410.74,411.1,405.79,175590916.0,10219088224796.0,1932888115771740.0
2021-09-29,400.09,2.0,-6.11,-0.015,400.44,402.28,396.78,180584673.0,10878594376878.0,1907271939769210.0
2021-09-30,401.3,1.0,1.21,0.003,399.41,402.9,397.98,182825295.0,10477258295526.0,1912221258684844.8
2021-10-01,394.79,2.0,-6.51,-0.0162,399.53,400.52,394.14,155624972.0,8429867333053.0,1882029349309790.0
2021-10-05,388.01,2.0,-6.78,-0.0172,391.95,392.02,384.92,202463720.0,11534064829854.0,1846832025211784.8
2021-10-06,381.93,2.0,-6.08,-0.0157,391.01,392.37,381.93,229528883.0,11361351391725.0,1814379627438350.0
2021-10-07,388.14,1.0,6.21,0.0163,385.87,388.78,384.59,173712315.0,9011317522468.0,1844911043456384.8
2021-10-08,387.42,2.0,-0.72,-0.0019,390.42,390.7,386.54,150216948.0,8939922486046.0,1841131846416424.8
2021-10-12,380.69,2.0,-6.73,-0.0174,386.27,386.6,379.08,158572418.0,9639747112071.0,1814277186204340.0
2021-10-13,384.1,1.0,3.41,0.009,380.12,385.72,379.31,154270180.0,8520629866720.0,1831318716573550.0
2021-10-14,389.59,1.0,5.49,0.0143,387.39,389.63,386.48,170130832.0,9002329368505.0,1858981779739850.0
2021-10-15,393.19,1.0,3.6,0.0092,392.94,394.58,391.36,170785119.0,8409155810432.0,1874954741388735.2
2021-10-18,392.02,2.0,-1.17,-0.003,393.39,394.16,389.74,126679987.0,6648534680563.0,1869015134317464.8
2021-10-19,395.41,1.0,3.39,0.0086,394.26,395.92,393.27,113851166.0,6318250761254.0,1884425281121530.0
2021-10-20,393.74,2.0,-1.67,-0.0042,397.48,398.09,393.6,129247377.0,7570788391002.0,1873734296435624.8
2021-10-21,393.18,2.0,-0.56,-0.0014,393.56,395.51,392.38,136385949.0,7176122525200.0,1870082912321624.8
2021-10-22,393.34,1.0,0.16,0.0004,392.82,394.91,391.54,108298947.0,6160691257463.0,1869785049975050.0
2021-10-25,395.01,1.0,1.67,0.0042,392.45,395.99,390.02,152055691.0,7619706859903.0,1878585769143084.8
2021-10-26,399.07,1.0,4.06,0.0103,397.75,399.67,396.28,135398751.0,6954036069869.0,1897336624177870.0
2021-10-27,395.48,2.0,-3.59,-0.009,398.31,398.82,394.41,193851338.0,7592190324502.0,1882185903849160.0
2021-10-28,393.89,2.0,-1.59,-0.004,394.87,397.79,393.89,180654911.0,9623791584527.0,1872583762351535.2
2021-10-29,388.47,2.0,-5.42,-0.0138,396.08,396.92,387.82,146473425.0,8268182364899.0,1846243548533784.8
2021-11-01,389.81,1.0,1.34,0.0034,390.34,391.65,389.14,121440446.0,6602017141770.0,1852259821146155.2
2021-11-02,394.82,1.0,5.01,0.0129,392.18,398.1,392.18,126751528.0,7009440084415.0,1874898766802864.8
2021-11-03,389.48,2.0,-5.34,-0.0135,395.73,395.85,388.52,137221704.0,6989417940309.0,1849642174263024.8
2021-11-04,391.54,1.0,2.06,0.0053,393.16,395.15,390.75,185410670.0,10359146196992.0,1859474433549960.0
2021-11-05,389.86,2.0,-1.68,-0.0043,394.65,394.81,387.66,139113487.0,8175681356500.0,1850489636640835.2
2021-11-08,389.59,2.0,-0.27,-0.0007,390.1,390.71,385.5,126068904.0,7561868853951.0,1845572097116260.0
2021-11-09,390.36,1.0,0.77,0.002,389.17,393.13,388.25,127585302.0,7083502826325.0,1849890497454890.0
2021-11-10,386.24,2.0,-4.12,-0.0106,388.37,390.36,385.57,117561127.0,6908340557195.0,1830220199655275.2
2021-11-11,385.97,2.0,-0.27,-0.0007,383.84,386.03,382.57,212910236.0,11150759419546.0,1828338041758920.0
2021-11-12,390.38,1.0,4.41,0.0113999999999999,389.13,391.77,387.46,166336516.0,9337283685300.0,1853774691370370.0
2021-11-15,394.36,1.0,3.98,0.0102,393.36,395.56,392.16,174938581.0,8537189868311.0,1872837901530370.0
2021-11-16,394.07,2.0,-0.29,-0.0007,393.94,396.49,392.62,134392007.0,8246106054114.0,1873783343258855.2
2021-11-17,389.44,2.0,-4.63,-0.0116999999999999,394.88,395.25,388.7,146332515.0,8067205547275.0,1851043923928144.8
2021-11-18,387.44,2.0,-2.0,-0.0051,388.86,390.0,386.31,130465730.0,7398204484037.0,1840789631883580.0
2021-11-19,390.53,1.0,3.09,0.008,387.97,391.24,387.31,130759482.0,7982879139873.0,1857881244964200.0
2021-11-22,399.07,1.0,8.54,0.0219,393.16,399.88,392.75,144700874.0,9890187946500.0,1889978597789620.0
2021-11-23,396.44,2.0,-2.63,-0.0066,399.43,399.52,395.58,124508890.0,8064804581460.0,1877313574045055.2
2021-11-24,395.4,2.0,-1.04,-0.0026,397.88,399.38,393.27,128293474.0,7758092136175.0,1873428556808724.8
2021-11-25,391.93,2.0,-3.47,-0.0088,395.67,395.73,391.69,117213378.0,6741120432411.0,1859801460699150.0
2021-11-26,385.07,2.0,-6.86,-0.0175,390.61,392.81,384.19,145771166.0,8625603922656.0,1831345766736180.0
2021-11-29,381.63,2.0,-3.44,-0.0089,381.25,384.97,379.27,178592646.0,9562235370240.0,1805088538322344.8
2021-11-30,373.24,2.0,-8.39,-0.022,385.01,386.34,370.86,258522165.0,15951427441278.0,1775046319157985.0
2021-12-01,383.13,1.0,9.89,0.0265,376.45,384.05,373.61,167598673.0,9948057079828.0,1816847930006435.2
2021-12-02,389.64,1.0,6.51,0.017,379.76,389.64,379.59,150988571.0,9682850608169.0,1846254225896304.8
2021-12-03,391.96,1.0,2.32,0.006,388.21,393.3,386.42,127840348.0,8027936515300.0,1858912489162955.2
2021-12-06,392.85,1.0,0.89,0.0023,389.95,394.4,387.58,124900731.0,7464588078910.0,1861963793528050.0
2021-12-07,396.31,1.0,3.46,0.0088,392.88,396.46,391.29,157041371.0,7606787531180.0,1875771535846995.2
2021-12-08,397.27,1.0,0.96,0.0024,399.89,402.34,396.32,140133384.0,8638327981204.0,1882351537000150.0
2021-12-09,401.13,1.0,3.86,0.0097,398.19,401.13,396.93,159053924.0,10120063701086.0,1900362233483624.8
2021-12-10,397.97,2.0,-3.16,-0.0079,398.21,399.12,396.58,92722061.0,6164415880790.0,1926581977992395.2
2021-12-13,397.27,2.0,-0.7,-0.0018,399.38,403.37,396.83,113328182.0,6880591404172.0,1921166797320944.8
2021-12-14,395.41,2.0,-1.86,-0.0046999999999999,394.54,397.02,393.5,116495624.0,6880161238809.0,1911975147616435.2
2021-12-15,395.66,1.0,0.25,0.0006,393.99,395.76,392.85,88943348.0,5635111420424.0,1912865663222804.8
2021-12-16,397.68,1.0,2.02,0.0051,398.93,399.68,395.19,94125586.0,6426262273359.0,1924857650899075.2
2021-12-17,398.96,1.0,1.28,0.0032,394.46,399.02,394.26,134697578.0,8722582146128.0,1932001852762890.0
2021-12-20,391.37,2.0,-7.59,-0.019,396.42,396.61,390.92,97270477.0,6575365871341.0,1895359388140780.0
2021-12-21,393.95,1.0,2.58,0.0066,394.35,395.28,391.19,105997690.0,6533207774373.0,1904137929001795.2
2021-12-22,396.07,1.0,2.12,0.0054,396.82,398.06,394.77,100313358.0,6446064478080.0,1910087957468260.0
2021-12-23,398.15,1.0,2.08,0.0053,397.98,398.36,395.71,105281612.0,6647240557492.0,1919620421264600.0
2021-12-24,400.53,1.0,2.38,0.006,399.72,402.46,399.66,102503125.0,6252101538980.0,1929070499635544.8
2021-12-27,398.61,2.0,-1.92,-0.0048,400.61,401.07,398.31,103635956.0,5653274752350.0,1920708427347395.2
2021-12-28,401.21,1.0,2.6,0.0065,399.56,401.21,397.24,169712212.0,9338598443762.0,1935521459707810.0
2021-12-29,396.72,2.0,-4.49,-0.0112,398.74,399.16,395.85,169048470.0,8442539740355.0,1914640389994930.0
2021-12-30,394.19,2.0,-2.53,-0.0064,397.13,398.59,393.89,103887032.0,6441431686978.0,1902371490999570.0
2022-01-03,395.51,1.0,1.32,0.0033,397.16,399.44,394.26,97581473.0,5916887559115.0,1909559749330864.8
2022-01-04,395.4,2.0,-0.11,-0.0003,396.01,396.71,393.35,117160885.0,7335075222470.0,1908027275495384.8
2022-01-05,390.39,2.0,-5.01,-0.0127,394.91,395.2,387.56,175488530.0,11706291914065.0,1883408943454035.2
2022-01-06,386.22,2.0,-4.17,-0.0107,386.59,390.51,385.3,152386576.0,9949712804745.0,1862774877030950.0
2022-01-07,390.85,1.0,4.63,0.012,388.3,391.75,388.06,114276571.0,8111558464898.0,1884682125928315.2
2022-01-10,387.52,2.0,-3.33,-0.0085,389.68,390.24,384.79,139103010.0,8306218369388.0,1866521471302730.0
2022-01-11,388.97,1.0,1.45,0.0037,388.32,390.43,386.26,133428702.0,7933719172030.0,1869095805094615.2
2022-01-12,394.66,1.0,5.69,0.0146,392.29,394.87,391.96,210105987.0,8821315438186.0,1898702516864850.0
2022-01-13,393.0,2.0,-1.66,-0.0042,395.68,395.93,392.52,151714327.0,8899436063624.0,1891401067450555.2
2022-01-14,387.45,2.0,-5.55,-0.0141,389.66,390.81,386.25,146048033.0,8539783273232.0,1864010698894460.0
2022-01-17,383.81,2.0,-3.64,-0.0093999999999999,387.0,387.33,381.56,135817575.0,7413658579965.0,1843942986164924.8
2022-01-18,381.01,2.0,-2.8,-0.0073,385.07,385.63,379.79,127939028.0,7234303513263.0,1827570812902884.8
2022-01-19,378.21,2.0,-2.8,-0.0073,377.75,381.91,376.74,126170181.0,7634913768260.0,1813956759233095.2
2022-01-20,380.39,1.0,2.18,0.0058,377.97,380.45,376.49,114098651.0,6960681998037.0,1825981936973935.2
2022-01-21,376.08,2.0,-4.31,-0.0113,376.74,377.69,373.35,134237431.0,8074616042698.0,1807956133709680.0
2022-01-24,371.3,2.0,-4.78,-0.0127,374.64,375.45,369.63,112639984.0,6718747948400.0,1783169529825995.0
2022-01-25,362.39,2.0,-8.91,-0.024,370.3,370.73,359.85,142181165.0,8369863265110.0,1737587254846510.0
2022-01-26,360.83,2.0,-1.56,-0.0043,363.72,365.31,360.47,109342528.0,6781554969243.0,1729489462853675.0
2022-01-27,348.58,2.0,-12.25,-0.0339,360.83,363.11,348.55,158318286.0,9998445147336.0,1668229298574415.0
2022-01-28,357.98,1.0,9.4,0.027,350.29,358.84,347.28,146975846.0,9427049699831.0,1713135464626630.0
2022-02-03,361.6,1.0,3.62,0.0101,364.07,366.13,361.6,125482179.0,7863881143246.0,1733439169786950.0
2022-02-04,366.34,1.0,4.74,0.0131,363.1,366.79,361.84,109788153.0,6431976708608.0,1757020811154340.0
2022-02-07,362.92,2.0,-3.42,-0.0093,365.4,365.4,359.59,135534006.0,7200575552875.0,1741572163003020.0
2022-02-08,363.48,1.0,0.56,0.0015,365.91,367.32,360.78,133105733.0,7590982301469.0,1745680038280545.0
2022-02-09,368.65,1.0,5.17,0.0141999999999999,367.02,368.65,365.79,117910162.0,6516035422387.0,1767413617524800.0
2022-02-10,371.57,1.0,2.92,0.0079,371.84,372.86,369.3,180487876.0,9052187214238.0,1779231619070845.0
2022-02-11,368.61,2.0,-2.96,-0.008,367.54,371.35,366.9,161469119.0,8189120219283.0,1762081934089640.0
2022-02-14,362.98,2.0,-5.63,-0.0153,364.36,365.97,360.46,146971729.0,6963340040466.0,1737779889177285.0
2022-02-15,360.43,2.0,-2.55,-0.0069999999999999,364.44,364.79,358.75,140833154.0,6638804691530.0,1723073950143610.0
2022-02-16,367.3,1.0,6.87,0.0191,365.96,367.66,364.64,108436280.0,5968406412135.0,1757384591540695.0
2022-02-17,369.55,1.0,2.25,0.0060999999999999,368.11,373.03,365.48,209730967.0,8637742117822.0,1768354822910245.0
2022-02-18,368.55,2.0,-1.0,-0.0027,365.57,369.32,364.69,137053118.0,6082517288286.0,1766942185019275.0
2022-02-21,368.29,2.0,-0.26,-0.0007,362.83,368.75,361.14,109544039.0,5668991436860.0,1766524331773215.0
2022-02-22,363.51,2.0,-4.78,-0.013,362.93,364.81,360.74,162875958.0,6905186484439.0,1744295909534545.0
2022-02-23,364.44,1.0,0.93,0.0026,366.25,366.58,362.39,139928097.0,6112151593830.0,1750747112030270.0
2022-02-24,355.04,2.0,-9.4,-0.0258,360.05,360.77,354.01,167277164.0,8503343379721.0,1706719822312240.0
2022-02-25,358.44,1.0,3.4,0.0096,358.79,360.85,357.02,154972994.0,7423040569800.0,1724125156327320.0
2022-02-28,361.54,1.0,3.1,0.0086,356.59,361.54,355.77,237317520.0,9445530427483.0,1740100659483880.0
2022-03-02,360.59,2.0,-0.95,-0.0026,361.52,362.81,359.89,170944083.0,7679437182276.0,1737159499129805.0
2022-03-03,367.06,1.0,6.47,0.0179,364.37,367.4,363.99,167176676.0,7323912860320.0,1766946322997480.0
2022-03-04,361.69,2.0,-5.37,-0.0146,365.35,365.54,360.19,237190017.0,8988126548763.0,1745417118005670.0
2022-03-07,353.03,2.0,-8.66,-0.0239,356.59,356.59,351.91,193155373.0,8909049069354.0,1704885496127695.0
2022-03-08,349.38,2.0,-3.65,-0.0103,348.12,352.82,346.85,185897543.0,8648190492065.0,1686882087238930.0
2022-03-10,358.01,1.0,8.63,0.0247,354.33,358.27,354.33,212652188.0,10823571336089.0,1726939389500400.0
2022-03-11,355.31,2.0,-2.7,-0.0075,355.95,356.85,353.26,182548310.0,9197993829492.0,1807963615381950.0
2022-03-14,354.61,2.0,-0.7,-0.002,354.72,356.48,352.82,163912346.0,8994583220022.0,1798277936313840.0
2022-03-15,351.03,2.0,-3.58,-0.0101,352.34,353.9,350.38,149108189.0,7168563587586.0,1780993020647695.0
2022-03-16,356.09,1.0,5.06,0.0144,354.88,356.29,351.97,125092760.0,6385893888137.0,1806858811147130.0
2022-03-17,361.46,1.0,5.37,0.0151,362.39,364.18,361.36,172536469.0,9185664503327.0,1831739210588190.0
2022-03-18,362.33,1.0,0.87,0.0024,361.16,362.78,359.6,155321051.0,8266735365446.0,1839501203690275.2
2022-03-21,358.77,2.0,-3.56,-0.0098,363.81,363.86,358.41,117142394.0,6428429475390.0,1823581213589055.2
2022-03-22,361.66,1.0,2.89,0.0081,358.76,362.11,358.61,120703024.0,6949401916641.0,1840175574200155.2
2022-03-23,364.84,1.0,3.18,0.0088,364.06,366.4,362.89,137431069.0,7142403493714.0,1857635511514670.0
2022-03-24,363.38,2.0,-1.46,-0.004,361.83,363.5,360.4,149348495.0,8556924147593.0,1852397836285964.8
2022-03-25,362.06,2.0,-1.32,-0.0036,364.76,364.92,361.34,119074647.0,6974694867070.0,1852857741881490.0
2022-03-28,362.06,3.0,0.0,0.0,360.63,363.25,358.7,136535025.0,5890583769566.0,1852836072115884.8
2022-03-29,363.77,1.0,1.71,0.0046999999999999,364.18,365.56,362.27,132695450.0,6170287309852.0,1861718201276155.2
2022-03-30,364.5,1.0,0.73,0.002,366.17,366.82,363.64,141643855.0,6530661073317.0,1866462149345764.8
2022-03-31,365.61,1.0,1.11,0.003,364.1,367.01,363.94,388609487.0,6751915062603.0,1873138067796530.0
2022-04-01,363.19,2.0,-2.42,-0.0066,363.97,364.1,361.54,446847689.0,7196628144065.0,1859039329364730.0
2022-04-04,364.94,1.0,1.75,0.0048,361.85,365.08,360.69,171554087.0,5298139960894.0,1870975555722975.2
2022-04-05,364.74,2.0,-0.2,-0.0005,366.08,366.67,363.67,244226348.0,5262759081701.0,1871692832746064.8
2022-04-06,361.01,2.0,-3.73,-0.0102,362.04,362.96,360.52,176510187.0,6512785684822.0,1853471585224980.0
2022-04-07,355.73,2.0,-5.28,-0.0146,358.43,358.92,355.37,193937391.0,7704972240910.0,1825372577355895.2
2022-04-08,356.01,1.0,0.28,0.0008,356.86,357.62,354.27,166111896.0,6737531401740.0,1827801408392330.0
2022-04-11,355.78,2.0,-0.23,-0.0006,354.47,357.73,353.78,131522527.0,5668333958425.0,1822990828686070.0
2022-04-12,352.32,2.0,-3.46,-0.0097,353.51,354.83,351.37,129717478.0,5816117786914.0,1804155241442500.0
2022-04-13,359.0,1.0,6.68,0.019,353.83,359.43,353.3,177428230.0,6214853173731.0,1840860236335095.2
2022-04-14,357.38,2.0,-1.62,-0.0045,359.23,359.29,356.17,159155308.0,7211760259512.0,1839248844468570.0
2022-04-15,353.84,2.0,-3.54,-0.0098999999999999,354.35,355.1,352.63,142642668.0,5821098591995.0,1822874443205830.0
2022-04-18,353.63,2.0,-0.21,-0.0006,352.19,354.87,351.46,110996402.0,4519324381220.0,1820426361300755.2
2022-04-19,357.36,1.0,3.73,0.0105,355.77,358.53,355.29,130216350.0,5195568464411.0,1838442840717624.8
2022-04-20,357.52,1.0,0.16,0.0004,357.14,358.28,354.93,148872727.0,6540303924225.0,1837724928695375.2
2022-04-21,359.02,1.0,1.5,0.0042,358.33,360.74,358.24,148564837.0,6401492018994.0,1844970562274560.0
2022-04-22,355.43,2.0,-3.59,-0.01,355.54,356.08,353.64,214761534.0,6159964465654.0,1827433107743130.0
2022-04-25,348.98,2.0,-6.45,-0.0181,351.36,352.26,348.91,139465955.0,6608117568209.0,1795867515623225.0
2022-04-26,350.67,1.0,1.69,0.0048,351.33,352.2,350.38,122916877.0,6485161212763.0,1803372291679350.0
2022-04-27,346.21,2.0,-4.46,-0.0127,346.42,346.78,343.76,146757175.0,7409740037921.0,1783204756198665.0
2022-04-28,350.16,1.0,3.95,0.0113999999999999,348.61,350.16,346.02,164684493.0,7241408296705.0,1809956634395320.0
2022-04-29,355.08,1.0,4.92,0.0141,350.43,355.34,349.73,182270799.0,8028489423454.0,1829299899205280.0
2022-05-02,354.02,2.0,-1.06,-0.003,351.31,354.53,350.94,131468536.0,5220941142453.0,1822836139544460.0
2022-05-03,353.32,2.0,-0.7,-0.002,354.28,356.45,353.12,132700189.0,5403829878955.0,1817435061854880.0
2022-05-04,353.85,1.0,0.53,0.0015,354.85,356.05,352.27,279177321.0,5532837523242.0,1816811992832230.0
2022-05-06,349.0,2.0,-4.85,-0.0137,350.26,350.26,347.98,622950942.0,7285813289921.0,1793525654229775.0
2022-05-09,345.41,2.0,-3.59,-0.0103,347.71,349.4,344.84,256536775.0,5551146802828.0,1773484903166465.0
2022-05-10,343.67,2.0,-1.74,-0.005,343.22,344.73,338.46,249371132.0,7398734473921.0,1764078535940055.0
2022-05-11,343.44,2.0,-0.23,-0.0007,342.22,344.45,341.22,184518723.0,5952741363105.0,1761493743918020.0
2022-05-12,337.94,2.0,-5.5,-0.016,340.14,343.03,337.65,262823514.0,8649960825192.0,1733833628260935.0
2022-05-13,345.5,1.0,7.56,0.0224,340.49,345.82,339.72,187355684.0,7012461396384.0,1771987159051230.0
2022-05-16,343.94,2.0,-1.56,-0.0045,348.13,348.88,343.52,231878012.0,5375346947200.0,1764017013428015.0
2022-05-17,347.53,1.0,3.59,0.0104,345.14,347.91,345.13,171093883.0,6087751077913.0,1781495288099975.0
2022-05-18,348.34,1.0,0.81,0.0023,349.62,351.2,347.15,166291214.0,6302360001326.0,1785066967204960.0
2022-05-19,343.24,2.0,-5.1,-0.0146,341.07,344.1,340.55,196527465.0,6861034807573.0,1762095923626760.0
2022-05-20,349.29,1.0,6.05,0.0176,345.15,349.68,344.89,133213782.0,6183574152869.0,1796371712981410.0
2022-05-23,350.34,1.0,1.05,0.003,351.16,351.41,348.48,183164939.0,5447158234709.0,1802702685461820.0
2022-05-24,344.08,2.0,-6.26,-0.0179,349.02,349.79,344.08,150996891.0,5827622859224.0,1773639723444140.0
2022-05-25,345.6,1.0,1.52,0.0044,346.34,347.6,343.51,125139646.0,5781990616472.0,1781457274638255.0
2022-05-26,344.26,2.0,-1.34,-0.0039,345.54,349.03,342.65,126445367.0,6231121581940.0,1778033119381720.0
2022-05-27,348.04,1.0,3.78,0.011,348.42,349.11,347.15,133072930.0,5613542895753.0,1795926250208115.0
2022-05-30,352.49,1.0,4.45,0.0128,351.53,352.85,350.07,151012831.0,5604146609901.0,1818267472317275.2
2022-05-31,354.54,1.0,2.05,0.0058,351.79,354.72,350.01,266678105.0,11290597703804.0,1829557640416650.0
2022-06-02,350.51,2.0,-4.03,-0.0113999999999999,352.29,352.81,349.55,196091386.0,5908010491322.0,1809736540235104.8
2022-06-03,352.01,1.0,1.5,0.0043,353.47,353.93,351.1,134646639.0,4797509616342.0,1818050041868215.2
2022-06-07,345.67,2.0,-6.34,-0.018,350.04,350.53,345.02,135311555.0,6687788632348.0,1787307752331310.0
2022-06-08,346.22,1.0,0.55,0.0016,346.46,348.11,345.56,123302092.0,6030965507002.0,1787550056243065.0
2022-06-09,346.62,1.0,0.4,0.0012,345.35,346.82,343.69,191391854.0,8507879984034.0,1788694206261965.0
2022-06-10,341.89,2.0,-4.73,-0.0136,342.32,343.25,340.66,136208016.0,6290154321015.0,1781297885258855.0
2022-06-13,329.88,2.0,-12.01,-0.0351,335.76,335.97,329.88,163805809.0,7193816119534.0,1719014040273525.0
2022-06-14,328.23,2.0,-1.65,-0.005,325.68,329.27,323.36,174250564.0,7468385969235.0,1712327466720425.0
2022-06-15,322.21,2.0,-6.02,-0.0183,327.7,328.3,320.29,159365415.0,7401732983729.0,1682397050139430.0
2022-06-16,322.25,1.0,0.04,0.0001,326.72,328.84,321.54,138751851.0,6833924982258.0,1684971119910690.0
2022-06-17,320.09,2.0,-2.16,-0.0067,316.36,320.71,314.79,197274709.0,8831028636019.0,1677808527467670.0
2022-06-20,314.44,2.0,-5.65,-0.0177,321.46,321.62,311.71,151134778.0,6548982164978.0,1646290149837275.0
2022-06-21,316.38,1.0,1.94,0.0062,315.95,318.74,313.66,120058757.0,5524069194316.0,1657423542167400.0
2022-06-22,308.08,2.0,-8.3,-0.0262,317.47,317.63,308.08,161699987.0,6595752632164.0,1613760285140535.0
2022-06-23,305.45,2.0,-2.63,-0.0085,308.81,310.94,304.13,197731766.0,7893205010708.0,1598572273857840.0
2022-06-24,312.07,1.0,6.62,0.0217,307.47,313.42,306.27,137827106.0,6261623465471.0,1632120665523760.0
2022-06-27,316.2,1.0,4.13,0.0132,314.31,319.08,311.85,136483261.0,5923970339186.0,1654305716476185.0
2022-06-28,319.11,1.0,2.91,0.0092,316.65,319.11,315.19,117270107.0,5176514685988.0,1668359045522240.0
2022-06-29,312.86,2.0,-6.25,-0.0196,314.33,315.16,312.52,132702473.0,6316507805821.0,1635672964172905.0
2022-06-30,307.2,2.0,-5.66,-0.0181,311.2,311.63,307.2,143728581.0,6884662893235.0,1603805244560215.0
2022-07-01,304.02,2.0,-3.18,-0.0104,308.72,310.55,301.95,136341014.0,6640105588159.0,1585084727165805.0
2022-07-04,304.01,2.0,-0.01,0.0,304.46,305.82,300.82,128355599.0,5456744055406.0,1583918341655470.0
2022-07-05,309.03,1.0,5.02,0.0165,307.15,309.99,305.35,110061662.0,5593805878084.0,1611388078554145.0
2022-07-06,302.28,2.0,-6.75,-0.0218,307.14,307.9,302.06,156255459.0,7320258968101.0,1576203143255790.0
2022-07-07,308.31,1.0,6.03,0.0199,304.3,310.07,304.2,126308391.0,6187396745597.0,1606685184524260.0
2022-07-08,310.15,1.0,1.84,0.006,310.73,313.01,310.02,108520280.0,5481366254032.0,1617955304345615.0
2022-07-11,308.29,2.0,-1.86,-0.006,311.05,311.86,307.97,94922551.0,4718629337243.0,1610368416952080.0
2022-07-12,305.03,2.0,-3.26,-0.0106,306.94,307.56,303.32,107070512.0,4567371749192.0,1596180346731890.0
2022-07-13,306.59,1.0,1.56,0.0051,306.24,308.62,304.99,110889577.0,4806864852962.0,1603225976997250.0
2022-07-14,305.35,2.0,-1.24,-0.004,304.7,307.93,303.65,115966729.0,5134952869472.0,1598146091863885.0
2022-07-15,307.91,1.0,2.56,0.0084,307.45,308.14,302.1,125245332.0,5518131591910.0,1605575739449400.0
2022-07-18,314.87,1.0,6.96,0.0226,311.06,315.17,310.6,113852019.0,5387530657393.0,1635955912092475.0
2022-07-19,313.9,2.0,-0.97,-0.0031,313.38,314.06,311.81,95255739.0,4633587067713.0,1631701556247135.0
2022-07-20,316.02,1.0,2.12,0.0068,319.15,319.68,315.48,113805602.0,5708246561493.0,1643036328554630.0
2022-07-21,319.68,1.0,3.66,0.0116,316.22,320.14,316.22,91222451.0,4868216952656.0,1659602894915300.0
2022-07-22,317.33,2.0,-2.35,-0.0074,319.12,320.94,317.0,120586339.0,5199423329141.0,1647640895308880.0
2022-07-25,318.34,1.0,1.01,0.0032,316.4,320.07,316.2,94023603.0,4607563100187.0,1655574374260425.0
2022-07-26,319.61,1.0,1.27,0.004,317.39,319.91,317.03,87527181.0,3865589348454.0,1662138929647510.0
2022-07-27,319.74,1.0,0.13,0.0004,319.83,320.04,317.3,88689057.0,5312639609836.0,1663557941912740.0
2022-07-28,321.62,1.0,1.88,0.0059,322.89,323.73,320.76,131104836.0,7108007487524.0,1678141975194060.0
2022-07-29,323.31,1.0,1.69,0.0053,324.38,325.83,321.95,163690816.0,8284061362781.0,1688785364027910.0
2022-08-01,322.97,2.0,-0.34,-0.0011,322.14,324.31,320.86,111147238.0,5412473298837.0,1688176216387740.0
2022-08-02,321.64,2.0,-1.33,-0.0040999999999999,322.64,322.85,320.21,113133823.0,5168258328211.0,1679523057338730.0
2022-08-03,323.8,1.0,2.16,0.0067,321.48,323.8,320.25,93895638.0,4992566925750.0,1694993087855695.0
2022-08-04,325.47,1.0,1.67,0.0052,326.11,326.4,324.38,110170799.0,5647628020100.0,1703416661459735.0
2022-08-05,327.5,1.0,2.03,0.0062,326.71,328.47,326.36,119887687.0,5820355787175.0,1715748582785150.0
2022-08-08,327.23,2.0,-0.27,-0.0008,326.05,327.45,325.21,113665684.0,5987692381308.0,1717101660986865.0
2022-08-09,328.11,1.0,0.88,0.0027,327.21,328.62,325.28,121621764.0,6912414564601.0,1724857726878790.0
2022-08-10,324.35,2.0,-3.76,-0.0115,326.3,326.43,323.86,134971484.0,6197558176001.0,1708089328495840.0
2022-08-11,329.92,1.0,5.57,0.0172,328.2,329.92,327.74,140037693.0,7386751723889.0,1738570721416385.0
2022-08-12,330.67,1.0,0.75,0.0023,329.23,331.12,329.07,138074595.0,6205062372759.0,1740632165139720.0
2022-08-16,331.78,1.0,1.11,0.0034,332.68,333.47,331.08,131425519.0,6302995623160.0,1744597653272865.0
2022-08-17,329.91,2.0,-1.87,-0.0056,332.11,333.24,329.3,105787944.0,5324911092892.0,1733198592600400.0
2022-08-18,328.8,2.0,-1.11,-0.0034,327.47,329.94,326.06,101500352.0,5463112631304.0,1726978204530455.0
2022-08-19,326.79,2.0,-2.01,-0.0060999999999999,329.06,329.08,326.34,125260656.0,5304342378011.0,1716293924185195.0
2022-08-22,322.77,2.0,-4.02,-0.0123,323.29,324.42,321.83,93521614.0,4321199008536.0,1695934782773940.0
2022-08-23,318.69,2.0,-4.08,-0.0126,320.85,321.5,318.26,118040664.0,5363084996949.0,1676439121815500.0
2022-08-24,319.86,1.0,1.17,0.0037,320.15,320.99,318.16,156496654.0,6378146734377.0,1684277648989160.0
2022-08-25,323.63,1.0,3.77,0.0118,321.58,323.63,320.81,130657394.0,5386410470135.0,1705313163314175.0
2022-08-26,323.91,1.0,0.28,0.0009,325.36,326.59,323.3,188815787.0,6340893429585.0,1707632189577290.0
2022-08-29,316.35,2.0,-7.56,-0.0233,317.45,317.47,315.48,203734909.0,5945392450310.0,1669793359179755.0
2022-08-30,319.49,1.0,3.14,0.0098999999999999,317.97,320.0,316.94,133480207.0,5027383068056.0,1686419583655925.0
2022-08-31,322.96,1.0,3.47,0.0109,316.96,323.37,316.26,228418331.0,7833372833157.0,1701517006702590.0
2022-09-01,315.02,2.0,-7.94,-0.0246,318.74,318.76,315.02,183420887.0,6519775987478.0,1661907393940910.0
2022-09-02,312.92,2.0,-2.1,-0.0067,316.46,316.74,312.18,133783288.0,5748216583842.0,1657249328193495.0
2022-09-05,312.47,2.0,-0.45,-0.0014,313.09,315.22,310.91,112444002.0,4622067783458.0,1653784636258630.0
2022-09-06,313.01,1.0,0.54,0.0017,313.36,314.97,311.69,91544623.0,3871431441787.0,1656994478558005.0
2022-09-07,308.16,2.0,-4.85,-0.0155,310.86,311.1,306.69,146286610.0,5829752723286.0,1633993735440635.0
2022-09-08,309.12,1.0,0.96,0.0031,310.23,310.51,308.26,149121338.0,6672565740728.0,1639743630036955.0
2022-09-13,318.56,1.0,9.44,0.0305,313.93,319.37,313.93,150586396.0,7313863555452.0,1686469809475595.0
2022-09-14,312.74,2.0,-5.82,-0.0183,310.08,313.94,309.06,118207469.0,5655233883330.0,1658854757907200.0
2022-09-15,310.63,2.0,-2.11,-0.0067,313.15,313.84,310.63,111218127.0,5471890375045.0,1651182757009185.0
2022-09-16,308.69,2.0,-1.94,-0.0062,308.58,309.54,307.03,135937347.0,6618318444665.0,1638856814668715.0
2022-09-19,306.49,2.0,-2.2,-0.0070999999999999,309.58,309.89,305.68,101185844.0,4835820924025.0,1621194436355340.0
2022-09-20,307.54,1.0,1.05,0.0034,308.76,309.98,306.79,96957189.0,5034909510601.0,1628879145998995.0
2022-09-21,304.67,2.0,-2.87,-0.0093,305.09,306.07,303.77,104487486.0,4651751430737.0,1613975051131885.0
2022-09-22,301.65,2.0,-3.02,-0.0098999999999999,300.67,302.19,299.3,114961979.0,5170582804428.0,1602741040402575.0
2022-09-23,297.74,2.0,-3.91,-0.013,301.48,302.09,296.85,114627043.0,5178007171472.0,1574446618790225.0
2022-09-26,289.77,2.0,-7.97,-0.0268,293.65,293.96,289.01,177691607.0,7088012007082.0,1530092349544605.0
2022-09-27,290.2,1.0,0.43,0.0015,290.27,290.75,286.76,152309861.0,6310895750442.0,1532256478568230.0
2022-09-28,283.19,2.0,-7.01,-0.0242,287.66,289.75,280.8,160839496.0,6903850200432.0,1495225781014440.0
2022-09-29,282.65,2.0,-0.54,-0.0019,286.6,287.81,282.56,128427289.0,5584453689540.0,1496674214747415.0
2022-09-30,281.36,2.0,-1.29,-0.0046,281.75,284.35,278.39,143737637.0,6233068060826.0,1485351845975770.0
2022-10-04,288.27,1.0,6.91,0.0246,286.25,288.96,285.42,120019411.0,6053598630653.0,1522328610658835.0
2022-10-05,289.05,1.0,0.78,0.0027,293.87,294.47,287.44,138906604.0,7289050714507.0,1528199264614880.0
2022-10-06,291.26,1.0,2.21,0.0076,291.2,293.32,290.09,93858156.0,5017652190888.0,1542172687164050.0
2022-10-07,290.41,2.0,-0.85,-0.0029,288.35,292.2,287.84,128156449.0,6006690793075.0,1539001559349110.0
2022-10-11,284.96,2.0,-5.45,-0.0187999999999999,284.39,284.96,282.04,127821691.0,6026955263904.0,1513307427066110.0
2022-10-12,287.09,1.0,2.13,0.0075,285.23,287.52,284.32,120861623.0,5557304225961.0,1521195022510240.0
2022-10-13,282.57,2.0,-4.52,-0.0157,286.27,286.36,282.57,133288668.0,5498923729539.0,1495390687715980.0
2022-10-14,289.36,1.0,6.79,0.024,287.59,290.32,286.59,132068992.0,5109070080147.0,1529564594740170.0
2022-10-17,289.57,1.0,0.21,0.0007,285.89,290.04,284.91,111596605.0,4981197435976.0,1534058016432630.0
2022-10-18,293.59,1.0,4.02,0.0139,293.34,293.78,289.77,117118415.0,5739327512622.0,1554496622319980.0
2022-10-19,291.29,2.0,-2.3,-0.0078,293.41,295.34,290.9,110850949.0,5688842015697.0,1545629556084115.0
2022-10-20,288.61,2.0,-2.68,-0.0092,289.33,290.07,286.5,136903626.0,6043941128202.0,1532345342457865.0
2022-10-21,288.57,2.0,-0.04,-0.0001,287.68,290.38,287.44,102369328.0,4677515388666.0,1531346564359760.0
2022-10-24,291.47,1.0,2.9,0.01,293.6,294.24,290.52,116175715.0,5372980905337.0,1547506547381860.0
2022-10-25,291.58,1.0,0.11,0.0004,291.29,293.75,290.53,116351408.0,5506858759718.0,1547458881099250.0
2022-10-26,293.85,1.0,2.27,0.0078,292.21,295.28,291.4,122301108.0,5868014820535.0,1559579464241160.0
2022-10-27,298.82,1.0,4.97,0.0169,295.85,299.19,295.01,176203960.0,6808554050470.0,1587041667086670.0
2022-10-28,295.06,2.0,-3.76,-0.0126,296.8,298.45,294.65,131077655.0,6484976824806.0,1571443400486065.0
2022-10-31,299.58,1.0,4.52,0.0153,298.61,300.05,296.45,121050404.0,6465630072338.0,1589521550533185.0
2022-11-01,303.88,1.0,4.3,0.0144,300.53,304.01,299.84,272490446.0,7030448259042.0,1618957536779360.0
2022-11-02,303.87,2.0,-0.01,0.0,302.49,305.1,302.02,192341328.0,7319768034633.0,1620408588341980.0
2022-11-03,301.66,2.0,-2.21,-0.0073,298.55,303.8,297.62,179815599.0,6978447675457.0,1614223614809565.0
2022-11-04,304.33,1.0,2.67,0.0089,301.16,304.33,299.46,182715250.0,6204182341166.0,1628876574983600.0
2022-11-07,307.87,1.0,3.54,0.0116,306.08,308.15,305.05,148868512.0,6158493838101.0,1645567171432680.0
2022-11-08,312.01,1.0,4.14,0.0134,310.08,312.57,309.21,142951839.0,6698895346165.0,1664883580255970.0
2022-11-09,315.23,1.0,3.22,0.0103,313.4,316.09,312.54,162126788.0,6677284098425.0,1682723916358200.0
2022-11-10,311.13,2.0,-4.1,-0.013,312.63,314.91,311.13,149974585.0,6946966113072.0,1666140306244075.0
2022-11-11,323.09,1.0,11.96,0.0384,320.47,323.51,319.97,236342179.0,11022065112024.0,1724859783355060.0
2022-11-14,321.53,2.0,-1.56,-0.0048,323.41,324.73,320.86,267590481.0,9296763009126.0,1717123598774690.0
2022-11-15,322.31,1.0,0.78,0.0024,322.76,323.03,319.96,144811100.0,6544080313864.0,1719871806159000.0
2022-11-16,321.96,2.0,-0.35,-0.0011,322.98,322.98,318.02,177085550.0,7137387506972.0,1718487302753930.0
2022-11-17,316.75,2.0,-5.21,-0.0162,319.98,320.35,316.75,157359350.0,6011382173742.0,1693497579635920.0
2022-11-18,317.12,1.0,0.37,0.0012,317.63,320.7,316.7,136518686.0,5463791570061.0,1695249020901385.0
2022-11-21,314.67,2.0,-2.45,-0.0077,317.22,317.65,312.99,123416831.0,5039138952131.0,1677964380335380.0
2022-11-22,312.02,2.0,-2.65,-0.0084,312.88,315.09,311.69,115972431.0,4784358271731.0,1666900249692910.0
2022-11-23,314.11,1.0,2.09,0.0067,314.84,315.24,312.65,148269042.0,5419685980698.0,1674560656208230.0
2022-11-24,317.3,1.0,3.19,0.0102,316.6,317.33,315.27,99544201.0,4872435845987.0,1690781537640250.0
2022-11-25,316.07,2.0,-1.23,-0.0039,317.28,318.1,315.76,102914786.0,4082696378336.0,1687463164367020.0
2022-11-28,312.21,2.0,-3.86,-0.0121999999999999,313.89,313.89,311.28,96035031.0,4381041192843.0,1666807679165940.0
2022-11-29,315.58,1.0,3.37,0.0108,311.79,315.74,311.07,94417485.0,4131770406899.0,1684165582868355.0
2022-11-30,321.0,1.0,5.42,0.0172,314.35,321.01,314.2,189080122.0,9682024719496.0,1712514081739000.0
2022-12-01,322.02,1.0,1.02,0.0032,325.37,325.49,321.44,130317465.0,6281005430408.0,1716470500972685.0
2022-12-02,315.02,2.0,-7.0,-0.0217,320.76,320.76,315.02,114750435.0,5464065704385.0,1682845040567765.0
2022-12-05,313.91,2.0,-1.11,-0.0034999999999999,316.26,317.07,312.92,113970929.0,6186908574439.0,1671559715671070.0
2022-12-06,310.14,2.0,-3.77,-0.012,310.9,313.34,309.7,100040512.0,5111289716846.0,1653913287258840.0
2022-12-07,308.27,2.0,-1.87,-0.006,309.11,310.25,308.08,92852286.0,4668364483104.0,1646116686847150.0
2022-12-08,308.24,2.0,-0.03,-0.0001,308.78,309.0,306.01,121095343.0,6140431209145.0,1638749410257720.0
2022-12-09,311.63,1.0,3.39,0.011,309.81,312.06,308.76,113451366.0,5851981397637.0,1651483622145040.0
2022-12-12,309.64,2.0,-1.99,-0.0064,309.38,310.69,308.7,85706449.0,4104121326637.0,1639164845521710.0
2022-12-13,309.56,2.0,-0.08,-0.0003,311.26,311.85,308.54,101876943.0,4798781863042.0,1638600028762715.0
2022-12-14,313.23,1.0,3.67,0.0118999999999999,310.87,313.41,310.57,83853551.0,4342121846035.0,1657576640367325.0
2022-12-15,307.73,2.0,-5.5,-0.0176,310.73,311.98,307.73,95261751.0,4219247393971.0,1628650201051015.0
2022-12-16,307.48,2.0,-0.25,-0.0008,303.48,307.48,303.09,114653592.0,5111486074430.0,1628692870696730.0
2022-12-19,306.77,2.0,-0.71,-0.0023,306.33,307.99,305.19,77963325.0,3389190880392.0,1623398277880325.0
2022-12-20,304.05,2.0,-2.72,-0.0089,305.65,306.58,302.96,88754764.0,3751122599417.0,1611468594178060.0
2022-12-21,303.23,2.0,-0.82,-0.0027,305.84,305.99,302.92,76956809.0,3424230440896.0,1607206141882055.0
2022-12-22,307.48,1.0,4.25,0.0139999999999999,304.66,307.48,303.96,233308281.0,7502614059250.0,1627054279919300.0
2022-12-23,302.07,2.0,-5.41,-0.0176,303.14,304.42,301.47,94834788.0,3983860533166.0,1597263274400675.0
2022-12-26,302.27,1.0,0.2,0.0007,301.76,302.97,300.66,78881090.0,3328680326460.0,1600153844130730.0
2022-12-27,304.22,1.0,1.95,0.0065,303.77,305.02,302.83,122967923.0,4996334393543.0,1610156557132930.0
2022-12-28,297.09,2.0,-7.13,-0.0233999999999999,299.36,299.36,296.59,137294971.0,5455738601610.0,1572078453740100.0
2022-12-29,291.1,2.0,-5.99,-0.0202,294.98,295.94,291.1,114466989.0,4641526284560.0,1541773570334525.0
2023-01-02,289.79,2.0,-1.31,-0.0045,292.9,294.02,289.19,92544049.0,3817327305505.0,1535786624843340.0
2023-01-03,289.58,2.0,-0.21,-0.0007,290.64,290.95,284.32,106623597.0,4524745849460.0,1530480035423500.0
2023-01-04,295.98,1.0,6.4,0.0220999999999999,288.34,296.7,287.94,109947475.0,5193513528314.0,1557422148946850.0
2023-01-05,297.87,1.0,1.89,0.0064,297.65,299.69,296.01,137287857.0,6003133980930.0,1563535980673890.0
2023-01-06,301.53,1.0,3.66,0.0123,296.69,303.1,296.4,121021827.0,5367994107791.0,1581913625677170.0
2023-01-09,309.69,1.0,8.16,0.0271,305.1,309.81,304.57,121175378.0,5859248488820.0,1625213886083170.0
2023-01-10,309.57,2.0,-0.12,-0.0004,308.69,312.0,308.24,111372904.0,5344555761872.0,1625641839889735.0
2023-01-11,310.38,1.0,0.81,0.0026,311.66,312.57,309.1,102603792.0,5055057989735.0,1630645819850575.0
2023-01-12,310.7,1.0,0.32,0.001,312.71,312.96,309.7,130719268.0,6002834360898.0,1634148968575160.0
2023-01-13,313.77,1.0,3.07,0.0098999999999999,312.34,315.44,311.96,128647491.0,5505750697901.0,1649716459330850.0
2023-01-16,316.04,1.0,2.27,0.0072,314.41,317.63,314.16,119827727.0,5136041719885.0,1659318168125025.0
2023-01-17,313.75,2.0,-2.29,-0.0072,316.22,316.56,312.92,101245946.0,4829876737911.0,1644475052032200.0
2023-01-18,311.91,2.0,-1.84,-0.0059,313.62,314.14,310.11,93051501.0,4402572106672.0,1636555678391630.0
2023-01-19,313.81,1.0,1.9,0.0060999999999999,310.08,313.81,310.04,86249920.0,4301694616746.0,1645112193282350.0
2023-01-20,315.58,1.0,1.77,0.0056,313.99,315.76,312.59,78972658.0,3966952670013.0,1656848612789790.0
2023-01-25,320.76,1.0,5.18,0.0163999999999999,320.81,321.48,319.75,97520618.0,5108214178345.0,1681584844840226.0
2023-01-26,325.57,1.0,4.81,0.015,321.82,325.57,320.49,117869448.0,6422773590988.0,1710953932784260.0
2023-01-27,327.98,1.0,2.41,0.0074,326.22,329.71,324.98,156157976.0,7350304258342.0,1721797939467355.0
2023-01-30,322.67,2.0,-5.31,-0.0162,328.09,328.97,322.35,141804259.0,7646892750714.0,1693399374794250.0
2023-01-31,317.26,2.0,-5.41,-0.0168,322.71,323.26,317.09,194662939.0,8634518594662.0,1672584987316754.0
2023-02-01,321.19,1.0,3.93,0.0124,320.54,321.64,318.61,140522119.0,6544555570104.0,1690584864195177.0
2023-02-02,323.93,1.0,2.74,0.0085,325.94,326.73,321.97,152767019.0,7307002311565.0,1704293188576769.0
2023-02-03,325.86,1.0,1.93,0.006,323.58,326.49,322.39,122861528.0,6514549516767.0,1713245864491347.0
2023-02-06,318.83,2.0,-7.03,-0.0216,322.9,323.71,318.82,115868857.0,5563996962178.0,1679904795354502.0
2023-02-07,320.55,1.0,1.72,0.0054,319.36,321.45,318.2,113208908.0,5635318120578.0,1690385462868006.0
2023-02-08,325.63,1.0,5.08,0.0158,323.27,326.43,322.81,121204143.0,6160316395079.0,1713818458924189.0
2023-02-09,324.9,2.0,-0.73,-0.0022,323.71,325.8,322.83,131429938.0,6925196103392.0,1712074437033107.0
2023-02-10,323.69,2.0,-1.21,-0.0037,323.3,324.18,321.62,125805632.0,6354240788456.0,1703973544252861.0
2023-02-13,321.75,2.0,-1.94,-0.006,322.66,323.04,319.78,121921807.0,5641841024410.0,1692852992738074.0
2023-02-14,323.47,1.0,1.72,0.0053,324.5,325.8,322.83,103203572.0,5258820216841.0,1701849758919759.0
2023-02-15,317.99,2.0,-5.48,-0.0169,324.43,324.54,317.41,136826891.0,6976490099505.0,1675048455648118.0
2023-02-16,324.1,1.0,6.11,0.0192,320.0,324.35,319.63,133653388.0,6873867546616.0,1709291367514309.0
2023-02-17,320.78,2.0,-3.32,-0.0102,320.15,323.67,320.01,119733349.0,5815930321239.0,1690785222916709.0
2023-02-20,321.79,1.0,1.01,0.0031,321.07,322.97,318.15,113034378.0,5639845598811.0,1692613842625325.0
2023-02-21,321.56,2.0,-0.23,-0.0007,322.16,322.88,320.02,117781252.0,5195076829337.0,1696373994284397.0
2023-02-22,315.94,2.0,-5.62,-0.0175,317.94,318.74,315.83,131261010.0,5930930041454.0,1666660190715670.0
2023-02-23,319.44,1.0,3.5,0.0111,317.77,321.13,317.09,144600247.0,5656010037372.0,1682410629602584.0
2023-02-24,316.94,2.0,-2.5,-0.0078,319.89,321.27,316.8,120132137.0,5058697591648.0,1671238797212144.0
2023-02-27,313.94,2.0,-3.0,-0.0095,314.29,314.43,311.63,109326079.0,4841116080866.0,1655661435649595.0
2023-02-28,314.8,1.0,0.86,0.0027,315.75,317.69,314.13,131219879.0,6531968356514.0,1662515541788497.0
2023-03-02,316.26,1.0,1.46,0.0046,315.3,318.88,314.4,134687411.0,6585636898518.0,1672270011046534.0
2023-03-03,316.36,1.0,0.1,0.0003,317.69,318.3,315.3,113903621.0,5644637362513.0,1674815018917707.0
2023-03-06,320.94,1.0,4.58,0.0144999999999999,319.22,321.29,317.87,126067650.0,6946705373224.0,1697187296892237.0
2023-03-07,319.8,2.0,-1.14,-0.0036,320.04,321.92,319.64,132305543.0,7567962800562.0,1696415653949210.0
2023-03-08,315.38,2.0,-4.42,-0.0138,316.14,316.88,314.77,143256632.0,7428512223938.0,1673241096299526.0
2023-03-09,314.04,2.0,-1.34,-0.0042,316.57,317.19,313.59,166456519.0,7826471728918.0,1664415200001343.0
2023-03-10,310.65,2.0,-3.39,-0.0108,310.15,311.55,309.12,121792716.0,5784256376233.0,1648463300556283.0
2023-03-13,313.21,1.0,2.56,0.0081999999999999,311.77,313.69,308.03,125377574.0,5887628916564.0,1662243648401130.0
2023-03-14,305.58,2.0,-7.63,-0.0243999999999999,310.18,310.35,305.45,129872521.0,5736253971792.0,1621219961263661.0
2023-03-15,309.1,1.0,3.52,0.0115,309.75,311.42,307.81,112057164.0,5480004581227.0,1641776730251972.0
2023-03-16,308.39,2.0,-0.71,-0.0023,305.87,309.27,304.63,111884405.0,6171423062441.0,1641145849895898.0
2023-03-17,312.07,1.0,3.68,0.0118999999999999,312.2,312.68,309.8,126075336.0,6707528858297.0,1653664430327650.0
2023-03-20,309.49,2.0,-2.58,-0.0083,311.59,313.44,309.39,89484091.0,4321397343900.0,1640468788248473.0
2023-03-21,310.36,1.0,0.87,0.0028,311.86,312.05,309.64,84166007.0,4117286197671.0,1645799384352224.0
2023-03-22,314.11,1.0,3.75,0.0121,313.33,314.26,311.94,93689456.0,5073664318193.0,1666950168327095.0
2023-03-23,315.75,1.0,1.64,0.0052,311.51,315.75,311.41,111562635.0,5903189674854.0,1673016742574404.0
2023-03-24,314.3,2.0,-1.45,-0.0046,315.17,315.86,312.49,110748782.0,5880335275191.0,1664398271276447.0
2023-03-27,312.85,2.0,-1.45,-0.0046,314.83,314.84,311.24,100986815.0,5418111113056.0,1659545248346694.0
2023-03-28,316.36,1.0,3.51,0.0112,314.15,316.36,313.49,120382700.0,5393876425046.0,1677132815147102.0
2023-03-29,317.01,1.0,0.65,0.0021,315.68,317.03,314.94,152849174.0,5898626574097.0,1682092005706339.0
2023-03-30,318.05,1.0,1.04,0.0033,318.51,319.48,316.78,187349495.0,7712730924155.0,1688082451298590.0
2023-03-31,322.03,1.0,3.98,0.0125,319.6,322.54,319.17,194244791.0,9773751592338.0,1707440615398365.0
2023-04-03,320.38,2.0,-1.65,-0.0051,323.18,323.21,319.73,137960709.0,7276001574881.0,1698414569393053.0
2023-04-04,321.75,1.0,1.37,0.0043,320.97,322.85,320.24,155302511.0,9273697451851.0,1704545288994283.0
2023-04-05,323.56,1.0,1.81,0.0056,322.04,323.96,321.35,121196254.0,6690163537030.0,1714970240025787.0
2023-04-06,317.82,2.0,-5.74,-0.0177,322.37,322.4,317.78,145369418.0,7946591980582.0,1688551356886839.0
2023-04-07,323.36,1.0,5.54,0.0174,321.29,323.89,320.53,137010801.0,7834873405688.0,1711192261941777.0
2023-04-10,326.38,1.0,3.02,0.0093,323.27,327.89,323.07,144407683.0,8966998816695.0,1727450440629792.0
2023-04-11,330.87,1.0,4.49,0.0138,328.0,331.58,326.87,148445298.0,9945339065935.0,1753103698885019.0
2023-04-12,332.09,1.0,1.22,0.0037,330.88,332.8,329.77,252054775.0,10197042353239.0,1755252529834798.0
2023-04-13,333.09,1.0,1.0,0.003,330.06,333.09,329.63,172637257.0,8644091593974.0,1764353887219433.0
2023-04-14,333.68,1.0,0.59,0.0018,335.42,335.77,332.49,298774120.0,9378117953242.0,1769368283334995.0
2023-04-17,333.92,1.0,0.24,0.0007,333.62,334.3,332.18,244966264.0,9129520754167.0,1771095704936291.0
2023-04-18,333.5,2.0,-0.42,-0.0013,334.93,334.97,331.35,238293765.0,9609387789762.0,1767972001794584.0
2023-04-19,333.77,1.0,0.27,0.0008,333.34,334.96,332.96,167721804.0,7922071257141.0,1769435780278591.0
2023-04-20,332.66,2.0,-1.11,-0.0033,332.42,333.65,331.18,176356265.0,7756610382029.0,1762678054779924.0
2023-04-21,330.94,2.0,-1.72,-0.0052,332.08,332.49,329.56,146584565.0,7684553699278.0,1749882060148722.0
2023-04-24,328.7,2.0,-2.24,-0.0068,329.99,330.35,328.06,133289353.0,7142860124855.0,1739470432645008.0
2023-04-25,324.48,2.0,-4.22,-0.0128,329.7,329.88,322.47,163595334.0,9016261436605.0,1718148349998803.0
2023-04-26,323.97,2.0,-0.51,-0.0016,324.57,325.61,323.3,142148721.0,7716581662836.0,1716644014273578.0
2023-04-27,325.09,1.0,1.12,0.0034999999999999,323.78,325.74,321.18,147056984.0,7293515304756.0,1724305721670383.0
2023-04-28,326.46,1.0,1.37,0.0042,327.35,328.56,324.77,156835928.0,8398305719792.0,1729349514968028.0
2023-05-02,329.09,1.0,2.63,0.0081,326.99,329.49,326.74,113909989.0,6302045225695.0,1744316309246538.0
2023-05-03,326.52,2.0,-2.57,-0.0078,326.99,327.93,325.83,103770971.0,5265714311621.0,1727312336281583.0
2023-05-04,326.17,2.0,-0.35,-0.0011,325.75,326.33,324.26,98920127.0,5457241462310.0,1727018179036523.0
2023-05-08,328.9,1.0,2.73,0.0084,329.01,330.05,328.2,98841107.0,5998697754667.0,1737229478650833.0
2023-05-09,328.22,2.0,-0.68,-0.0021,328.68,328.92,326.81,90984451.0,5559999168999.0,1735274353333628.0
2023-05-10,326.04,2.0,-2.18,-0.0066,327.73,327.9,324.94,97556890.0,5631541166336.0,1725030044946403.0
2023-05-11,325.28,2.0,-0.76,-0.0023,327.18,328.43,325.28,99132850.0,5725482132109.0,1719880429407573.0
2023-05-12,323.61,2.0,-1.67,-0.0051,324.83,325.24,322.97,99540028.0,5121699314972.0,1709762513241088.0
2023-05-15,324.46,1.0,0.85,0.0026,322.99,324.56,321.61,89271062.0,4629262421491.0,1713447617271533.0
2023-05-16,325.31,1.0,0.85,0.0026,327.01,327.72,324.6,104620587.0,5270019282769.0,1715153850486050.0
2023-05-17,326.61,1.0,1.3,0.004,325.61,327.54,324.82,92270295.0,4617095561012.0,1725048160966210.0
2023-05-18,329.84,1.0,3.23,0.0098999999999999,329.07,329.87,327.68,94713526.0,4922322993564.0,1740186672795075.0
2023-05-19,334.23,1.0,4.39,0.0133,332.67,334.27,332.0,108741473.0,6012181000060.0,1756630079916260.0
2023-05-22,336.27,1.0,2.04,0.0060999999999999,334.5,337.66,333.43,111137782.0,5561375092177.0,1769855905326645.0
2023-05-23,337.09,1.0,0.82,0.0024,337.32,338.54,336.37,88884243.0,4998626833126.0,1777239837395640.0
2023-05-24,336.49,2.0,-0.6,-0.0018,335.36,337.32,335.09,95146291.0,4643421209115.0,1776730682423875.0
2023-05-25,335.35,2.0,-1.14,-0.0034,337.72,338.2,334.98,94201019.0,5576695076533.0,1768145267745165.0
2023-05-26,337.11,1.0,1.76,0.0052,336.87,338.06,335.89,106705040.0,5943225774842.0,1773059903650255.0
2023-05-30,341.5,1.0,4.39,0.013,340.53,341.74,339.73,130052607.0,8211718592331.0,1791400573467905.0
2023-05-31,339.12,2.0,-2.38,-0.0069999999999999,341.55,342.51,339.04,191231879.0,11285745206526.0,1784828901721595.0
2023-06-01,338.08,2.0,-1.04,-0.0031,338.36,339.61,337.29,96806263.0,5825987981250.0,1777813689235770.0
2023-06-02,342.67,1.0,4.59,0.0136,340.57,342.68,340.12,97314317.0,6287544257730.0,1801108544466775.0
2023-06-05,343.91,1.0,1.24,0.0036,344.89,344.95,343.04,117539485.0,5859589381017.0,1810544292952920.0
2023-06-07,343.22,2.0,-0.69,-0.002,344.76,345.63,343.03,115841143.0,6698467134916.0,1810240450539980.0
2023-06-08,342.75,2.0,-0.47,-0.0014,342.16,342.75,340.48,155259133.0,8223937557279.0,1806237612843395.2
2023-06-09,346.79,1.0,4.04,0.0118,344.28,347.42,343.34,139698171.0,7684517501450.0,1830032102669184.8
2023-06-12,344.57,2.0,-2.22,-0.0064,347.54,348.18,343.7,115930437.0,5698323932948.0,1820594946451075.2
2023-06-13,346.39,1.0,1.82,0.0053,346.92,347.46,345.38,119445575.0,6632964983138.0,1829267523655540.0
2023-06-14,344.65,2.0,-1.74,-0.005,346.49,346.88,343.69,124557596.0,7736321734067.0,1816731223006180.0
2023-06-15,343.19,2.0,-1.46,-0.0042,345.93,346.58,342.72,117106186.0,6745843526669.0,1808343352302764.8
2023-06-16,345.17,1.0,1.98,0.0058,345.09,345.35,343.13,153589066.0,7736292797120.0,1818934089556390.0
2023-06-19,343.13,2.0,-2.04,-0.0059,344.36,344.55,341.98,120263306.0,6963633810111.0,1805565319074875.2
2023-06-20,342.58,2.0,-0.55,-0.0016,341.98,343.02,341.15,157399274.0,7244523542477.0,1802426760584690.0
2023-06-21,339.44,2.0,-3.14,-0.0092,341.48,342.03,338.98,126950283.0,6913816014726.0,1788039469073235.0
2023-06-22,341.12,1.0,1.68,0.0049,338.52,341.56,338.46,103389274.0,5779890833345.0,1797032810462040.0
2023-06-23,338.45,2.0,-2.67,-0.0078,341.95,342.21,338.21,100435756.0,5393043115293.0,1780222319402325.0
2023-06-26,340.38,1.0,1.93,0.0056999999999999,338.38,340.78,337.62,101453098.0,5651363704054.0,1789505661797920.0
2023-06-27,340.32,2.0,-0.06,-0.0002,340.42,340.45,338.65,97622170.0,5697821686579.0,1788370294476850.0
2023-06-28,338.41,2.0,-1.91,-0.0056,341.38,341.6,337.6,96687412.0,5864582112230.0,1774817268801590.0
2023-06-29,336.39,2.0,-2.02,-0.006,338.46,340.34,336.39,105438937.0,5646767759736.0,1765380332303235.0
2023-06-30,337.95,1.0,1.56,0.0046,337.56,338.98,335.04,103950018.0,5508923161611.0,1774836886599590.0
2023-07-03,343.08,1.0,5.13,0.0152,340.26,343.5,340.07,98769880.0,5786890864026.0,1802422081040550.0
2023-07-04,341.59,2.0,-1.49,-0.0043,343.54,343.88,341.42,103848869.0,5886726348275.0,1794752988722895.0
2023-07-05,339.04,2.0,-2.55,-0.0075,341.47,342.82,338.93,130507262.0,7033000756311.0,1783860569076920.0
2023-07-06,336.2,2.0,-2.84,-0.0084,338.19,338.88,335.55,146366854.0,7314513770662.0,1768949492537290.0
2023-07-07,331.57,2.0,-4.63,-0.0138,334.79,334.79,330.33,134887011.0,7478770217695.0,1747185302641165.0
2023-07-10,330.84,2.0,-0.73,-0.0022,331.82,333.6,330.39,116841484.0,6691187382928.0,1742729157984580.0
2023-07-11,337.02,1.0,6.18,0.0187,333.47,337.02,332.91,147277345.0,7596424812740.0,1772580616932000.0
2023-07-12,339.46,1.0,2.44,0.0072,336.82,339.46,336.15,185295511.0,9373928603665.0,1780856197758110.0
2023-07-13,341.13,1.0,1.67,0.0049,341.6,343.01,341.1,154057328.0,9011170315725.0,1791787862182200.0
2023-07-14,346.93,1.0,5.8,0.017,343.49,346.93,342.9,155034900.0,8932215852366.0,1818594678329370.0
2023-07-17,345.75,2.0,-1.18,-0.0034,345.38,346.98,344.74,150885641.0,8057203233780.0,1811082540210460.0
2023-07-18,343.38,2.0,-2.37,-0.0069,346.49,346.98,342.9,131142906.0,8781574650658.0,1803734771682240.0
2023-07-19,343.11,2.0,-0.27,-0.0008,345.61,345.69,341.78,123777034.0,7905984625450.0,1805854594062160.0
2023-07-20,341.67,2.0,-1.44,-0.0042,341.37,343.29,340.62,116380034.0,6938620125279.0,1798692633941075.0
2023-07-21,342.39,1.0,0.72,0.0021,339.19,342.39,337.45,130846247.0,9892909860168.0,1806392023594475.2
2023-07-24,344.32,1.0,1.93,0.0056,341.98,345.87,340.67,151453723.0,14838459929182.0,1822435036353170.0
2023-07-25,344.92,1.0,0.6,0.0017,345.78,346.27,342.93,200892226.0,15078062906126.0,1829116038118644.8
2023-07-26,340.56,2.0,-4.36,-0.0126,345.18,345.42,339.53,296536749.0,30537102402046.0,1803219472657460.0
2023-07-27,344.76,1.0,4.2,0.0123,341.64,345.5,340.58,238862076.0,20393084993630.0,1810588417479670.0
2023-07-28,344.03,2.0,-0.73,-0.0021,343.55,344.34,341.31,197315869.0,13896925764031.0,1810780672364744.8
2023-07-31,345.62,1.0,1.59,0.0046,346.5,347.18,344.72,168147750.0,12853488882170.0,1825698537567264.8
2023-08-01,351.0,1.0,5.38,0.0156,347.35,351.23,346.56,171252619.0,12746206416721.0,1851393335293464.8
2023-08-02,343.8,2.0,-7.2,-0.0204999999999999,349.1,349.74,343.25,173994097.0,11758446996647.0,1814467196970324.8
2023-08-03,341.54,2.0,-2.26,-0.0066,344.8,345.05,340.1,169190939.0,10148538837763.0,1805658055617460.0
2023-08-04,341.25,2.0,-0.29,-0.0008,341.6,342.72,340.62,118843923.0,7770010333908.0,1804094879141900.0
2023-08-07,339.68,2.0,-1.57,-0.0046,339.6,343.18,339.46,117858472.0,9069975205636.0,1788109988513460.0
2023-08-08,337.95,2.0,-1.73,-0.0051,342.12,342.62,337.25,127774416.0,8629258839464.0,1783727281690130.0
2023-08-09,341.61,1.0,3.66,0.0108,339.0,342.38,338.45,115524453.0,7886430699758.0,1806676446008160.0
2023-08-10,340.46,2.0,-1.15,-0.0034,339.69,340.46,339.09,164733982.0,8882537660388.0,1803796461185540.0
2023-08-11,338.98,2.0,-1.48,-0.0043,341.88,343.03,338.8,128907642.0,7520582870783.0,1794972207973510.0
2023-08-14,336.33,2.0,-2.65,-0.0078,338.58,339.52,335.28,125087415.0,7013971873774.0,1780307587814060.0
2023-08-16,331.28,2.0,-5.05,-0.015,333.69,334.17,330.54,126659888.0,7665362552865.0,1748984340543925.0
2023-08-17,330.23,2.0,-1.05,-0.0032,329.63,330.43,325.74,117989700.0,7284433463595.0,1745909593007560.0
2023-08-18,328.42,2.0,-1.81,-0.0055,326.9,330.65,326.24,119156122.0,6558915050646.0,1733429761794400.0
2023-08-21,328.84,1.0,0.42,0.0013,329.45,331.09,328.3,100072004.0,5306601152966.0,1735532241797550.0
2023-08-22,329.7,1.0,0.86,0.0026,331.65,332.53,328.69,93980650.0,5506519286028.0,1741227337243770.0
2023-08-23,329.15,2.0,-0.55,-0.0017,328.95,330.22,327.87,87579120.0,4908114626772.0,1733928616314735.0
2023-08-24,333.82,1.0,4.67,0.0141999999999999,333.14,334.04,332.14,105020379.0,7005814431759.0,1757727511179625.0
2023-08-25,330.25,2.0,-3.57,-0.0107,329.31,331.4,328.66,82419945.0,5183029254340.0,1744505752491610.0
2023-08-28,332.53,1.0,2.28,0.0069,332.1,332.67,330.87,95135763.0,5316398471426.0,1760722766932675.0
2023-08-29,333.76,1.0,1.23,0.0037,333.57,334.46,332.7,88518037.0,5374375286648.0,1766316168834965.0
2023-08-30,334.94,1.0,1.18,0.0034999999999999,337.11,337.69,334.94,89254989.0,5261255262994.0,1771698698507585.0
2023-08-31,334.75,2.0,-0.19,-0.0006,335.38,336.06,333.39,146249137.0,8353483521588.0,1767270012625285.0
2023-09-01,338.28,1.0,3.53,0.0105,334.11,338.95,334.07,119773878.0,7125172143762.0,1774330080051850.0
2023-09-04,341.02,1.0,2.74,0.0081,339.1,341.02,337.6,96694641.0,6508906900027.0,1790620958840645.0
2023-09-05,340.29,2.0,-0.73,-0.0021,340.15,341.45,339.25,82753176.0,5134979321517.0,1788637891077700.0
2023-09-06,337.85,2.0,-2.44,-0.0072,339.66,340.48,337.36,91705977.0,5420049337915.0,1774873568250275.0
2023-09-07,336.74,2.0,-1.11,-0.0033,336.93,338.02,335.08,88385491.0,5855712918059.0,1764817364072585.0
2023-09-08,336.4,2.0,-0.34,-0.001,336.29,336.66,333.92,79833140.0,5163660415254.0,1763539874881915.0
2023-09-11,337.58,1.0,1.18,0.0034999999999999,336.52,337.62,335.33,112564980.0,6057231547309.0,1769506540106345.0
2023-09-12,335.54,2.0,-2.04,-0.006,338.51,338.81,335.28,94675658.0,6577900088134.0,1756291034820950.0
2023-09-13,335.99,1.0,0.45,0.0013,335.83,337.61,334.67,106778784.0,6586599668500.0,1756315967559405.0
2023-09-14,341.19,1.0,5.2,0.0155,337.34,341.19,336.64,121376523.0,7339688488106.0,1784239879648865.0
2023-09-15,344.98,1.0,3.79,0.0111,341.56,346.29,341.02,159760232.0,8612804348490.0,1803979809399835.2
2023-09-18,340.67,2.0,-4.31,-0.0125,342.98,344.39,340.51,100511732.0,5807078215556.0,1784138825083390.0
2023-09-19,338.82,2.0,-1.85,-0.0054,341.5,342.18,338.21,96050928.0,5150652127590.0,1772814855562025.0
2023-09-20,338.75,2.0,-0.07,-0.0002,338.54,339.87,337.57,104345680.0,4864915053576.0,1773557988677390.0
2023-09-21,333.04,2.0,-5.71,-0.0169,336.73,337.54,333.01,96328690.0,5422533075112.0,1742402448037090.0
2023-09-22,332.02,2.0,-1.02,-0.0031,329.9,332.59,329.11,87027919.0,4845963814606.0,1736745631490060.0
2023-09-25,331.58,2.0,-0.44,-0.0013,331.4,332.65,330.1,84400081.0,5404392110690.0,1729963226685920.0
2023-09-26,326.9,2.0,-4.68,-0.0141,331.51,331.56,326.63,90024892.0,5104543774073.0,1706943807101900.0
2023-09-27,326.71,2.0,-0.19,-0.0006,325.05,327.5,324.73,81602937.0,5135895539248.0,1706367989198055.0
2023-10-04,319.45,2.0,-7.26,-0.0222,322.61,322.61,318.88,149154628.0,8398230837067.0,1665853464551060.0
2023-10-05,318.58,2.0,-0.87,-0.0027,321.46,321.71,318.46,104522580.0,6140532333166.0,1666133803402280.0
2023-10-06,318.94,1.0,0.36,0.0011,319.27,320.67,318.44,87538952.0,4785510675912.0,1668443571960735.0
2023-10-10,319.11,1.0,0.17,0.0005,322.97,324.85,319.06,128817089.0,7413755024883.0,1666929431923165.0
2023-10-11,324.74,1.0,5.63,0.0176,323.96,327.26,323.95,119111539.0,7187299149114.0,1700321783745980.0
2023-10-12,328.85,1.0,4.11,0.0127,326.89,328.85,326.89,108819519.0,6630382353248.0,1719892205644955.0
2023-10-13,325.77,2.0,-3.08,-0.0093999999999999,326.11,327.33,325.43,91775351.0,4452713202190.0,1703149231763395.0
2023-10-16,323.29,2.0,-2.48,-0.0076,324.1,326.0,321.32,93097005.0,4933431874610.0,1689161203760030.0
2023-10-17,327.35,1.0,4.06,0.0126,325.7,328.26,325.01,88460757.0,5216247436535.0,1706205723964525.0
2023-10-18,328.82,1.0,1.47,0.0045,326.32,329.06,326.12,134130424.0,5961951549793.0,1708940247235450.0
2023-10-19,322.76,2.0,-6.06,-0.0184,324.75,325.08,322.4,115713978.0,6112651802226.0,1677139688247490.0
2023-10-20,317.96,2.0,-4.8,-0.0149,319.45,320.18,316.28,112714314.0,6689660107857.0,1649198246075280.0
2023-10-23,315.5,2.0,-2.46,-0.0077,317.43,318.3,315.09,89162326.0,4886900168746.0,1637491058487765.0
2023-10-24,318.43,1.0,2.93,0.0093,317.34,318.63,311.77,93256078.0,5696794937037.0,1654982984217825.0
2023-10-25,316.49,2.0,-1.94,-0.0060999999999999,319.26,319.59,316.3,91218212.0,5990647874872.0,1638326343330425.0
2023-10-26,307.75,2.0,-8.74,-0.0276,311.36,312.37,307.75,110774427.0,7147843599760.0,1594021634219925.0
2023-10-27,308.53,1.0,0.78,0.0025,309.68,310.43,307.24,92934386.0,5978754499550.0,1597031432203450.0
2023-10-30,308.95,1.0,0.42,0.0014,307.01,310.12,306.89,95847666.0,4917393348916.0,1601800798334580.0
2023-10-31,305.56,2.0,-3.39,-0.011,310.49,311.58,305.14,121721241.0,6285058452388.0,1580134815560475.0
2023-11-01,309.71,1.0,4.15,0.0136,307.55,310.41,307.33,88982229.0,5182958507551.0,1596795801119885.0
2023-11-02,315.16,1.0,5.45,0.0176,314.59,316.51,314.12,112376415.0,6154686682044.0,1625900638672675.0
2023-11-03,318.24,1.0,3.08,0.0098,317.96,318.76,316.5,89968188.0,5611098595301.0,1643280720046225.0
2023-11-06,334.16,1.0,15.92,0.05,322.62,334.16,321.57,174432379.0,12972622309167.0,1742566709730300.0
2023-11-07,327.29,2.0,-6.87,-0.0206,330.7,330.7,323.89,119879230.0,9766986904728.0,1699073948424850.0
2023-11-08,324.0,2.0,-3.29,-0.0101,329.44,330.42,323.36,89899157.0,5886707984500.0,1682834543847630.0
2023-11-09,325.29,1.0,1.29,0.004,324.38,326.89,323.32,93287967.0,5769302845070.0,1686803900728730.0
2023-11-10,323.75,2.0,-1.54,-0.0046999999999999,322.78,324.18,321.26,65663861.0,4034318305947.0,1677160478967760.0
2023-11-13,323.31,2.0,-0.44,-0.0014,326.78,327.63,322.64,68729674.0,3980031192808.0,1675253396603580.0
2023-11-14,326.57,1.0,3.26,0.0101,326.12,327.8,325.8,75471066.0,4611334371673.0,1695454378796545.0
2023-11-15,333.96,1.0,7.39,0.0226,333.15,333.97,330.99,117057060.0,6891976866999.0,1733735524567185.0
2023-11-16,334.31,1.0,0.35,0.001,333.52,334.9,332.16,80857258.0,4697910480847.0,1733223200134100.0
2023-11-17,332.06,2.0,-2.25,-0.0067,332.91,333.71,331.16,72719817.0,4237131006711.0,1719607953734730.0
2023-11-20,334.23,1.0,2.17,0.0065,331.3,335.56,331.05,73758382.0,4003909793246.0,1732971410544320.0
2023-11-21,336.57,1.0,2.34,0.0069999999999999,336.12,337.75,335.64,80861020.0,4346523674039.0,1745367317389910.0
2023-11-22,336.81,1.0,0.24,0.0007,334.08,337.56,333.46,72501098.0,3758337254399.0,1745779647441390.0
2023-11-23,336.91,1.0,0.1,0.0003,337.46,338.02,335.79,72835159.0,3646103199544.0,1748416282493460.0
2023-11-24,334.0,2.0,-2.91,-0.0086,337.26,337.88,334.0,73066193.0,3662765410867.0,1732992412340200.0
2023-11-27,333.67,2.0,-0.33,-0.001,334.42,336.04,332.58,72979263.0,3818829148039.0,1730441822159830.0
2023-11-28,337.52,1.0,3.85,0.0115,335.15,337.65,334.49,97438609.0,4918947657813.0,1751473204686690.0
2023-11-29,336.62,2.0,-0.9,-0.0027,336.64,337.1,334.34,88757604.0,4959227147931.0,1749935785800540.0
2023-11-30,338.43,1.0,1.81,0.0054,335.61,338.43,334.9,169523748.0,7868479918041.0,1759894899439460.0
2023-12-01,334.8,2.0,-3.63,-0.0107,336.71,336.73,334.41,95304378.0,5228456456826.0,1737622430612080.0
2023-12-04,336.14,1.0,1.34,0.004,337.2,337.76,335.63,90945516.0,5692954092276.0,1746110057235500.0
2023-12-05,332.85,2.0,-3.29,-0.0098,335.21,335.27,332.61,93825597.0,5277934010235.0,1731945777659120.0
2023-12-06,333.45,1.0,0.6,0.0018,334.3,335.47,333.45,86198053.0,4679217791546.0,1732655473387370.0
2023-12-07,332.67,2.0,-0.78,-0.0023,332.95,333.96,331.42,85653911.0,4849770366357.0,1730469213943010.0
2023-12-08,336.6,1.0,3.93,0.0118,335.33,337.27,334.91,72001115.0,4722429280500.0,1748573281488560.0
2023-12-11,337.93,1.0,1.33,0.004,337.68,338.21,335.77,80191377.0,5131825837809.0,1753629819079700.0
2023-12-12,339.77,1.0,1.84,0.0054,339.42,340.69,338.81,96194555.0,5623851879163.0,1761582792050060.0
2023-12-13,336.68,2.0,-3.09,-0.0091,339.09,339.46,336.54,74854643.0,4780374531001.0,1743241837004970.0
2023-12-14,341.33,1.0,4.65,0.0138,341.97,342.68,339.39,156813582.0,9839119471287.0,1768331654002130.0
2023-12-15,343.99,1.0,2.66,0.0078,343.43,345.68,342.94,144476524.0,9998848958325.0,1799544227116400.0
2023-12-18,343.5,2.0,-0.49,-0.0014,344.36,344.51,342.23,126758084.0,7351677821715.0,1799971432473880.0
2023-12-19,343.95,1.0,0.45,0.0013,343.18,344.15,342.17,165174688.0,6080932996576.0,1801056324793580.0
2023-12-20,350.11,1.0,6.16,0.0179,346.67,350.4,346.22,213300194.0,8087382773616.0,1833383298742830.0
2023-12-21,348.78,2.0,-1.33,-0.0038,348.25,349.78,346.7,128068827.0,6226364972164.0,1823005313951520.0
2023-12-22,349.15,1.0,0.37,0.0011,351.68,352.33,349.15,114793346.0,5818011402439.0,1823073241730340.0
2023-12-26,350.43,1.0,1.28,0.0037,350.57,351.16,349.0,109353368.0,5670001904763.0,1826855962868420.0
2023-12-27,352.46,1.0,2.03,0.0058,350.05,352.46,348.93,129881518.0,7877754659693.0,1835622945277050.0
2023-12-28,357.99,1.0,5.53,0.0157,352.75,357.99,352.01,108348110.0,7011015334208.0,1865396196690940.0
2024-01-02,360.55,1.0,2.56,0.0072,356.43,361.53,355.96,106708510.0,7230435484144.0,1875294389545740.0
2024-01-03,351.2,2.0,-9.35,-0.0259,356.74,356.82,351.2,117690135.0,7242146169830.0,1828846321048100.0
2024-01-04,348.07,2.0,-3.13,-0.0089,349.1,350.76,347.13,103140948.0,5817672265149.0,1814393097178020.0
2024-01-05,347.22,2.0,-0.85,-0.0024,348.22,348.87,346.32,82152940.0,5723728835744.0,1809009724361440.0
2024-01-08,345.58,2.0,-1.64,-0.0046999999999999,348.17,349.39,345.48,78230008.0,4963637198016.0,1801185825617030.0
2024-01-09,343.81,2.0,-1.77,-0.0051,350.01,350.2,343.0,94875502.0,6030735340470.0,1795007819820580.0
2024-01-10,340.66,2.0,-3.15,-0.0092,344.21,345.06,340.26,95489835.0,6219055341422.0,1780123487457890.0
2024-01-11,340.28,2.0,-0.38,-0.0011,340.32,342.79,339.93,163528542.0,10830682367211.0,1778095084937300.0
2024-01-12,338.22,2.0,-2.06,-0.0060999999999999,339.79,341.05,337.22,86833009.0,5165401773686.0,1782952354499560.0
2024-01-15,339.24,1.0,1.02,0.003,338.61,340.54,337.66,86541302.0,5149923900102.0,1784147864746590.0
2024-01-16,334.73,2.0,-4.51,-0.0133,337.76,338.74,334.22,94324487.0,5907581704647.0,1763396603781890.0
2024-01-17,326.11,2.0,-8.62,-0.0258,335.51,336.06,326.06,134916196.0,7402513958743.0,1718102721698840.0
2024-01-18,327.13,1.0,1.02,0.0031,326.88,328.78,325.1,98178523.0,5762696488632.0,1720554599792340.0
2024-01-19,332.99,1.0,5.86,0.0179,331.6,333.27,330.63,102425098.0,6533342531974.0,1745629206442430.0
2024-01-22,332.63,2.0,-0.36,-0.0011,335.76,336.15,332.63,92552304.0,6073841755036.0,1739948109714750.0
2024-01-23,334.97,1.0,2.34,0.0069999999999999,334.87,335.12,332.23,95068403.0,5396094242557.0,1751642450555770.0
2024-01-24,333.27,2.0,-1.7,-0.0051,334.45,334.66,331.01,100933985.0,5121257585677.0,1745146253467050.0
2024-01-25,333.8,1.0,0.53,0.0016,333.2,334.19,331.37,101107324.0,5982910205557.0,1745542773197940.0
2024-01-26,334.21,1.0,0.41,0.0012,331.99,337.67,331.28,86543245.0,5279004083225.0,1750683608805010.0
2024-01-29,337.84,1.0,3.63,0.0109,335.68,340.51,334.66,114356545.0,6649545963988.0,1768434883402200.0
2024-01-30,337.48,2.0,-0.36,-0.0011,340.96,341.62,337.08,128282118.0,6512149619662.0,1767075649036520.0
2024-01-31,336.24,2.0,-1.24,-0.0037,335.5,337.2,335.15,126917894.0,6810308761301.0,1766486802249180.0
2024-02-01,342.41,1.0,6.17,0.0183,335.89,342.48,335.89,243069263.0,10373116196892.0,1798877625009240.0
2024-02-02,353.43,1.0,11.02,0.0322,345.1,353.44,344.94,212399308.0,11413169444377.0,1853917999934650.0
2024-02-05,349.15,2.0,-4.28,-0.0121,352.7,352.96,344.95,189504677.0,10098039602127.0,1834391924893220.0
2024-02-06,347.8,2.0,-1.35,-0.0039,348.23,350.43,345.52,132641752.0,7671997933546.0,1823493060576140.0
2024-02-07,352.25,1.0,4.45,0.0128,349.8,354.71,348.96,246754857.0,8943338355647.0,1848033122140100.0
2024-02-08,353.29,1.0,1.04,0.003,353.44,354.96,352.0,192010419.0,9205597066442.0,1854526226952900.0
2024-02-13,357.38,1.0,4.09,0.0116,356.85,358.68,356.1,156044394.0,9641036382165.0,1875553826991500.0
2024-02-14,352.69,2.0,-4.69,-0.0131,351.52,353.77,350.62,120507730.0,6871844540542.0,1852165729323150.0
2024-02-15,351.21,2.0,-1.48,-0.0042,355.83,356.02,351.21,121341755.0,7625382795243.0,1847421106001490.0
2024-02-16,355.52,1.0,4.31,0.0123,354.19,355.58,352.17,121460536.0,7247897778420.0,1873301897880550.0
2024-02-19,360.88,1.0,5.36,0.0151,356.4,361.32,356.4,139812203.0,7604140938790.0,1897276174517640.0
2024-02-20,356.92,2.0,-3.96,-0.011,359.53,359.92,355.07,119318634.0,7227526613907.0,1879270182116720.0
2024-02-21,356.04,2.0,-0.88,-0.0025,357.07,358.81,354.69,109115876.0,6403252680561.0,1877082219260240.0
2024-02-22,357.67,1.0,1.63,0.0046,358.87,358.97,355.86,128281928.0,7813549574824.0,1884845351080760.0
2024-02-23,358.57,1.0,0.9,0.0025,360.4,362.72,358.18,133369668.0,8111794505306.0,1888551165595950.0
2024-02-26,355.48,2.0,-3.09,-0.0086,356.75,357.14,352.91,140518627.0,7685196375228.0,1873222755884780.0
2024-02-27,352.76,2.0,-2.72,-0.0077,356.39,356.42,352.02,137863814.0,8051585717733.0,1857890413711410.0
2024-02-28,356.79,1.0,4.03,0.0113999999999999,353.06,357.51,352.31,127223726.0,7221196383152.0,1878056887779360.0
2024-02-29,355.57,2.0,-1.22,-0.0034,355.38,356.46,353.29,187600006.0,10471393023209.0,1870993923194250.0
2024-03-04,361.1,1.0,5.53,0.0156,358.99,361.98,358.48,152490412.0,9205464808703.0,1894002335446970.0
2024-03-05,357.59,2.0,-3.51,-0.0097,359.39,362.54,357.59,134877064.0,8919737677151.0,1874968600467680.0
2024-03-06,356.25,2.0,-1.34,-0.0037,356.01,357.25,354.52,123866358.0,7975202270385.0,1867657967140880.0
2024-03-07,356.82,1.0,0.57,0.0016,357.8,358.61,354.96,120269675.0,7917130267521.0,1873786680217770.0
2024-03-08,361.71,1.0,4.89,0.0137,360.87,362.72,360.01,117519660.0,8377419112340.0,1898934521191730.0
2024-03-11,358.34,2.0,-3.37,-0.0093,359.31,360.94,358.2,120788890.0,6521310715093.0,1882793517031930.0
2024-03-12,361.11,1.0,2.77,0.0077,359.95,362.0,357.88,125853290.0,7218309726812.0,1899495939192460.0
2024-03-13,363.04,1.0,1.93,0.0053,363.15,364.43,361.26,133917267.0,7742196547816.0,1906789889646160.0
2024-03-14,366.68,1.0,3.64,0.01,363.85,366.68,363.5,266383462.0,11326083554176.0,1926140079155240.0
2024-03-15,359.39,2.0,-7.29,-0.0199,364.12,364.67,359.39,201924115.0,10248951503978.0,1894690743293820.0
2024-03-18,361.31,1.0,1.92,0.0053,360.74,361.77,358.53,120543843.0,6576183012239.0,1907697548525140.0
2024-03-19,357.33,2.0,-3.98,-0.011,359.03,359.07,355.51,147010034.0,7523909118206.0,1885476572291920.0
2024-03-20,363.32,1.0,5.99,0.0168,361.07,363.58,359.93,147686334.0,9751062474174.0,1911887851065830.0
2024-03-21,373.66,1.0,10.34,0.0285,369.97,373.82,368.82,154725585.0,10714918889125.0,1961432071084360.0
2024-03-22,372.65,2.0,-1.01,-0.0027,373.27,375.1,370.71,138509491.0,8682217206681.0,1955787349073650.0
2024-03-25,370.73,2.0,-1.92,-0.0052,373.69,375.23,369.77,118921405.0,7113481375049.0,1947249604008940.0
2024-03-26,374.6,1.0,3.87,0.0104,373.77,377.83,373.18,135106857.0,9108708682546.0,1962684683884380.0
2024-03-27,374.08,2.0,-0.52,-0.0014,372.58,375.33,372.48,147626755.0,8740384797837.0,1960464455123260.0
2024-03-28,373.22,2.0,-0.86,-0.0023,373.78,374.8,372.23,134092316.0,7971151682231.0,1952243381684500.0
2024-03-29,374.63,1.0,1.41,0.0038,375.04,375.56,372.77,136759048.0,8033439390457.0,1954322151625940.0
2024-04-01,374.28,2.0,-0.35,-0.0009,377.66,378.29,374.19,117500892.0,7185067791944.0,1953170866530980.0
2024-04-02,376.34,1.0,2.06,0.0055,374.16,377.29,373.44,149553722.0,9870226887704.0,1959105675730420.0
2024-04-03,369.72,2.0,-6.62,-0.0176,373.09,373.63,369.72,155080645.0,9888593587386.0,1923797810388790.0
2024-04-04,375.61,1.0,5.89,0.0159,374.45,376.2,373.39,129760939.0,8461305399235.0,1950935487608380.0
2024-04-05,371.57,2.0,-4.04,-0.0108,371.51,374.13,370.2,160477318.0,7975637702096.0,1931004529156550.0
2024-04-08,372.51,1.0,0.94,0.0025,372.62,373.96,371.6,117622792.0,7527915693563.0,1935161778185450.0
2024-04-09,370.27,2.0,-2.24,-0.006,374.66,375.47,369.96,124591852.0,7229743840468.0,1924736184731790.0
2024-04-11,370.72,1.0,0.45,0.0012,364.53,372.49,364.18,147049091.0,8985038759993.0,1925187557707470.0
2024-04-12,367.25,2.0,-3.47,-0.0093999999999999,371.2,371.43,366.48,163653613.0,8324438250997.0,1904615657949540.0
2024-04-15,365.31,2.0,-1.94,-0.0053,364.28,365.74,361.01,122918368.0,7405445841079.0,1897073947317150.0
2024-04-16,356.67,2.0,-8.64,-0.0237,361.51,362.05,355.2,137545226.0,8637744669412.0,1853454786296740.0
2024-04-17,352.79,2.0,-3.88,-0.0109,358.21,359.11,352.79,108345614.0,7069096218483.0,1833535999522430.0
2024-04-18,359.06,1.0,6.27,0.0178,354.25,360.33,353.48,155191660.0,7954205081775.0,1869305189834070.0
2024-04-19,352.58,2.0,-6.48,-0.018,353.9,355.37,347.12,163740323.0,9830994114651.0,1837604000525180.0
2024-04-22,356.89,1.0,4.31,0.0121999999999999,355.68,357.48,353.72,152399819.0,8772675994527.0,1866706880010480.0
2024-04-23,355.98,2.0,-0.91,-0.0025,357.56,358.83,355.86,131148578.0,7992606909273.0,1860870930553480.0
2024-04-24,363.6,1.0,7.62,0.0214,361.66,364.07,361.34,115523781.0,7652151592077.0,1898328540161540.0
2024-04-25,356.51,2.0,-7.09,-0.0195,359.05,360.57,356.51,107773419.0,6821042183200.0,1862232426283670.0
2024-04-26,361.02,1.0,4.51,0.0127,360.18,362.08,358.98,154220662.0,7719228617258.0,1883082131070000.0
2024-04-29,364.48,1.0,3.46,0.0096,363.71,364.73,362.13,145790519.0,7614802343312.0,1904676778741230.0
2024-04-30,365.13,1.0,0.65,0.0018,365.17,367.94,364.2,130226988.0,7931297055287.0,1908251864634660.0
2024-05-02,364.31,2.0,-0.82,-0.0022,363.37,365.69,363.37,107164522.0,6700712779865.0,1902625199591500.0
2024-05-03,363.58,2.0,-0.73,-0.002,367.57,367.91,363.58,90443845.0,5565773551658.0,1898058925608670.0
2024-05-07,372.8,1.0,9.22,0.0254,370.06,372.8,369.85,157572676.0,8291261674592.0,1941547428985370.0
2024-05-08,374.09,1.0,1.29,0.0034999999999999,372.32,374.12,371.58,126969772.0,5714687797191.0,1948829357901720.0
2024-05-09,368.83,2.0,-5.26,-0.0141,373.7,374.46,368.76,146396531.0,7341228469804.0,1923701809589750.0
2024-05-10,371.08,1.0,2.25,0.0060999999999999,372.73,373.8,370.41,141851674.0,7030224682784.0,1932580372720960.0
2024-05-13,370.99,2.0,-0.09,-0.0002,372.1,373.04,368.79,204945569.0,8200299557136.0,1931524633379330.0
2024-05-14,371.04,1.0,0.05,0.0001,371.69,372.12,369.9,124260439.0,5959609127675.0,1932787957569850.0
2024-05-16,374.6,1.0,3.56,0.0096,377.33,378.05,373.93,182169824.0,8846986583637.0,1948915223353180.0
2024-05-17,370.58,2.0,-4.02,-0.0107,374.43,374.69,370.46,123112292.0,7065408523516.0,1927816819880250.0
2024-05-20,373.68,1.0,3.1,0.0084,373.2,375.7,372.22,154405830.0,8320813104691.0,1941625699701440.0
2024-05-21,371.55,2.0,-2.13,-0.0056999999999999,372.39,373.07,370.9,119552148.0,6813929537223.0,1927921634644360.0
2024-05-22,371.41,2.0,-0.14,-0.0004,371.14,372.69,368.72,139385981.0,8226727901201.0,1926794485619810.0
2024-05-23,371.62,1.0,0.21,0.0006,370.85,373.72,368.9,136076629.0,8191622240401.0,1926413625684350.0
2024-05-24,366.08,2.0,-5.54,-0.0149,367.35,367.69,365.27,127064138.0,8179934245054.0,1899714873681710.0
2024-05-27,371.16,1.0,5.08,0.0139,366.98,371.86,366.29,216889735.0,11520277499770.0,1926630105358750.0
2024-05-28,371.33,1.0,0.17,0.0005,369.71,372.34,369.58,144572296.0,7863835216164.0,1924963707841840.0
2024-05-29,364.96,2.0,-6.37,-0.0172,371.04,371.53,364.96,151670956.0,9558294659732.0,1890601585665520.0
2024-05-30,358.7,2.0,-6.26,-0.0172,363.33,363.51,358.7,124276119.0,7776924568617.0,1859101386461220.0
2024-05-31,358.21,2.0,-0.49,-0.0014,362.02,362.81,358.12,234124055.0,12905311658197.0,1858757118217480.0
2024-06-03,365.48,1.0,7.27,0.0203,361.66,367.01,361.61,174454664.0,9658270268296.0,1894900672063790.0
2024-06-04,362.52,2.0,-2.96,-0.0081,363.37,365.07,362.23,169152214.0,8564423630695.0,1879727359139960.0
2024-06-05,366.44,1.0,3.92,0.0108,365.64,367.76,363.39,152838300.0,9075109749363.0,1900385169315540.0
2024-06-07,371.39,1.0,4.95,0.0135,370.8,372.81,368.57,126620441.0,8603510681187.0,1926505938111330.0
2024-06-10,367.46,2.0,-3.93,-0.0106,367.76,370.35,366.35,116151131.0,8421500373069.0,1907393284657670.0
2024-06-11,367.71,1.0,0.25,0.0007,369.61,369.9,367.15,127513875.0,8173505915956.0,1911201004891000.0
2024-06-12,371.12,1.0,3.41,0.0093,368.43,371.71,367.9,134892248.0,8089314955831.0,1926513486500910.0
2024-06-13,374.75,1.0,3.63,0.0098,376.93,378.81,374.65,249137447.0,14269699969387.0,1944948135576560.0
2024-06-14,376.0,1.0,1.25,0.0033,375.76,377.68,374.5,173199047.0,12374669941612.0,1975219072807240.0
2024-06-17,373.86,2.0,-2.14,-0.0056999999999999,375.42,376.57,373.32,130798433.0,8966752311775.0,1964428573569770.0
2024-06-18,377.73,1.0,3.87,0.0104,377.07,378.72,376.12,158165904.0,9655602387809.0,1979072289951460.0
2024-06-19,383.01,1.0,5.28,0.0139999999999999,381.28,383.72,381.21,168566413.0,10940027266080.0,2007092159321240.0
2024-06-20,384.78,1.0,1.77,0.0046,383.86,385.76,382.66,147360384.0,9517283121656.0,2013714419223070.0
2024-06-21,380.88,2.0,-3.9,-0.0101,382.37,382.92,379.65,175207900.0,11252243837590.0,1995624928891750.0
2024-06-24,378.39,2.0,-2.49,-0.0065,378.92,380.47,377.15,126699116.0,8064457953477.0,1981525424465030.0
2024-06-25,379.85,1.0,1.46,0.0039,378.12,380.94,378.12,132673418.0,8304112928264.0,1988290356380440.0
2024-06-26,383.01,1.0,3.16,0.0083,378.52,383.06,377.87,125395976.0,8196613007533.0,2001900579873180.0
2024-06-27,382.27,2.0,-0.74,-0.0019,378.98,382.27,378.06,125574154.0,7798423549295.0,1996892171213050.0
2024-06-28,384.02,1.0,1.75,0.0046,383.5,384.02,381.49,122281745.0,7503380038483.0,2006521719519070.0
2024-07-01,384.34,1.0,0.32,0.0008,383.1,384.75,382.07,110257490.0,7007004510655.0,2012934954445650.0
2024-07-02,381.2,2.0,-3.14,-0.0081999999999999,383.33,384.66,380.74,133140270.0,8796062097366.0,1996564796332870.0
2024-07-03,383.23,1.0,2.03,0.0053,383.18,383.48,379.89,122483340.0,8055662560370.0,2008122214135400.0
2024-07-04,388.53,1.0,5.3,0.0138,386.82,388.53,385.91,148763423.0,11023619889632.0,2032384509025640.0
2024-07-05,395.47,1.0,6.94,0.0179,390.51,396.42,390.49,153441488.0,11201173824011.0,2062531380395760.0
2024-07-08,394.47,2.0,-1.0,-0.0025,395.62,396.9,394.02,127693852.0,7982328426303.0,2057283586921090.0
2024-07-09,395.79,1.0,1.32,0.0033,396.59,396.92,393.31,148083322.0,8834418196237.0,2064673739100890.0
2024-07-10,395.6,2.0,-0.19,-0.0005,395.01,396.08,394.02,131878663.0,8785312921862.0,2064290039110510.0
2024-07-11,398.52,1.0,2.92,0.0074,398.82,400.31,396.69,163311794.0,10755930106520.0,2082846953853920.0
2024-07-12,392.29,2.0,-6.23,-0.0156,394.49,395.23,390.43,174145071.0,11686775103199.0,2051763798652650.0
2024-07-15,393.84,1.0,1.55,0.004,394.09,395.39,391.39,165531867.0,9887734331108.0,2054157834300140.0
2024-07-16,395.31,1.0,1.47,0.0037,393.8,396.18,393.2,164805148.0,9826177397217.0,2058485503203710.0
2024-07-17,391.55,2.0,-3.76,-0.0095,394.93,395.48,391.22,197252769.0,10848924904605.0,2041260801925110.0
2024-07-18,389.0,2.0,-2.55,-0.0065,385.24,389.0,384.53,269873980.0,12951585681954.0,2027905440247860.0
2024-07-19,383.89,2.0,-5.11,-0.0131,385.02,385.71,381.21,127879878.0,7830650750305.0,2006532502422380.0
2024-07-22,379.84,2.0,-4.05,-0.0105,383.44,384.25,378.06,127339791.0,8439946639389.0,1983499218433720.0
2024-07-23,381.65,1.0,1.81,0.0048,383.8,384.91,380.4,151505333.0,9597079199297.0,1991356972617630.0
2024-07-24,378.66,2.0,-2.99,-0.0078,378.58,381.95,377.38,137358677.0,8965385607968.0,1979252741801400.0
2024-07-25,371.26,2.0,-7.4,-0.0195,372.91,374.0,370.53,156498027.0,11764004687709.0,1944521825255580.0
2024-07-26,374.2,1.0,2.94,0.0079,373.44,375.19,371.74,195050083.0,10870093976253.0,1959133579673890.0
2024-07-29,378.73,1.0,4.53,0.0121,376.85,380.44,375.87,146378871.0,8515528837269.0,1983634645741510.0
2024-07-30,374.87,2.0,-3.86,-0.0102,375.39,376.47,373.54,139028919.0,7818583908581.0,1964294595324690.0
2024-07-31,380.49,1.0,5.62,0.015,376.01,380.49,374.01,151710964.0,9578592879256.0,1988905993169200.0
2024-08-01,380.54,1.0,0.05,0.0001,383.68,384.54,380.47,123739490.0,8520520326334.0,1992397714818480.0
2024-08-02,365.17,2.0,-15.37,-0.0404,371.76,372.84,363.89,155243692.0,10438095019786.0,1923793445313335.2
2024-08-05,331.86,2.0,-33.31,-0.0911999999999999,355.28,355.28,324.52,263543399.0,15471730063825.0,1755377113711305.0
2024-08-06,341.73,1.0,9.87,0.0297,345.63,350.72,338.2,205544038.0,12965268421629.0,1812053033287595.2
2024-08-07,349.09,1.0,7.36,0.0215,340.91,352.72,340.08,159269461.0,10983730780732.0,1845417166657770.0
2024-08-08,346.7,2.0,-2.39,-0.0068,343.26,348.89,341.56,159523017.0,9311413434410.0,1836225570322350.0
2024-08-09,351.52,1.0,4.82,0.0139,353.82,353.86,349.73,125051591.0,7625979574717.0,1858058755380860.0
2024-08-12,355.61,1.0,4.09,0.0116,353.64,356.6,353.25,98129070.0,6045279052567.0,1879436224924304.8
2024-08-13,357.02,1.0,1.41,0.004,356.97,358.69,354.7,110037006.0,6943756995205.0,1883677542478064.8
2024-08-14,360.39,1.0,3.37,0.0093999999999999,361.11,362.07,358.88,103712545.0,6793450785233.0,1900376921454290.0
2024-08-16,369.11,1.0,8.72,0.0242,368.35,369.36,366.27,125765398.0,8830741455046.0,1940789180474684.8
2024-08-19,365.52,2.0,-3.59,-0.0097,369.09,369.13,364.01,106594150.0,6557591054730.0,1923201685076460.0
2024-08-20,368.99,1.0,3.47,0.0095,369.39,370.67,367.64,105934871.0,6484602356193.0,1938007528132240.0
2024-08-21,368.22,2.0,-0.77,-0.0021,367.09,369.02,366.53,107344228.0,7362605358374.0,1941986722957550.0
2024-08-22,369.1,1.0,0.88,0.0024,369.71,369.81,366.64,103890601.0,6929622326368.0,1948491454367084.8
2024-08-23,367.91,2.0,-1.19,-0.0032,366.78,369.79,366.4,96373889.0,6825083507240.0,1943420793280480.0
2024-08-26,366.31,2.0,-1.6,-0.0043,370.01,370.36,365.26,114475834.0,7513277090476.0,1940567708404780.0
2024-08-27,364.56,2.0,-1.75,-0.0048,365.94,366.35,363.62,95284991.0,6637579673984.0,1933994498956704.8
2024-08-28,365.28,1.0,0.72,0.002,364.76,365.4,362.06,119870034.0,9326131364821.0,1935631588887095.2
2024-08-29,360.1,2.0,-5.18,-0.0141999999999999,359.58,361.59,358.23,121370026.0,9841460898281.0,1915661282975195.2
2024-08-30,361.55,1.0,1.45,0.004,362.21,363.55,361.11,135279805.0,9026177975447.0,1923905772218590.0
2024-09-02,362.09,1.0,0.54,0.0015,362.57,363.1,358.39,100649375.0,7427391715727.0,1929487244288620.0
2024-09-03,358.8,2.0,-3.29,-0.0091,362.0,363.87,358.8,105622207.0,7428806743365.0,1916168294822675.2
2024-09-04,346.66,2.0,-12.14,-0.0338,348.19,351.04,346.3,138920662.0,9303133409478.0,1854802095480744.8
2024-09-05,345.92,2.0,-0.74,-0.0021,348.96,351.36,344.09,139084987.0,8533686661463.0,1850833860351795.2
2024-09-06,342.37,2.0,-3.55,-0.0103,346.14,346.25,340.08,107604245.0,7027056032135.0,1829130235417140.0
2024-09-09,340.18,2.0,-2.19,-0.0064,335.79,341.44,334.57,99145932.0,6416484978006.0,1821147539816330.0
2024-09-10,338.48,2.0,-1.7,-0.005,340.68,341.5,338.15,104431061.0,7129981931364.0,1812345004142020.0
2024-09-11,335.65,2.0,-2.83,-0.0084,338.08,338.32,332.72,124648565.0,8217056037901.0,1804148926526730.0
2024-09-12,343.85,1.0,8.2,0.0243999999999999,340.94,343.85,339.23,144257129.0,9758619786580.0,1847061229106555.2
2024-09-13,343.69,2.0,-0.16,-0.0005,343.47,345.27,342.05,104055364.0,7054889584358.0,1848722943119064.8
2024-09-19,343.28,2.0,-0.41,-0.0012,345.58,346.24,338.56,154544257.0,11266533172867.0,1852416216191880.0
2024-09-20,344.67,1.0,1.39,0.004,346.77,348.89,344.54,171811190.0,12128787395694.0,1860814390754900.0
2024-09-23,345.78,1.0,1.11,0.0032,345.01,346.14,343.67,116062028.0,7785096370811.0,1867137908400704.8
2024-09-24,349.61,1.0,3.83,0.0111,347.19,349.61,344.75,122750696.0,8963483970924.0,1889818953444364.8
2024-09-25,344.56,2.0,-5.05,-0.0144,352.51,354.09,344.56,156600072.0,9879019292823.0,1863519755764000.0
2024-09-26,356.44,1.0,11.88,0.0345,350.68,356.44,350.44,139541638.0,10265318802554.0,1920138987018280.0
2024-09-27,353.93,2.0,-2.51,-0.0069999999999999,356.93,358.71,353.93,142244786.0,9804109013193.0,1903422342898620.0
2024-09-30,344.76,2.0,-9.17,-0.0259,355.83,356.29,344.76,142545317.0,9477087485962.0,1862564321327840.0
2024-10-02,340.72,2.0,-4.04,-0.0116999999999999,340.76,344.83,339.53,133718793.0,8461423037117.0,1839738824125670.0
2024-10-04,341.74,1.0,1.02,0.003,341.09,344.29,339.88,127722630.0,8710417527541.0,1845567058660250.0
2024-10-07,347.34,1.0,5.6,0.0163999999999999,342.63,347.75,340.19,141505963.0,9044079791065.0,1875426057528475.2
2024-10-08,344.23,2.0,-3.11,-0.009,344.73,345.87,342.89,122994036.0,8083613084235.0,1863834194481410.0
2024-10-10,345.21,1.0,0.98,0.0028,347.02,347.55,344.82,172692884.0,11759695652474.0,1866813053463420.0
2024-10-11,345.45,1.0,0.24,0.0007,347.17,348.77,345.17,108867179.0,7826902098214.0,1865487123946524.8
2024-10-14,349.74,1.0,4.29,0.0124,346.48,350.56,346.48,107004950.0,7038157603191.0,1885058325793570.0
2024-10-15,351.07,1.0,1.33,0.0038,351.04,351.46,348.66,118796050.0,8336885571331.0,1892484304964580.0
2024-10-16,347.26,2.0,-3.81,-0.0109,346.34,349.11,345.54,133287754.0,8490305831153.0,1874447502735364.8
2024-10-17,347.73,1.0,0.47,0.0014,348.84,349.18,346.32,146934034.0,8432270256638.0,1873192075557844.8
2024-10-18,345.42,2.0,-2.31,-0.0066,348.59,349.24,344.72,106414681.0,7200953817374.0,1862393453574040.0
2024-10-21,346.62,1.0,1.2,0.0034999999999999,346.25,348.62,345.12,103207235.0,6792100003923.0,1871020889812440.0
2024-10-22,342.09,2.0,-4.53,-0.0131,346.16,346.73,341.55,126782870.0,7658948666130.0,1846029174479690.0
2024-10-23,346.27,1.0,4.18,0.0121999999999999,342.44,347.75,341.24,123454551.0,7871851552469.0,1868255834629720.0
2024-10-24,342.88,2.0,-3.39,-0.0098,344.61,345.97,342.67,124376466.0,8333766470981.0,1854628294716090.0
2024-10-25,343.37,1.0,0.49,0.0014,345.04,347.25,342.34,132301990.0,8684928393798.0,1856822544516420.0
2024-10-28,347.27,1.0,3.9,0.0113999999999999,344.07,347.53,343.74,120390798.0,7559195317488.0,1878733902996320.0
2024-10-29,348.28,1.0,1.01,0.0029,346.59,348.28,344.56,134508705.0,7875682301226.0,1882002991104030.0
2024-10-30,345.0,2.0,-3.28,-0.0093999999999999,346.65,347.79,343.85,128037699.0,7459147396406.0,1863243144790290.0
2024-10-31,339.32,2.0,-5.68,-0.0165,342.2,343.3,339.18,147441987.0,9235508988790.0,1833455842426844.8
2024-11-01,337.49,2.0,-1.83,-0.0054,337.56,339.93,336.58,104588743.0,6352550197223.0,1823845735130364.8
2024-11-04,343.6,1.0,6.11,0.0181,338.42,343.6,337.8,99332100.0,6618145631531.0,1859287441294130.0
2024-11-05,341.47,2.0,-2.13,-0.0062,340.72,342.88,339.78,88170209.0,5883242061184.0,1849089180505775.2
2024-11-06,340.61,2.0,-0.86,-0.0025,343.52,343.81,337.61,132089933.0,8621668567676.0,1838424770552470.0
2024-11-07,340.87,1.0,0.26,0.0008,339.69,343.02,337.76,167224678.0,8853345342055.0,1839043869365290.0
2024-11-08,339.71,2.0,-1.16,-0.0034,343.78,344.56,338.82,139532022.0,8056942000483.0,1836271767817680.0
2024-11-11,334.64,2.0,-5.07,-0.0149,338.62,338.62,333.76,168967995.0,8905836417396.0,1815200178071784.8
2024-11-12,327.31,2.0,-7.33,-0.0219,333.67,334.3,327.07,173529027.0,9885966945237.0,1780278163900375.0
2024-11-13,318.84,2.0,-8.47,-0.0259,325.38,327.2,318.58,171262329.0,9148370032587.0,1735315594962485.0
2024-11-14,317.7,2.0,-1.14,-0.0036,320.32,321.87,316.99,213655568.0,11284881613373.0,1735683566822980.0
2024-11-15,320.53,1.0,2.83,0.0089,318.19,322.58,316.14,177516068.0,10097570475506.0,1733479954319105.0
2024-11-18,328.44,1.0,7.91,0.0247,324.74,330.32,324.07,159107960.0,9053113536617.0,1773849870851640.0
2024-11-19,328.11,2.0,-0.33,-0.001,328.17,329.76,327.25,141855875.0,7766470625938.0,1775042919334200.0
2024-11-20,329.02,1.0,0.91,0.0028,328.73,330.33,327.58,109859757.0,6316936237835.0,1788963560022360.0
2024-11-21,329.49,1.0,0.47,0.0014,327.74,331.81,327.67,116359288.0,6673440849257.0,1788858549466775.0
2024-11-22,332.36,1.0,2.87,0.0087,331.2,334.0,330.84,113346573.0,6214494618131.0,1804842224713210.0
2024-11-25,336.63,1.0,4.27,0.0128,335.66,337.81,334.14,213359424.0,11486719079643.0,1828976214503840.0
2024-11-26,335.6,2.0,-1.03,-0.0031,334.79,336.16,334.08,133015386.0,6974985372911.0,1817708843226004.8
2024-11-27,332.32,2.0,-3.28,-0.0098,334.85,335.63,331.56,121768671.0,7086446210633.0,1804005557143360.0
2024-11-28,331.45,2.0,-0.87,-0.0026,331.6,333.27,330.89,102689276.0,6200566816192.0,1805398543010920.0
2024-11-29,325.45,2.0,-6.0,-0.0181,330.18,330.3,323.55,134813136.0,7572809362552.0,1768729319312520.0
2024-12-02,325.34,2.0,-0.11,-0.0003,328.47,328.89,324.49,117600953.0,6427834202718.0,1770118419642445.0
2024-12-03,331.44,1.0,6.1,0.0187,327.45,331.6,327.45,129914277.0,7416340020614.0,1802896982656020.0
2024-12-04,326.59,2.0,-4.85,-0.0146,324.38,329.01,323.9,217709677.0,10884873818141.0,1776239522131520.0
2024-12-05,323.87,2.0,-2.72,-0.0083,327.44,327.44,322.8,144867303.0,7964408851516.0,1761096771143870.0
2024-12-06,322.07,2.0,-1.8,-0.0056,325.18,326.21,317.7,156241166.0,8668126044077.0,1752260202273285.0
2024-12-09,313.74,2.0,-8.33,-0.0259,317.3,318.7,313.51,151026966.0,8187809870257.0,1705422331617260.0
2024-12-10,320.79,1.0,7.05,0.0225,317.02,321.11,317.0,139126307.0,7347452138685.0,1744438263906035.0
2024-12-11,323.86,1.0,3.07,0.0096,319.56,323.99,319.36,104235776.0,5815275821047.0,1759200805395705.0
2024-12-12,329.04,1.0,5.18,0.016,325.84,330.1,324.79,173966716.0,9959935261523.0,1789452742661090.0
2024-12-13,330.49,1.0,1.45,0.0044,328.14,331.67,327.46,115703217.0,6863313638110.0,1801149813792660.0
2024-12-16,329.61,2.0,-0.88,-0.0027,332.92,333.59,328.63,108947264.0,6243980094668.0,1795858099064345.0
2024-12-17,325.25,2.0,-4.36,-0.0132,329.25,329.38,324.9,125128732.0,7197058295789.0,1770208307233495.0
2024-12-18,329.72,1.0,4.47,0.0137,326.0,330.9,325.9,96323402.0,6807234189364.0,1791235166229185.0
2024-12-19,322.38,2.0,-7.34,-0.0223,321.42,324.37,321.11,104148766.0,6476257037936.0,1753892600169250.0
2024-12-20,318.33,2.0,-4.05,-0.0126,321.38,321.8,315.82,124964187.0,6979604775986.0,1730167373206530.0
2024-12-23,322.98,1.0,4.65,0.0146,321.0,324.0,319.77,100605038.0,5539836834507.0,1756864399261460.0
2024-12-24,323.39,1.0,0.41,0.0013,324.11,324.5,321.86,78513111.0,4465302376362.0,1755452425035945.0
2024-12-26,321.45,2.0,-1.94,-0.006,324.48,324.48,321.42,92610671.0,4970935894236.0,1747647876597620.0
2024-12-27,319.03,2.0,-2.42,-0.0075,320.24,321.3,316.91,86736545.0,4734299657100.0,1729079595636535.0
2024-12-30,317.82,2.0,-1.21,-0.0038,318.13,322.2,316.94,73579637.0,4188708772106.0,1724781106532855.0
2025-01-02,317.77,2.0,-0.05,-0.0002,317.68,319.01,315.82,91345703.0,5601796265966.0,1723804851739980.0
2025-01-03,324.0,1.0,6.23,0.0196,318.26,326.06,318.04,110730374.0,6528681218592.0,1756789049986870.0
2025-01-06,331.52,1.0,7.52,0.0232,325.82,331.61,324.89,102034259.0,6779474246302.0,1792159146628200.0
2025-01-07,330.89,2.0,-0.63,-0.0019,335.46,336.6,330.89,133145019.0,7882277659260.0,1794315743870690.0
2025-01-08,334.95,1.0,4.06,0.0123,328.98,336.02,328.98,139752621.0,8637880190482.0,1816779168907950.0
2025-01-09,335.4,1.0,0.45,0.0013,336.11,338.12,334.77,145223701.0,9806822998839.0,1817884184941564.8
2025-01-10,334.55,2.0,-0.85,-0.0025,336.6,337.61,333.39,139732571.0,8069986038944.0,1812309947696584.8
2025-01-13,330.31,2.0,-4.24,-0.0127,333.1,334.1,329.53,116773335.0,6691342825348.0,1792560078722425.0
2025-01-14,330.74,1.0,0.43,0.0013,331.46,332.12,328.85,115654237.0,6772126547156.0,1798048804110475.0
2025-01-15,330.97,1.0,0.23,0.0007,332.83,335.11,330.28,155698803.0,7149394185809.0,1797571961920380.0
2025-01-16,335.73,1.0,4.76,0.0144,335.7,336.72,334.64,136039876.0,7420978939049.0,1820845184760595.2
2025-01-17,335.09,2.0,-0.64,-0.0019,334.71,336.14,333.29,133720708.0,7962885624693.0,1816607158687255.2
2025-01-20,333.94,2.0,-1.15,-0.0034,336.31,336.79,333.42,111672788.0,6533804036999.0,1813871462616315.2
2025-01-21,334.44,1.0,0.5,0.0015,336.12,338.7,333.02,124962357.0,7042690548940.0,1811706470379555.2
2025-01-22,338.76,1.0,4.32,0.0129,336.95,339.51,335.19,164366195.0,8843551965790.0,1833949301111540.0
2025-01-23,334.5,2.0,-4.26,-0.0126,337.56,337.81,334.5,127009058.0,7839748251724.0,1811742911711224.8
2025-01-24,336.74,1.0,2.24,0.0067,336.17,338.18,335.18,118264015.0,7507943343424.0,1827138174393210.0
2025-01-31,333.36,2.0,-3.38,-0.01,336.45,337.15,330.2,175542744.0,11500568817486.0,1813732098819680.0
2025-02-03,324.55,2.0,-8.81,-0.0264,326.44,326.8,322.31,159272510.0,9650708475513.0,1767080423490780.0
2025-02-04,328.72,1.0,4.17,0.0128,328.58,332.75,327.27,151263852.0,9260728982239.0,1786511673635460.0
2025-02-05,332.47,1.0,3.75,0.0113999999999999,332.05,333.66,330.96,127450332.0,7665162472326.0,1806909394818430.0
2025-02-06,336.53,1.0,4.06,0.0121999999999999,334.31,336.53,332.98,168942301.0,9649301029113.0,1826991204520680.0
2025-02-07,333.89,2.0,-2.64,-0.0078,335.92,336.36,333.41,148409218.0,8232539777550.0,1815223385791800.0
2025-02-10,334.5,1.0,0.61,0.0018,332.06,335.34,330.65,146816293.0,8559707293445.0,1814938750927800.0
2025-02-11,336.67,1.0,2.17,0.0065,335.94,338.11,334.82,142325665.0,9212564936022.0,1828645147306490.0
2025-02-12,337.23,1.0,0.56,0.0017,335.79,337.65,334.49,206175080.0,11539718134783.0,1836161533393060.0
2025-02-13,341.06,1.0,3.83,0.0113999999999999,338.53,341.09,337.93,263552399.0,13796204639473.0,1862255152059200.0
2025-02-14,342.76,1.0,1.7,0.005,341.88,344.14,341.29,236983323.0,11554022799114.0,1868467884292390.0
2025-02-17,345.11,1.0,2.35,0.0069,343.29,345.56,342.75,157273674.0,9053956396711.0,1881940449982370.0
2025-02-18,347.84,1.0,2.73,0.0079,345.67,348.28,344.51,180448456.0,10586371788960.0,1894532329841200.0
2025-02-19,354.53,1.0,6.69,0.0192,349.03,355.86,349.03,254872787.0,12551727882230.0,1929208756864670.0
2025-02-20,352.15,2.0,-2.38,-0.0067,353.35,354.3,350.78,218103116.0,11992992084069.0,1916662190923200.0
2025-02-21,351.92,2.0,-0.23,-0.0007,352.17,352.23,349.55,175177650.0,9400728323245.0,1915001841154210.0
2025-02-24,349.9,2.0,-2.02,-0.0056999999999999,348.98,349.9,347.41,197135572.0,8664869396852.0,1908040761257460.0
2025-02-25,347.54,2.0,-2.36,-0.0067,345.83,349.23,345.58,188692461.0,8699091545229.0,1896166722161250.0
2025-02-26,349.31,1.0,1.77,0.0051,347.44,350.51,346.25,194199297.0,9550753998175.0,1904024165488630.0
2025-02-27,346.45,2.0,-2.86,-0.0081999999999999,348.52,348.91,344.95,159511585.0,9033681371846.0,1889836400605050.0
2025-02-28,334.27,2.0,-12.18,-0.0352,341.16,341.57,334.06,248795099.0,13355643971796.0,1823290626699450.0
2025-03-04,334.02,2.0,-0.25,-0.0007,332.58,336.57,331.67,186962921.0,11026259263143.0,1820831248051240.0
2025-03-05,337.08,1.0,3.06,0.0092,336.89,338.77,334.25,200032280.0,10301336777050.0,1840243020370160.0
2025-03-06,340.31,1.0,3.23,0.0096,339.16,341.09,338.07,171061335.0,9258612670090.0,1851256029970740.0
2025-03-07,338.42,2.0,-1.89,-0.0056,336.91,340.07,335.39,181959489.0,10115779576208.0,1841657563671824.8
2025-03-10,338.79,1.0,0.37,0.0011,337.12,340.26,336.54,139470259.0,7961143803737.0,1847548283339564.8
2025-03-11,334.96,2.0,-3.83,-0.0113,331.64,336.4,330.22,172615720.0,9508766514144.0,1823662211925155.2
2025-03-12,340.89,1.0,5.93,0.0177,337.02,341.53,335.64,206773531.0,10730795097990.0,1852897229723000.0
2025-03-13,341.42,1.0,0.53,0.0016,344.28,344.98,339.23,192147979.0,11505759021821.0,1852216904797910.0
2025-03-14,340.8,2.0,-0.62,-0.0018,340.23,342.12,339.9,134252373.0,8185598584135.0,1844946455810635.2
2025-03-17,348.19,1.0,7.39,0.0217,343.99,348.26,343.99,172177978.0,9886132695257.0,1879435503856255.2
2025-03-18,347.84,2.0,-0.35,-0.001,350.81,352.35,346.96,179405112.0,9771767864194.0,1879620625935990.0
2025-03-19,350.85,1.0,3.01,0.0087,347.9,352.84,347.85,160934446.0,9346319075267.0,1892739699134590.0
2025-03-20,353.5,1.0,2.65,0.0076,353.71,354.7,351.14,159035430.0,10295884036049.0,1901044033964790.0
2025-03-21,355.18,1.0,1.68,0.0048,353.58,355.39,351.73,190587351.0,12371194951230.0,1906327647526330.0
2025-03-24,353.24,2.0,-1.94,-0.0055,353.72,355.94,352.7,76871956.0,5300842816262.0,1897670342815510.0
2025-03-25,351.09,2.0,-2.15,-0.0060999999999999,356.13,356.48,350.69,101788983.0,6521617070104.0,1886390333260180.0
2025-03-26,355.0,1.0,3.91,0.0111,352.78,355.56,351.64,88168677.0,5848956811557.0,1908796951270830.0
2025-03-27,350.26,2.0,-4.74,-0.0134,351.4,353.55,349.63,91599909.0,6047016419272.0,1881719332456280.0
2025-03-28,342.96,2.0,-7.3,-0.0208,347.55,347.77,341.76,83734158.0,5477793993441.0,1845012882231160.0
2025-03-31,332.4,2.0,-10.56,-0.0308,336.95,337.16,332.22,108930018.0,6995661450841.0,1787989827271225.0
2025-04-01,338.22,1.0,5.82,0.0175,336.72,339.68,334.35,91634563.0,5543782530783.0,1817244530360635.2
2025-04-02,336.26,2.0,-1.96,-0.0058,338.76,339.71,335.43,92532433.0,5758399019267.0,1805689410611170.0
2025-04-03,332.92,2.0,-3.34,-0.0098999999999999,326.22,332.96,326.22,105078126.0,6746846412909.0,1791243617008540.0
2025-04-04,328.67,2.0,-4.25,-0.0128,327.37,335.11,324.84,133838132.0,8699468744779.0,1773818240018450.0
2025-04-07,309.6,2.0,-19.07,-0.0579999999999999,313.52,315.3,309.4,140753696.0,8389014294387.0,1672901106269510.0
2025-04-08,310.03,1.0,0.43,0.0014,317.07,317.43,309.25,115953036.0,7131805128651.0,1675864170714890.0
2025-04-09,304.53,2.0,-5.5,-0.0177,309.23,310.9,303.41,116804912.0,7193809812178.0,1646840315497175.0
2025-04-10,325.08,1.0,20.55,0.0675,318.62,325.08,318.13,135646817.0,9146195802413.0,1758716604285970.0
2025-04-11,322.32,2.0,-2.76,-0.0085,318.72,322.68,317.73,98527828.0,6225205758108.0,1746743665174055.0
2025-04-14,325.33,1.0,3.01,0.0093,325.52,327.25,324.58,77707795.0,5050515943362.0,1763003894753235.0
2025-04-15,328.14,1.0,2.81,0.0086,326.62,329.09,326.4,73736123.0,4574260850418.0,1777007841042085.0
2025-04-16,323.53,2.0,-4.61,-0.0139999999999999,326.99,327.5,322.81,79531470.0,5057356129568.0,1755951412587890.0
2025-04-17,326.3,1.0,2.77,0.0086,324.08,326.82,323.28,78788884.0,4909857516467.0,1772301061722385.0
2025-04-18,328.35,1.0,2.05,0.0063,326.42,328.89,325.81,72521495.0,4082277609788.0,1781111978652810.0
2025-04-21,329.31,1.0,0.96,0.0029,328.76,330.88,327.8,66104585.0,3637112660657.0,1785195232134060.0
2025-04-22,328.61,2.0,-0.7,-0.0021,328.14,330.1,327.38,73899280.0,4491620898988.0,1783279606076865.0
2025-04-23,333.94,1.0,5.33,0.0162,333.51,334.2,331.72,87697984.0,5773531015967.0,1812968541873804.8
2025-04-24,333.72,2.0,-0.22,-0.0007,333.87,334.74,331.54,90944700.0,5769309880596.0,1810503456111624.8
2025-04-25,336.87,1.0,3.15,0.0093999999999999,336.85,338.07,335.47,127759072.0,7325318094835.0,1828431874190460.0
2025-04-28,337.08,1.0,0.21,0.0006,337.25,338.32,336.07,115688481.0,6266295999959.0,1830228711512550.0
2025-04-29,339.06,1.0,1.98,0.0059,337.48,340.57,336.43,117954393.0,7351941283632.0,1841035382226884.8
2025-04-30,338.74,2.0,-0.32,-0.0009,338.62,340.17,336.71,111231039.0,6798813407215.0,1835035714452470.0
2025-05-02,338.79,1.0,0.05,0.0001,338.67,339.88,336.14,101867800.0,6442198048747.0,1836790111477835.2
2025-05-07,341.31,1.0,2.52,0.0074,341.28,342.37,339.24,117357081.0,7336580001701.0,1846691115480684.8
2025-05-08,341.47,1.0,0.16,0.0005,342.44,343.55,341.43,124224201.0,8792624406980.0,1849785047136230.0
2025-05-09,341.49,1.0,0.02,0.0001,342.77,343.14,340.62,88746102.0,6176165292953.0,1848211489078580.0
2025-05-12,347.08,1.0,5.59,0.0163999999999999,343.93,347.08,343.08,117117433.0,6949810339548.0,1870732867508655.2
2025-05-13,347.17,1.0,0.09,0.0003,346.52,349.18,346.22,114456363.0,7230289957188.0,1873657035545484.8
2025-05-14,351.79,1.0,4.62,0.0133,350.06,353.0,349.25,118488389.0,7162769987458.0,1896979687277690.0
2025-05-15,349.16,2.0,-2.63,-0.0075,350.89,352.6,348.63,93825194.0,5845239195442.0,1884156266072710.0
2025-05-16,350.45,1.0,1.29,0.0037,350.56,351.23,349.34,105632621.0,6538185180014.0,1889203733456590.0
2025-05-19,346.57,2.0,-3.88,-0.0111,348.38,348.86,345.08,93473789.0,5415560572527.0,1871400249001235.2
2025-05-20,347.02,1.0,0.45,0.0013,349.43,350.04,346.39,101492474.0,6080245443481.0,1868549056901515.2
2025-05-21,349.38,1.0,2.36,0.0068,349.15,351.03,348.66,99955608.0,5998503083207.0,1884909396206070.0
2025-05-22,344.8,2.0,-4.58,-0.0131,347.66,348.02,343.93,108070425.0,6830261530718.0,1859806228757355.2
2025-05-23,345.28,1.0,0.48,0.0014,346.43,346.87,344.81,108330210.0,5981370693208.0,1857673273944015.2
2025-05-26,352.11,1.0,6.83,0.0197999999999999,346.07,352.11,345.53,117089304.0,6623086335987.0,1897706908726535.2
2025-05-27,351.28,2.0,-0.83,-0.0024,349.95,351.84,349.37,126633500.0,6474196328769.0,1892105777233624.8
2025-05-28,356.36,1.0,5.08,0.0144999999999999,353.06,359.46,352.26,161180876.0,9489327390520.0,1918121590328680.0
2025-05-29,363.08,1.0,6.72,0.0189,359.51,363.29,358.61,153158368.0,8988421994687.0,1953764644894180.0
2025-05-30,359.62,2.0,-3.46,-0.0095,361.91,362.84,358.81,204225733.0,12629272540563.0,1936014326337804.8
2025-06-02,359.69,1.0,0.07,0.0002,358.76,362.96,357.68,112832925.0,6584831599620.0,1937282248073550.0
2025-06-04,369.9,1.0,10.21,0.0283999999999999,365.51,369.95,364.86,169811998.0,10163650513409.0,1989286711804435.2
2025-06-05,376.54,1.0,6.64,0.018,372.72,379.6,372.35,174153531.0,11142206476282.0,2019909315857590.0
2025-06-09,382.99,1.0,6.45,0.0171,381.25,385.03,380.93,188374135.0,11656035760795.0,2050138024678000.0
2025-06-10,384.79,1.0,1.8,0.0046999999999999,385.4,386.81,381.71,211023315.0,12235394583436.0,2061893482219764.8
2025-06-11,389.79,1.0,5.0,0.013,387.12,390.02,386.14,167983049.0,10620625870529.0,2087624777130550.0
2025-06-12,390.62,1.0,0.83,0.0021,390.11,393.02,389.46,219806125.0,14177100057512.0,2096157812347540.0
2025-06-13,387.3,2.0,-3.32,-0.0085,392.55,392.88,385.05,203868574.0,13652143500775.0,2091102830789375.2
2025-06-16,394.16,1.0,6.86,0.0177,388.7,394.4,386.16,165010940.0,11277912968507.0,2128927214758630.0
2025-06-17,395.18,1.0,1.02,0.0026,395.82,402.33,392.45,219243720.0,14015173210651.0,2131775374836864.8
2025-06-18,398.86,1.0,3.68,0.0093,392.64,399.94,392.64,154512527.0,11805353141093.0,2147024838503055.2
2025-06-19,399.29,1.0,0.43,0.0011,401.62,402.54,396.33,155446566.0,11191145415705.0,2149520377324360.0
2025-06-20,405.32,1.0,6.03,0.0151,400.69,405.37,399.0,215521642.0,15329310699056.0,2183175505449844.8
2025-06-23,404.32,2.0,-1.0,-0.0025,400.85,405.25,397.91,211656677.0,14921965226456.0,2177147678222650.0
2025-06-24,417.76,1.0,13.44,0.0332,411.42,418.14,411.23,236365509.0,16488758659682.0,2244559601354790.0
2025-06-25,419.51,1.0,1.75,0.0042,421.65,422.01,415.64,227194159.0,16688086280075.0,2249712316285400.0
2025-06-26,415.66,2.0,-3.85,-0.0092,419.73,420.6,409.86,197099305.0,14499687975687.0,2229842048426250.0
2025-06-27,412.72,2.0,-2.94,-0.0070999999999999,415.36,417.82,410.56,145806487.0,11336825819302.0,2211486006797764.8
2025-06-30,414.6,1.0,1.88,0.0046,415.28,416.98,413.17,141122904.0,10851358962573.0,2223492464311255.2
2025-07-01,416.26,1.0,1.66,0.004,417.11,423.07,416.21,169359812.0,12656700439469.0,2234169083589350.0
2025-07-02,414.43,2.0,-1.83,-0.0044,415.4,416.57,408.59,156951695.0,11881912323854.0,2223108670129010.0
2025-07-03,420.94,1.0,6.51,0.0157,418.31,420.94,416.12,165611938.0,12439113398440.0,2255374697939345.0
2025-07-04,412.74,2.0,-8.2,-0.0195,422.24,422.56,412.3,159946726.0,11497606171960.0,2210075110740000.0
2025-07-07,413.02,1.0,0.28,0.0007,410.69,414.53,408.89,114603581.0,8503818978227.0,2212786718411244.8
2025-07-08,421.22,1.0,8.2,0.0199,414.79,421.47,413.97,154527975.0,10442126187880.0,2252310674977090.0
2025-07-09,422.02,1.0,0.8,0.0019,421.74,423.01,419.33,152086166.0,9969141443395.0,2262471637144175.0
2025-07-10,428.42,1.0,6.4,0.0152,423.43,428.42,421.88,158406995.0,11270579186477.0,2299803966846160.0
2025-07-11,428.07,2.0,-0.35,-0.0008,429.03,433.96,427.08,147986752.0,11210441477774.0,2293982211966585.0
2025-07-14,432.49,1.0,4.42,0.0103,428.21,432.52,427.28,128558902.0,9121573844885.0,2313457381753200.0
2025-07-15,434.78,1.0,2.29,0.0053,431.04,434.9,429.54,137551202.0,10029627889949.0,2323641658080615.0
2025-07-16,431.16,2.0,-3.62,-0.0083,433.77,434.08,429.64,125137851.0,8982338601792.0,2302917130426220.0
2025-07-17,431.64,1.0,0.48,0.0011,432.72,432.87,425.99,160811720.0,13408091640855.0,2308006294337495.0
2025-07-18,431.1,2.0,-0.54,-0.0013,432.83,433.76,428.53,127930270.0,10088081652623.0,2305909381378070.0
2025-07-21,434.56,1.0,3.46,0.008,431.6,434.97,431.26,125919784.0,9187850269731.0,2327632196734550.0
2025-07-22,428.05,2.0,-6.51,-0.015,434.41,436.06,426.15,124130957.0,9299427362633.0,2296872738529290.0
2025-07-23,430.04,1.0,1.99,0.0046,430.72,432.16,424.17,132955352.0,9446745019237.0,2308159989294180.0
2025-07-24,430.03,2.0,-0.01,0.0,433.62,437.02,429.06,141561700.0,10575257213789.0,2315217955796375.0
2025-07-25,430.78,1.0,0.75,0.0017,429.49,432.2,429.34,118070853.0,7902057009515.0,2320673498103140.0
2025-07-28,433.37,1.0,2.59,0.006,435.04,435.07,428.16,161891453.0,11560497299482.0,2334199577253545.0
2025-07-29,435.84,1.0,2.47,0.0056999999999999,430.77,436.17,427.23,145291633.0,10889159448478.0,2349723403750180.0
2025-07-30,439.81,1.0,3.97,0.0091,436.4,442.14,436.02,145503814.0,11296183622485.0,2368507238413935.0
2025-07-31,438.6,2.0,-1.21,-0.0028,442.53,444.33,436.16,173098633.0,14428248909799.0,2361663087195835.0
2025-08-01,420.72,2.0,-17.88,-0.0408,432.75,432.81,420.42,150506162.0,11768875139642.0,2268483784251445.0
2025-08-04,424.79,1.0,4.07,0.0097,420.23,426.37,418.85,110023386.0,8054460550562.0,2288164563781835.0
2025-08-05,431.25,1.0,6.46,0.0152,430.62,433.68,428.03,116559767.0,8936093780033.0,2323490546578455.0
2025-08-06,430.68,2.0,-0.57,-0.0013,428.9,431.11,427.89,115457988.0,8732233347572.0,2322041279245820.0
2025-08-07,435.35,1.0,4.67,0.0108,433.4,435.35,430.86,116323924.0,8990371691388.0,2344811254960795.0
2025-08-08,433.47,2.0,-1.88,-0.0043,434.44,436.04,431.62,114726379.0,9437725841528.0,2332390406553960.0
2025-08-11,433.29,2.0,-0.18,-0.0004,434.93,435.21,432.13,108464480.0,8532897927489.0,2331500960164160.0
2025-08-12,431.63,2.0,-1.66,-0.0038,434.11,438.99,431.54,106163739.0,8396064535441.0,2319429099387435.0
2025-08-13,436.92,1.0,5.29,0.0123,436.93,437.21,432.24,131261399.0,8490640050645.0,2347062138109310.0
2025-08-14,436.57,2.0,-0.35,-0.0008,436.93,438.66,434.52,135966993.0,8022794175094.0,2347737150622940.0
2025-08-18,429.19,2.0,-7.38,-0.0169,433.01,433.23,429.17,111491110.0,7034326752230.0,2311407532792400.0
2025-08-19,426.18,2.0,-3.01,-0.0069999999999999,430.28,430.6,424.77,107422407.0,7132004405609.0,2292864129764625.0
2025-08-20,423.66,2.0,-2.52,-0.0059,422.21,424.14,416.91,143916453.0,9850572070879.0,2278131170268330.0
2025-08-21,424.41,1.0,0.75,0.0018,425.12,428.31,424.15,134468227.0,9387216475627.0,2286179552982305.0
2025-08-22,428.5,1.0,4.09,0.0096,428.0,430.31,426.94,96322962.0,6912287063909.0,2306733210920590.0
2025-08-25,433.89,1.0,5.39,0.0126,431.84,433.89,429.9,87413588.0,6706333024369.0,2337376635816690.0
2025-08-26,429.41,2.0,-4.48,-0.0103,432.13,432.18,428.74,143618994.0,11279941023630.0,2312816385035020.0
2025-08-27,430.31,1.0,0.9,0.0021,429.86,430.44,427.07,92757503.0,7302984284198.0,2319102513594030.0
2025-08-28,431.81,1.0,1.5,0.0034999999999999,428.34,434.21,426.75,89919050.0,8165352329222.0,2325187272772135.0
2025-08-29,430.12,2.0,-1.69,-0.0039,433.69,434.36,429.95,82961968.0,6838533228892.0,2314765336269090.0
2025-09-01,423.33,2.0,-6.79,-0.0158,426.31,428.31,422.19,74089054.0,5988391724559.0,2283070261838215.0
2025-09-02,428.15,1.0,4.82,0.0113999999999999,424.98,428.65,424.78,77012660.0,6178195053196.0,2306774004171805.0
2025-09-03,430.37,1.0,2.22,0.0052,428.83,430.56,427.37,83400999.0,6694201716892.0,2315841729003120.0
2025-09-04,432.32,1.0,1.95,0.0045,430.42,433.03,430.1,79645377.0,6264492832418.0,2327726429990690.0
2025-09-05,432.86,1.0,0.54,0.0012,433.78,434.55,431.78,96642450.0,8471179725115.0,2331812472313285.0
2025-09-08,434.85,1.0,1.99,0.0046,433.95,435.14,432.87,69725124.0,5603064416874.0,2341133851618680.0
2025-09-09,441.28,1.0,6.43,0.0148,436.17,441.28,435.02,93383539.0,7662195876882.0,2372261502470710.0
2025-09-10,450.05,1.0,8.77,0.0199,443.28,450.76,442.95,114214638.0,9891441290444.0,2412192874944385.0
2025-09-11,454.0,1.0,3.95,0.0088,453.39,454.78,449.42,135315532.0,11419738647072.0,2434185131930580.0
2025-09-12,462.74,1.0,8.74,0.0192999999999999,459.26,462.76,457.54,126559422.0,10831095380967.0,2474040371356520.0
2025-09-15,464.65,1.0,1.91,0.0040999999999999,465.3,467.44,462.34,120632571.0,9751600083524.0,2481525404267680.0
2025-09-16,472.85,1.0,8.2,0.0176,466.88,473.35,466.3,138898798.0,11108420408760.0,2515849018585810.0
2025-09-17,466.99,2.0,-5.86,-0.0124,469.81,469.94,465.48,102019859.0,9306420316047.0,2487872696865380.0
2025-09-18,475.34,1.0,8.35,0.0179,470.02,475.34,468.51,112057739.0,9914083494631.0,2525416577612195.0
2025-09-19,473.44,2.0,-1.9,-0.004,475.59,477.13,471.85,135321239.0,12463850231143.0,2513248894415110.0
2025-09-22,478.29,1.0,4.85,0.0102,476.34,480.38,475.97,103638191.0,9480507512473.0,2533074275410350.0
2025-09-23,481.54,1.0,3.25,0.0068,482.08,482.92,478.51,107439527.0,9286597838732.0,2548026070639075.0
2025-09-24,480.39,2.0,-1.15,-0.0024,482.1,483.61,475.65,104584938.0,9570848424388.0,2538941614064380.0
2025-09-25,480.63,1.0,0.24,0.0005,477.72,481.74,477.17,107230062.0,10390295322910.0,2539482531126285.0
2025-09-26,468.03,2.0,-12.6,-0.0262,475.84,476.38,464.83,110107361.0,10115818243927.0,2475259981309360.0
2025-09-29,475.22,1.0,7.19,0.0154,472.11,476.57,471.8,80865676.0,7307121446109.0,2509568258454140.0
2025-09-30,474.03,2.0,-1.19,-0.0025,476.34,477.35,473.51,88320299.0,8442244681835.0,2503757845068355.0
2025-10-01,479.37,1.0,5.34,0.0113,477.16,479.81,476.49,89111956.0,8465683888338.0,2528144432814190.0
2025-10-02,493.41,1.0,14.04,0.0293,491.25,498.22,489.53,160777307.0,16146295332382.0,2601843071314530.0
2025-10-10,506.97,1.0,13.56,0.0275,504.2,508.52,500.49,168784344.0,16405367541664.0,2651382088461465.0
2025-10-13,501.87,2.0,-5.1,-0.0101,496.45,501.87,492.46,135812608.0,11888268683972.0,2632445573343325.0
2025-10-14,496.89,2.0,-4.98,-0.0098999999999999,505.46,511.59,493.06,161909306.0,14998001187994.0,2616222663926530.0
2025-10-15,510.55,1.0,13.66,0.0275,499.89,511.13,499.21,119826480.0,11188714177532.0,2687533871540250.0
2025-10-16,524.45,1.0,13.9,0.0272,513.17,524.45,513.08,146210354.0,14197197678240.0,2759099263975280.0
2025-10-17,525.48,1.0,1.03,0.002,522.18,532.28,520.58,151503580.0,14168888290044.0,2762638322680220.0
2025-10-20,535.28,1.0,9.8,0.0186,529.82,535.28,522.07,119835343.0,11406982981852.0,2812844418974130.0
2025-10-21,535.28,3.0,0.0,0.0,540.75,546.96,534.23,159419522.0,15000665760075.0,2820383216270955.0
2025-10-22,542.59,1.0,7.31,0.0137,534.98,542.59,529.59,118053302.0,12308199168827.0,2864384221138585.0
2025-10-23,536.37,2.0,-6.22,-0.0115,534.75,545.12,532.84,128016066.0,13177687089012.0,2834223056039820.0
2025-10-24,550.01,1.0,13.64,0.0254,543.65,551.51,542.68,157073626.0,14303911915979.0,2908552367324865.0
2025-10-27,565.69,1.0,15.68,0.0285,558.99,565.79,558.6,180341731.0,16024748268155.0,2986852970406830.0
2025-10-28,559.51,2.0,-6.18,-0.0109,560.19,561.5,554.75,162837281.0,16146872593589.0,2960116067658160.0
2025-10-29,571.51,1.0,12.0,0.0214,567.44,571.97,560.25,188761239.0,18255581122990.0,3015785023225435.0
2025-10-30,575.21,1.0,3.7,0.0065,574.75,582.25,571.79,204784275.0,20013832772372.0,3023391364305005.0
2025-10-31,579.46,1.0,4.25,0.0074,575.08,581.25,570.91,205200446.0,19827829103498.0,3038467148072140.0
2025-11-03,599.03,1.0,19.57,0.0338,580.81,599.05,580.73,164804792.0,18514513462551.0,3127617535422240.0
2025-11-04,581.94,2.0,-17.09,-0.0285,598.0,599.47,581.41,162337704.0,17469235742005.0,3049092382764695.0
2025-11-05,565.4,2.0,-16.54,-0.0283999999999999,571.41,571.41,543.86,236220266.0,23623169310295.0,2961627320405075.0
2025-11-06,568.38,1.0,2.98,0.0053,578.79,581.35,562.2,199430248.0,17919021972230.0,2978665666307945.0
2025-11-07,557.98,2.0,-10.4,-0.0183,558.74,570.79,548.34,176080679.0,15872341100494.0,2925605474049330.0
2025-11-10,575.31,1.0,17.33,0.0311,564.02,578.77,562.63,146296447.0,13888592027825.0,3013178902662520.0
2025-11-11,581.41,1.0,6.1,0.0106,583.58,594.12,575.15,169620003.0,16681192529015.0,3040140150153290.0
2025-11-12,586.73,1.0,5.32,0.0092,579.17,588.07,577.51,139842092.0,12788793795736.0,3070924102651150.0
2025-11-13,588.65,1.0,1.92,0.0033,583.38,591.98,582.82,161799993.0,15051365622415.0,3086936686952320.0
2025-11-14,563.43,2.0,-25.22,-0.0428,571.98,576.37,563.42,141863655.0,15120968365404.0,2965195657580740.0
2025-11-17,576.65,1.0,13.22,0.0235,574.43,576.85,569.9,107323301.0,11122428436424.0,3023994714589170.0
2025-11-18,556.45,2.0,-20.2,-0.035,569.37,573.9,556.15,122931445.0,11813020383596.0,2922393506357670.0
2025-11-19,552.66,2.0,-3.79,-0.0068,557.76,557.88,541.85,118248527.0,12058942242365.0,2902431953868030.0
2025-11-20,564.2,1.0,11.54,0.0209,569.22,573.29,563.7,111501238.0,12319688106214.0,2957968367777790.0
2025-11-21,540.36,2.0,-23.84,-0.0423,550.07,550.88,538.04,103450510.0,12068234410202.0,2842651634169810.0
2025-11-24,540.81,1.0,0.45,0.0008,550.52,551.9,539.52,162098091.0,18529068798858.0,2833713406297500.0
2025-11-25,544.62,1.0,3.81,0.0069999999999999,556.54,557.61,540.82,100256651.0,10925142416488.0,2853183543762990.0
2025-11-26,559.37,1.0,14.75,0.0271,549.12,559.48,545.08,116290895.0,13429889811869.0,2931990797143250.0
2025-11-27,563.36,1.0,3.99,0.0070999999999999,564.24,569.77,560.23,88209179.0,10826715877389.0,2943187118390590.0
2025-11-28,554.0,2.0,-9.36,-0.0166,564.36,564.36,553.48,91243333.0,9877928601900.0,2893090947866700.0
2025-12-01,553.96,2.0,-0.04,-0.0001,560.57,562.11,549.03,91555550.0,9270495113712.0,2889792254887010.0
2025-12-02,565.72,1.0,11.76,0.0212,556.85,566.03,556.02,120256512.0,10018869965678.0,2944680184579070.0
2025-12-03,570.79,1.0,5.07,0.009,567.89,573.84,564.19,110177043.0,11298810281757.0,2975316095670310.0
2025-12-04,569.75,2.0,-1.04,-0.0018,567.36,569.76,562.52,109687900.0,10695868421185.0,2969482745018210.0
2025-12-05,580.81,1.0,11.06,0.0194,568.41,580.81,565.48,126764237.0,12851299789834.0,3024063497138930.0
2025-12-08,589.17,1.0,8.36,0.0144,581.89,589.17,577.3,111139438.0,12237454646467.0,3067614145807820.0
2025-12-09,585.76,2.0,-3.41,-0.0058,585.3,588.43,582.63,98607760.0,10504255139757.0,3056839798205190.0
2025-12-10,585.52,2.0,-0.24,-0.0004,588.23,591.74,583.64,87321761.0,9841793552860.0,3051424126782140.0
2025-12-11,580.16,2.0,-5.36,-0.0092,589.39,591.32,579.83,154793989.0,15299316939237.0,3029737291884700.0
2025-12-12,587.93,1.0,7.77,0.0134,581.71,588.71,581.14,134283074.0,13318462341514.0,3101609734729490.0
2025-12-15,574.49,2.0,-13.44,-0.0229,570.01,579.52,569.39,124380104.0,12469513585877.0,3050747205377220.0
2025-12-16,561.52,2.0,-12.97,-0.0226,574.54,575.5,561.33,142672531.0,13799757001370.0,2980468687222580.0
2025-12-17,572.62,1.0,11.1,0.0197999999999999,564.59,573.54,561.4,124794483.0,10834007609334.0,3025847310992840.0
2025-12-18,565.65,2.0,-6.97,-0.0121999999999999,563.33,570.54,562.1,109568405.0,10948986783243.0,2978381228297330.0
2025-12-19,568.4,1.0,2.75,0.0049,575.27,575.27,566.19,152159436.0,13851009319485.0,2998095761094870.0
2025-12-22,582.73,1.0,14.33,0.0252,580.63,582.73,578.85,122019156.0,11119622785488.0,3064976517049570.0
2025-12-23,584.64,1.0,1.91,0.0033,585.43,588.56,583.55,135790531.0,11048668360396.0,3075083820166230.0
2025-12-24,584.21,2.0,-0.43,-0.0007,587.37,588.03,583.86,97836195.0,9287328154162.0,3068961572967850.0
2025-12-26,590.08,1.0,5.87,0.01,587.89,592.2,586.92,126876330.0,13552551666582.0,3086974464303250.0
2025-12-29,605.69,1.0,15.61,0.0265,594.65,605.69,594.44,111589666.0,12419080270819.0,3160794443209600.0
2025-12-30,605.98,1.0,0.29,0.0005,601.72,608.4,600.67,91734015.0,11239645896745.0,3156485240919530.0
2026-01-02,624.17,1.0,18.19,0.03,607.66,624.87,607.39,125317691.0,15243079454916.0,3233071155647160.0
2026-01-05,648.74,1.0,24.57,0.0394,638.01,648.74,636.46,166466217.0,20021350866832.0,3350065817905140.0
2026-01-06,659.45,1.0,10.71,0.0165,645.59,659.45,637.0,184052568.0,23057915059573.0,3403511422294120.0
2026-01-07,664.48,1.0,5.03,0.0076,667.22,674.86,653.93,194500412.0,26253870622965.0,3426387636567280.0
2026-01-08,664.18,2.0,-0.3,-0.0005,660.52,677.27,659.96,200276962.0,25019365784343.0,3430691708341520.0
2026-01-09,668.25,1.0,4.07,0.0060999999999999,659.63,670.32,654.79,177217065.0,21419135391493.0,3458394484605160.0
2026-01-12,672.86,1.0,4.61,0.0069,676.95,678.91,664.05,187626153.0,21076775823112.0,3487992293788020.0
2026-01-13,680.71,1.0,7.85,0.0116999999999999,678.34,681.24,673.13,192634332.0,23319625865213.0,3541798569295150.0
2026-01-14,685.76,1.0,5.05,0.0074,679.26,685.76,677.64,202978907.0,21549569346273.0,3563666105849870.0
2026-01-15,696.39,1.0,10.63,0.0155,682.52,696.39,681.68,197795126.0,21020524084611.0,3621724552486770.0
2026-01-16,704.64,1.0,8.25,0.0118,699.71,706.94,696.49,247059735.0,23418716639598.0,3656425585083070.0
2026-01-19,713.96,1.0,9.32,0.0132,702.23,716.58,702.02,195181678.0,22251880874279.0,3706560032149470.0
2026-01-20,708.48,2.0,-5.48,-0.0077,713.22,716.96,699.93,256927322.0,24008360824983.0,3689401098115590.0
2026-01-21,714.94,1.0,6.46,0.0091,696.91,715.63,696.83,213030289.0,26745359610799.0,3712133138924000.0
2026-01-22,722.3,1.0,7.36,0.0103,728.23,733.98,718.7,257999058.0,29369791998907.0,3743758747268490.0
2026-01-23,727.29,1.0,4.99,0.0069,726.8,732.53,717.12,257421629.0,27015976242052.0,3770645347509190.0
2026-01-26,720.04,2.0,-7.25,-0.01,728.49,732.66,719.04,177152042.0,20118663415744.0,3737317045120780.0
2026-01-27,745.13,1.0,25.09,0.0348,717.36,745.13,711.51,185794466.0,25241097685892.0,3844535683476940.0
2026-01-28,758.72,1.0,13.59,0.0182,753.98,761.58,749.77,218425712.0,27551032558277.0,3911830713512410.0
2026-01-29,765.59,1.0,6.87,0.0091,771.32,773.18,743.16,245523715.0,32129964831462.0,3949473903571760.0
2026-01-30,768.41,1.0,2.82,0.0037,763.87,784.61,763.46,222394688.0,31125518820218.0,3951727529255360.0
2026-02-02,725.46,2.0,-42.95,-0.0559,752.06,764.14,723.51,202974953.0,28441505557470.0,3738319059645200.0
2026-02-03,779.54,1.0,54.08,0.0745,751.94,779.54,750.05,217802851.0,26305700839607.0,3999690369466630.0
2026-02-04,790.38,1.0,10.84,0.0139,773.48,791.66,770.47,296603562.0,25900522064945.0,4062207556674130.0
2026-02-05,756.95,2.0,-33.43,-0.0423,769.61,778.62,753.8,281853662.0,27667904270676.0,3897279883502890.0
2026-02-06,748.1,2.0,-8.85,-0.0116999999999999,734.22,753.39,718.27,251862650.0,26332484233932.0,3841491151187440.0
2026-02-09,780.94,1.0,32.84,0.0438999999999999,782.04,784.97,775.96,218256161.0,23066277757790.0,4003517979691550.0
2026-02-10,780.76,2.0,-0.18,-0.0002,788.76,791.68,779.69,347476005.0,20208823296232.0,4004170023547980.0
2026-02-11,788.75,1.0,7.99,0.0102,778.25,792.23,772.41,251074933.0,21990019738668.0,4044758668924090.0
2026-02-12,816.28,1.0,27.53,0.0349,800.15,816.28,796.36,316178805.0,28470992278016.0,4175592947513020.0
2026-02-13,814.59,2.0,-1.69,-0.0021,815.97,827.14,811.16,333808929.0,25007077573611.0,4161419145907470.0
2026-02-19,840.24,1.0,25.65,0.0315,836.12,841.95,830.57,391887216.0,23817885884642.0,4291754315889120.0
2026-02-20,859.59,1.0,19.35,0.023,842.56,860.22,839.98,352723139.0,25929798657371.0,4392583157793550.0
2026-02-23,865.49,1.0,5.9,0.0069,874.93,879.85,856.9,356734213.0,25552347641052.0,4404444516154590.0
2026-02-24,886.88,1.0,21.39,0.0247,866.44,886.95,855.13,253471817.0,25230205842077.0,4501901930168480.0
2026-02-25,903.83,1.0,16.95,0.0191,895.38,913.67,888.96,348757578.0,29675266263227.0,4592814082551610.0
2026-02-26,944.02,1.0,40.19,0.0445,910.73,945.17,908.12,361834890.0,32435082847436.0,4771761603655300.0
2026-02-27,933.34,2.0,-10.68,-0.0113,924.59,951.62,918.77,366998200.0,48153289690520.0,4723683378216690.0
2026-03-03,859.4,2.0,-73.94,-0.0791999999999999,921.46,922.03,859.3,417162359.0,46225160333542.0,4372867287425920.0
2026-03-04,756.79,2.0,-102.61,-0.1193999999999999,827.46,845.52,751.45,443233929.0,55137639198110.0,3842186948595310.0
2026-03-05,831.22,1.0,74.43,0.0983,775.83,855.65,775.26,310627105.0,37905418042802.0,4215373838940290.0
2026-03-06,828.83,2.0,-2.39,-0.0029,815.04,833.08,797.9,230774973.0,26531982773315.0,4213208270266540.0
2026-03-09,775.31,2.0,-53.52,-0.0646,777.67,786.66,751.42,223897220.0,28637284546998.0,3956307349756840.0
2026-03-10,823.02,1.0,47.71,0.0615,820.11,833.94,806.41,192466941.0,24422233390272.0,4175129080474670.0
2026-03-11,834.05,1.0,11.03,0.0134,842.21,854.96,825.81,216377577.0,22517686066732.0,4233679438518760.0
2026-03-12,827.51,2.0,-6.54,-0.0078,826.36,836.64,819.77,187421991.0,19213651317744.0,4209129606027760.0
2026-03-13,812.93,2.0,-14.58,-0.0176,800.34,821.54,797.11,238039544.0,19670294328079.0,4132893942760280.0
2026-03-16,826.83,1.0,13.9,0.0171,817.51,828.38,809.06,160558981.0,17478309633247.0,4184067396982220.0
2026-03-17,840.89,1.0,14.06,0.017,853.4,854.39,839.5,144432939.0,16775088288434.0,4253665459058640.0
2026-03-18,888.57,1.0,47.68,0.0567,861.48,890.41,860.77,300673278.0,21885355656970.0,4476653016228640.0
2026-03-19,862.37,2.0,-26.2,-0.0295,861.23,878.88,857.73,204279795.0,17564117018149.0,4347848556380930.0
2026-03-20,862.5,1.0,0.13,0.0002,869.58,871.86,859.83,321284413.0,26660699869321.0,4355916066406090.0
2026-03-23,804.86,2.0,-57.64,-0.0668,829.96,829.96,803.42,211021214.0,21666351510661.0,4066550360241380.0
2026-03-24,827.64,1.0,22.78,0.0283,841.92,842.94,803.08,203646865.0,20231219170529.0,4182509833903380.0
2026-03-25,838.7,1.0,11.06,0.0134,847.46,857.63,837.43,180789995.0,20483026765313.0,4246614722561780.0
2026-03-26,808.89,2.0,-29.81,-0.0355,829.6,830.62,807.13,169415221.0,20953406498363.0,4105820451591690.0
2026-03-27,805.19,2.0,-3.7,-0.0046,783.41,809.78,772.21,198591710.0,20585078258520.0,4088539204953030.0
2026-03-30,780.32,2.0,-24.87,-0.0308999999999999,765.53,783.3,761.08,151376066.0,17188474509842.0,3965382140414780.0
2026-03-31,744.57,2.0,-35.75,-0.0458,757.62,772.81,743.29,186407439.0,24590023226455.0,3790439772506400.0
2026-04-01,813.84,1.0,69.27,0.093,789.35,819.67,780.98,235241996.0,24926793887941.0,4119830823662560.0
2026-04-02,774.63,2.0,-39.21,-0.0482,825.52,829.81,764.34,234908568.0,27444613015265.0,3932807059276870.0
2026-04-03,798.32,1.0,23.69,0.0306,797.34,804.95,788.39,176553913.0,16773601085876.0,4042036651569910.0
2026-04-06,811.84,1.0,13.52,0.0169,806.59,820.23,804.43,163954959.0,17176800502488.0,4101179791429220.0
2026-04-07,821.1,1.0,9.26,0.0113999999999999,829.9,836.08,809.26,179839003.0,19811242444556.0,4138870705648710.0
2026-04-08,882.81,1.0,61.71,0.0751999999999999,872.13,892.17,866.77,296823827.0,31729374139866.0,4431486253570390.0
2026-04-09,865.75,2.0,-17.06,-0.0192999999999999,874.49,879.98,862.13,290096697.0,28953467312066.0,4357528351559870.0
2026-04-10,878.78,1.0,13.03,0.0151,882.3,890.08,877.3,207879498.0,19044523845212.0,4416219262859530.0
2026-04-13,870.78,2.0,-8.0,-0.0091,857.95,874.35,857.01,146468373.0,16804901194459.0,4374089461112170.0
2026-04-14,897.0,1.0,26.22,0.0301,895.98,907.4,891.74,187156017.0,22483652925376.0,4482087774666470.0
2026-04-15,916.6,1.0,19.6,0.0219,926.1,933.04,912.4,293897533.0,26959810674629.0,4578042983578520.0
2026-04-16,937.87,1.0,21.27,0.0232,925.05,938.87,920.93,217984024.0,21865215228047.0,4681502264341120.0
2026-04-17,931.41,2.0,-6.46,-0.0069,938.0,938.98,926.77,214563032.0,20354894960365.0,4651918349764360.0
2026-04-20,935.75,1.0,4.34,0.0046999999999999,935.02,945.91,929.08,152808885.0,19541272634151.0,4672687678412630.0
2026-04-21,962.26,1.0,26.51,0.0283,949.37,962.47,949.24,284427826.0,26653845653045.0,4805036444854140.0
2026-04-22,964.52,1.0,2.26,0.0023,961.97,966.08,949.42,198271372.0,25129964644147.0,4823751191771280.0
2026-04-23,975.62,1.0,11.1,0.0115,975.5,989.88,948.19,279701543.0,34212903489116.0,4867185599004390.0
2026-04-24,971.87,2.0,-3.75,-0.0038,978.27,981.72,960.09,193453256.0,24573922402194.0,4860440470449440.0
2026-04-27,995.33,1.0,23.46,0.0241,980.35,1002.78,980.02,192696465.0,27510002656006.0,4966912618550130.0
2026-04-28,999.03,1.0,3.7,0.0037,1000.71,1011.6,995.35,287847670.0,30621222518824.0,4986884884480850.0
2026-04-29,1006.59,1.0,7.56,0.0076,994.38,1009.87,991.46,190009715.0,25079365858263.0,5023611479136780.0
2026-04-30,992.15,2.0,-14.44,-0.0143,1015.18,1017.96,991.91,215968213.0,29284456311948.0,4953741175603240.0
2026-05-04,1049.66,1.0,57.51,0.0579999999999999,1022.41,1049.87,1014.85,344438210.0,36528804116448.0,5218647548852110.0
2026-05-06,1129.63,1.0,79.97,0.0762,1076.73,1137.23,1076.73,431710932.0,51594063535055.0,5572248259150870.0
2026-05-07,1149.86,1.0,20.23,0.0179,1150.18,1156.72,1110.37,304458897.0,44563640888172.0,5658520854488980.0
2026-05-08,1151.17,1.0,1.31,0.0011,1124.95,1153.8,1120.24,223186308.0,35990654522623.0,5663003948255730.0
2026-05-11,1211.44,1.0,60.27,0.0524,1201.01,1226.18,1192.24,354182033.0,46531273557670.0,5923698550495280.0
2026-05-12,1183.41,2.0,-28.03,-0.0231,1233.82,1241.39,1148.24,337339887.0,59253062022246.0,5786231657472400.0
2026-05-13,1220.17,1.0,36.76,0.0311,1158.87,1222.53,1143.13,247076417.0,44647792328798.0,5946245819236475.0
2026-05-14,1243.17,1.0,23.0,0.0187999999999999,1223.66,1246.61,1220.36,312884395.0,45677077486707.0,6052837515951540.0
2026-05-15,1162.39,2.0,-80.78,-0.065,1236.66,1253.67,1143.19,360427453.0,52546997214769.0,5674783477197500.0
2026-05-18,1171.3,1.0,8.91,0.0077,1154.84,1193.32,1109.59,223882429.0,39450394915615.0,5696471198947860.0
2026-05-19,1132.42,2.0,-38.88,-0.0332,1154.09,1159.13,1110.81,213165540.0,34101830563105.0,5507743444556840.0
2026-05-20,1125.51,2.0,-6.91,-0.0060999999999999,1141.57,1142.24,1097.82,198631433.0,36425497296519.0,5465586624879105.0
2026-05-21,1225.22,1.0,99.71,0.0886,1171.1,1226.59,1170.63,216590243.0,38445828804360.0,5937371868698570.0
2026-05-22,1226.03,1.0,0.81,0.0007,1232.73,1235.4,1214.77,165631621.0,27518898489997.0,5954935142996345.0
2026-05-26,1260.53,1.0,34.5,0.0281,1262.2,1274.96,1252.13,197797644.0,35947633753180.0,6112226645622795.0
2026-05-27,1298.86,1.0,38.33,0.0304,1296.31,1340.85,1291.71,282705950.0,51209811832782.0,6266026167668990.0
2026-05-28,1292.57,2.0,-6.29,-0.0048,1287.18,1305.67,1235.32,235136914.0,47404077506833.0,6235499345743540.0
2026-05-29,1342.82,1.0,50.25,0.0389,1327.15,1343.14,1310.59,436024295.0,73843012312962.0,6470569557899800.0
2026-06-01,1399.91,1.0,57.09,0.0425,1344.09,1412.58,1343.96,339002049.0,66732983997101.0,6722637739839555.0
2026-06-02,1407.23,1.0,7.32,0.0052,1419.07,1430.49,1353.19,318628838.0,63504232543623.0,6738076361591060.0
2026-06-04,1379.56,2.0,-27.67,-0.0197,1374.74,1402.04,1367.15,192907932.0,43162683062044.0,6605692278144540.0
2026-06-05,1297.02,2.0,-82.54,-0.0598,1323.25,1338.13,1278.65,199470293.0,44729607853977.0,6231443094675910.0
2026-06-08,1186.54,2.0,-110.48,-0.0852,1282.81,1282.81,1177.72,201013671.0,44632844274615.0,5710100994942150.0
2026-06-09,1293.4,1.0,106.86,0.0901,1221.75,1297.79,1206.94,205353052.0,42770727099543.0,6183172115667445.0
2026-06-10,1227.12,2.0,-66.28,-0.0512,1258.44,1274.61,1197.04,198333092.0,36129215184697.0,5893939232439095.0
2026-06-11,1231.54,1.0,4.42,0.0036,1190.75,1243.45,1171.45,215946096.0,42247085680937.0,5915679753825930.0
2026-06-12,1291.32,1.0,59.78,0.0484999999999999,1317.78,1345.97,1285.48,249425155.0,47785005687508.0,6208161445625240.0
2026-06-15,1360.26,1.0,68.94,0.0533999999999999,1360.33,1370.94,1346.15,277680010.0,36372209898890.0,6537580402245060.0
2026-06-16,1391.74,1.0,31.48,0.0231,1386.42,1396.59,1357.84,256282437.0,35447978789660.0,6678398617235880.0
2026-06-17,1416.97,1.0,25.23,0.0181,1372.13,1418.39,1370.26,205527214.0,31473372598994.0,6786943470910220.0
2026-06-18,1459.23,1.0,42.26,0.0298,1420.99,1466.74,1420.95,179829938.0,45319524633098.0,6952087394864900.0
2026-06-19,1459.48,1.0,0.25,0.0002,1499.31,1518.11,1423.84,228408636.0,62431942655298.0,6950391167358345.0
2026-06-22,1477.22,1.0,17.74,0.0121999999999999,1442.16,1500.12,1434.1,143407365.0,38605825752313.0,7005702086164200.0
2026-06-23,1321.7,2.0,-155.52,-0.1052999999999999,1470.75,1487.31,1320.8,196780379.0,57390835164322.0,6294825155063615.0
2026-06-24,1369.62,1.0,47.92,0.0363,1348.99,1389.53,1300.92,181819846.0,52454909998781.0,6506513164776290.0
2026-06-25,1454.15,1.0,84.53,0.0617,1408.25,1473.83,1405.73,159439291.0,47452446260448.0,6872410340696050.0
2026-06-26,1366.49,2.0,-87.66,-0.0603,1433.15,1441.9,1318.56,202731327.0,50219855541278.0,6466578455604610.0
2026-06-29,1352.54,2.0,-13.95,-0.0102,1352.07,1377.12,1311.25,169408387.0,39787382826301.0,6442581959468920.0
2026-06-30,1370.73,1.0,18.19,0.0134,1356.86,1404.1,1325.41,141472156.0,38507186693376.0,6507869449343610.0
2026-07-01,1335.36,2.0,-35.37,-0.0258,1388.86,1396.54,1309.84,164166644.0,35587386172070.0,6362998507314190.0
2026-07-02,1219.62,2.0,-115.74,-0.0867,1269.77,1304.45,1213.66,181256477.0,45474375572590.0,5850546912315975.0
2026-07-03,1299.3,1.0,79.68,0.0653,1235.2,1308.19,1176.04,156731144.0,42052329298368.0,6198897241765130.0
2026-07-06,1293.13,2.0,-6.17,-0.0046999999999999,1316.14,1341.16,1253.99,129343687.0,29037487735082.0,6169791649275900.0
2026-07-07,1225.57,2.0,-67.56,-0.0521999999999999,1271.07,1278.15,1180.72,184615622.0,37564302127387.0,5860148496868680.0
2026-07-08,1158.37,2.0,-67.2,-0.0548,1190.6,1251.83,1149.71,187206974.0,39819687194603.0,5542952041616480.0
2026-07-09,1169.73,1.0,11.36,0.0098,1202.01,1212.49,1130.56,186288502.0,36417485556412.0,5580881887514820.0
2026-07-10,1196.69,1.0,26.96,0.023,1214.66,1236.84,1188.54,163950850.0,28344793507965.0,5717983684122520.0
2026-07-13,1078.78,2.0,-117.91,-0.0984999999999999,1185.03,1204.96,1074.29,162891530.0,36922159140884.0,5192829966477310.0
2026-07-14,1092.23,1.0,13.45,0.0125,1073.0,1112.5,1020.62,176656178.0,43128387693910.0,5236435154190340.0
2026-07-15,1163.9,1.0,71.67,0.0655999999999999,1129.73,1189.29,1129.41,139775971.0,31369125708233.0,5569304263348940.0
2026-07-16,1080.36,2.0,-83.54,-0.0718,1106.26,1111.32,1067.14,127385424.0,26930325368910.0,5204404364584180.0
2026-07-20,1032.52,2.0,-47.84,-0.0443,1051.25,1083.43,1024.77,126166966.0,26951755961111.0,4970734701480240.0
2026-07-21,1073.39,1.0,40.87,0.0395999999999999,1038.95,1089.08,1018.67,110783808.0,22256456126170.0,5153305844220400.0
2026-07-22,1080.22,1.0,6.83,0.0064,1125.36,1143.93,1079.09,122865833.0,25115110146696.0,5191399669690470.0
2026-07-23,1126.33,1.0,46.11,0.0426999999999999,1109.11,1129.67,1093.73,132823879.0,22647567150863.0,5418663458590300.0
2026-07-24,1055.58,2.0,-70.75,-0.0628,1110.62,1110.62,1048.54,135452533.0,26160909027540.0,5101630320720180.0
2026-07-27,1069.22,1.0,13.64,0.0129,1076.67,1077.01,1034.06,112392171.0,21941493387743.0,5155876288771060.0
2026-07-28,945.69,2.0,-123.53,-0.1155,1008.69,1011.79,941.08,153834993.0,33354727819582.0,4587723510017620.0
2026-07-29,887.2,2.0,-58.49,-0.0617999999999999,957.46,982.09,818.98,239271108.0,45897680204164.0,4337325039208470.0
2026-07-30,872.49,2.0,-14.71,-0.0166,891.08,938.15,863.04,200702659.0,35877602072410.0,4280685292430780.0
2026-07-31,1046.81,1.0,174.32,0.1998,880.79,1053.39,877.06,244557434.0,45801046217042.0,5068154863316990.0
2026-08-03,986.72,2.0,-60.09,-0.0574,1005.4,1013.07,981.48,138687902.0,24324294423615.0,4798681943480750.0
2026-08-04,1000.03,1.0,13.31,0.0135,1002.75,1009.09,953.87,148973655.0,25556227108753.0,4872836862973840.0
2026-08-05,1038.59,1.0,38.56,0.0385999999999999,1042.4,1053.19,1029.11,148096214.0,22675616046286.0,5057943610985410.0
2026-08-06,982.92,2.0,-55.67,-0.0536,1016.93,1028.69,975.74,149107899.0,24344161335923.0,4817213252316560.0
2026-08-07,974.73,2.0,-8.19,-0.0083,994.75,1004.61,960.79,145454232.0,22561039336468.0,4786487163578110.0
2026-08-10,977.84,1.0,3.11,0.0032,982.71,998.62,967.33,114941660.0,16929827467493.0,4814065809046980.0
2026-08-11,987.4,1.0,9.56,0.0098,967.57,998.29,962.94,129551637.0,19291562868773.0,4850838947189170.0
2026-08-12,1029.43,1.0,42.03,0.0426,1002.58,1045.31,998.71,133843368.0,23939240085001.0,5035546863874770.0
2026-08-13,1071.24,1.0,41.81,0.0406,1063.04,1084.0,1060.23,203460572.0,30501328181783.0,5222192522980330.0
2026-08-14,1098.18,1.0,26.94,0.0250999999999999,1103.18,1105.09,1077.08,144889899.0,24300838564350.0,5349811912399910.0
2026-08-18,1082.0,2.0,-16.18,-0.0147,1125.72,1142.97,1068.52,157016249.0,26931638093967.0,5267627761227250.0
2026-08-19,1012.61,2.0,-69.39,-0.0641,1023.7,1037.25,1003.46,113607416.0,20729498337189.0,4952524028430130.0
2026-08-20,1080.98,1.0,68.37,0.0675,1049.11,1089.92,1033.72,118023822.0,25309294854068.0,5254548282075650.0
2026-08-21,1096.25,1.0,15.27,0.0141,1066.22,1103.8,1063.52,124576013.0,24353087983152.0,5308304168709510.0
2026-08-24,1054.01,2.0,-42.24,-0.0385,1089.64,1090.67,1048.08,124432329.0,23533503467108.0,5132849720745730.0
2026-08-25,1060.68,1.0,6.67,0.0063,1025.65,1061.9,1005.77,118146998.0,20965862202364.0,5165636913666720.0
2026-08-26,1071.16,1.0,10.48,0.0098999999999999,1058.12,1085.96,1053.23,150265894.0,20063043175848.0,5215680318537000.0
2026-08-27,1088.61,1.0,17.45,0.0163,1103.76,1104.63,1076.99,136292819.0,20472216342590.0,5297528940391870.0
2026-08-28,1065.7,2.0,-22.91,-0.021,1077.74,1088.07,1064.78,113688101.0,18741203691094.0,5197621701752150.0
2026-08-31,1071.85,1.0,6.15,0.0058,1036.58,1071.88,1025.92,178613434.0,24740807387659.0,5222830821332750.0
2026-09-01,1075.3,1.0,3.45,0.0032,1065.37,1079.91,1056.64,110574093.0,17095170665323.0,5235360359917700.0
2026-09-02,1031.53,2.0,-43.77,-0.0407,1040.43,1053.2,1030.77,104459032.0,16211846978133.0,5022342909890450.0
2026-09-03,1032.82,1.0,1.29,0.0013,1046.17,1050.77,1009.7,220979435.0,19919400593209.0,5035763430755170.0
2026-09-04,1051.52,1.0,18.7,0.0181,1045.4,1062.76,1041.46,103783820.0,15818086183462.0,5119965428210210.0
2026-09-07,1105.19,1.0,53.67,0.051,1090.72,1105.19,1083.21,110232907.0,19392673296674.0,5363808186082380.0
2026-09-08,1100.08,2.0,-5.11,-0.0046,1113.02,1137.39,1099.15,142739275.0,23549715484284.0,5333200387521620.0
2026-09-09,1114.61,1.0,14.53,0.0132,1102.39,1127.02,1101.86,138213536.0,20001150672756.0,5407450637685800.0
2026-09-10,1112.13,2.0,-2.48,-0.0022,1113.43,1119.68,1089.8,156725964.0,26188460773750.0,5393590385316540.0
2026-09-11,1090.22,2.0,-21.91,-0.0197,1073.46,1096.81,1073.43,104449199.0,16777340961533.0,5294444239842380.0
2026-09-14,1050.83,2.0,-39.39,-0.0361,1052.91,1066.64,1046.27,116018349.0,19117144203757.0,5115586974217330.0
2026-09-15,1042.46,2.0,-8.37,-0.008,1047.75,1057.71,1034.63,100828211.0,14511114381820.0,5071414201184530.0
2026-09-16,1060.05,1.0,17.59,0.0169,1039.81,1060.05,1037.9,86430665.0,14497050108345.0,5143808280356110.0
2026-09-17,1059.45,2.0,-0.6,-0.0006,1070.27,1074.76,1057.15,45783173.0,6896194113479.0,5149687439587650.0
